[2026-05-09T08:12:36] === Composer daily allocation pull ===
[2026-05-09T08:12:36] No account_uuid in config; discovering via /accounts...
[2026-05-09T08:12:36] Network error on GET /api/v1/portfolio/accounts: <urlopen error Tunnel connection failed: 403 Forbidden>
[2026-05-09T08:12:36] FATAL: URLError: <urlopen error Tunnel connection failed: 403 Forbidden>
[2026-05-09T08:13:07] === Composer daily allocation pull ===
[2026-05-09T08:13:07] No account_uuid in config; discovering via /accounts...
[2026-05-09T08:13:07] Network error on GET /api/v1/portfolio/accounts: <urlopen error Tunnel connection failed: 403 Forbidden>
[2026-05-09T08:13:07] FATAL: URLError: <urlopen error Tunnel connection failed: 403 Forbidden>
[2026-05-09T08:24:14] === Composer daily allocation pull ===
[2026-05-09T08:24:14] No account_uuid in config; discovering via /accounts...
[2026-05-09T08:24:15] HTTP 404 on GET /api/v1/portfolio/accounts: {"errors":[{"status":404,"code":"not-found","title":"404 - Route not found"}]}
[2026-05-09T08:24:15] FATAL: HTTPError: HTTP Error 404: Not Found
[2026-05-09T08:29:25] === Composer daily allocation pull ===
[2026-05-09T08:29:25] No account_uuid in config; discovering via /accounts...
[2026-05-09T08:29:26] HTTP 404 on GET /api/v1/portfolio/accounts: {"errors":[{"status":404,"code":"not-found","title":"404 - Route not found"}]}
[2026-05-09T08:29:26] FATAL: HTTPError: HTTP Error 404: Not Found
[2026-05-09T08:32:45] === Composer daily allocation pull ===
[2026-05-09T08:32:45] No account_uuid in config; discovering via /accounts/list...
[2026-05-09T08:32:46] Using first account: b0d61a36-f329-4226-9d82-4494deaee5f5
[2026-05-09T08:32:46] (Tip: copy this account_uuid into composer_config.json to skip the lookup next run.)
[2026-05-09T08:32:46] Fetching Symphony yrsRTIwEWPQpoZOWArGm on account b0d61a36-f329-4226-9d82-4494deaee5f5
[2026-05-09T08:32:46] GET /api/v0.1/accounts/b0d61a36-f329-4226-9d82-4494deaee5f5/holdings?symphony_id=yrsRTIwEWPQpoZOWArGm
[2026-05-09T08:32:47] HTTP 400 on GET /api/v0.1/accounts/b0d61a36-f329-4226-9d82-4494deaee5f5/holdings?symphony_id=yrsRTIwEWPQpoZOWArGm: {"value":{"symphony_id":"yrsRTIwEWPQpoZOWArGm"},"type":"reitit.coercion/request-coercion","coercion":"malli","in":["request","query-params"],"humanized":{"symphony_id":["disallowed key"]}}
[2026-05-09T08:32:47] GET /api/v0.1/accounts/b0d61a36-f329-4226-9d82-4494deaee5f5/holdings
[2026-05-09T08:32:48] GET /api/v0.1/accounts/b0d61a36-f329-4226-9d82-4494deaee5f5/symphonies/yrsRTIwEWPQpoZOWArGm/holdings
[2026-05-09T08:32:49] HTTP 404 on GET /api/v0.1/accounts/b0d61a36-f329-4226-9d82-4494deaee5f5/symphonies/yrsRTIwEWPQpoZOWArGm/holdings: {"error": "Not Found", "status": 404}
[2026-05-09T08:32:49] GET /api/v0.1/accounts/b0d61a36-f329-4226-9d82-4494deaee5f5/symphonies/yrsRTIwEWPQpoZOWArGm
[2026-05-09T08:32:50] HTTP 404 on GET /api/v0.1/accounts/b0d61a36-f329-4226-9d82-4494deaee5f5/symphonies/yrsRTIwEWPQpoZOWArGm: {"error": "Not Found", "status": 404}
[2026-05-09T08:32:50] GET /api/v0.1/portfolio/b0d61a36-f329-4226-9d82-4494deaee5f5/holdings
[2026-05-09T08:32:51] HTTP 404 on GET /api/v0.1/portfolio/b0d61a36-f329-4226-9d82-4494deaee5f5/holdings: {"error": "Not Found", "status": 404}
[2026-05-09T08:32:51] GET /api/v0.1/symphonies/yrsRTIwEWPQpoZOWArGm
[2026-05-09T08:32:52] HTTP 403 on GET /api/v0.1/symphonies/yrsRTIwEWPQpoZOWArGm: <html>
<head><title>403 Forbidden</title></head>
<body>
<center><h1>403 Forbidden</h1></center>
<hr><center>nginx/1.28.1</center>
</body>
</html>

[2026-05-09T08:32:52] FATAL: HTTPError: HTTP Error 403: Forbidden
[2026-05-09T08:39:32] === Composer daily allocation pull ===
[2026-05-09T08:39:32] No account_uuid in config; discovering via /accounts/list...
[2026-05-09T08:39:33] Using first account: b0d61a36-f329-4226-9d82-4494deaee5f5
[2026-05-09T08:39:33] (Tip: copy this account_uuid into composer_config.json to skip the lookup next run.)
[2026-05-09T08:39:33] Fetching Symphony yrsRTIwEWPQpoZOWArGm on account b0d61a36-f329-4226-9d82-4494deaee5f5
[2026-05-09T08:39:33] GET /api/v0.1/accounts/b0d61a36-f329-4226-9d82-4494deaee5f5/holdings
[2026-05-09T08:39:34] Saved raw response to composer_raw_2026-05-09.json
[2026-05-09T08:39:34] Parsed 19 positions
[2026-05-09T08:39:34] Appended 19 rows to composer_allocations.csv
[2026-05-09T08:39:34] === Done ===
[2026-05-09T08:50:40] === Composer daily allocation pull ===
[2026-05-09T08:50:40] No account_uuid in config; discovering via /accounts/list...
[2026-05-09T08:50:41] Using first account: b0d61a36-f329-4226-9d82-4494deaee5f5
[2026-05-09T08:50:41] (Tip: copy this account_uuid into composer_config.json to skip the lookup next run.)
[2026-05-09T08:50:41] Trying aggregate-symphony-stats endpoint for per-symphony breakdown...
[2026-05-09T08:50:41] GET /api/v0.1/accounts/b0d61a36-f329-4226-9d82-4494deaee5f5/aggregate-symphony-stats
[2026-05-09T08:50:41] HTTP 404 on GET /api/v0.1/accounts/b0d61a36-f329-4226-9d82-4494deaee5f5/aggregate-symphony-stats: {"error": "Not Found", "status": 404}
[2026-05-09T08:50:41] GET /api/v0.1/accounts/b0d61a36-f329-4226-9d82-4494deaee5f5/aggregate_symphony_stats
[2026-05-09T08:50:42] HTTP 404 on GET /api/v0.1/accounts/b0d61a36-f329-4226-9d82-4494deaee5f5/aggregate_symphony_stats: {"error": "Not Found", "status": 404}
[2026-05-09T08:50:42] GET /api/v0.1/accounts/b0d61a36-f329-4226-9d82-4494deaee5f5/symphony-stats
[2026-05-09T08:50:43] HTTP 404 on GET /api/v0.1/accounts/b0d61a36-f329-4226-9d82-4494deaee5f5/symphony-stats: {"error": "Not Found", "status": 404}
[2026-05-09T08:50:43] GET /api/v0.1/accounts/b0d61a36-f329-4226-9d82-4494deaee5f5/symphony_stats
[2026-05-09T08:50:44] HTTP 404 on GET /api/v0.1/accounts/b0d61a36-f329-4226-9d82-4494deaee5f5/symphony_stats: {"error": "Not Found", "status": 404}
[2026-05-09T08:50:44] GET /api/v0.1/accounts/b0d61a36-f329-4226-9d82-4494deaee5f5/symphonies/stats
[2026-05-09T08:50:45] HTTP 404 on GET /api/v0.1/accounts/b0d61a36-f329-4226-9d82-4494deaee5f5/symphonies/stats: {"error": "Not Found", "status": 404}
[2026-05-09T08:50:45] Falling back to /holdings (whole-account snapshot, ticker + quantity only)
[2026-05-09T08:50:45] GET /api/v0.1/accounts/b0d61a36-f329-4226-9d82-4494deaee5f5/holdings
[2026-05-09T08:50:46] Saved /holdings response to composer_raw_2026-05-09.json
[2026-05-09T08:50:46] Got 19 positions from account-holdings (weight % and market value will be blank; account-wide, not symphony-specific)
[2026-05-09T08:50:46] FATAL: PermissionError: [Errno 13] Permission denied: 'C:\\Kei\\ComposerInvest\\composer_allocations.csv'
[2026-05-09T08:52:28] === Composer daily allocation pull ===
[2026-05-09T08:52:28] No account_uuid in config; discovering via /accounts/list...
[2026-05-09T08:52:29] Using first account: b0d61a36-f329-4226-9d82-4494deaee5f5
[2026-05-09T08:52:29] (Tip: copy this account_uuid into composer_config.json to skip the lookup next run.)
[2026-05-09T08:52:29] Trying aggregate-symphony-stats endpoint for per-symphony breakdown...
[2026-05-09T08:52:29] GET /api/v0.1/accounts/b0d61a36-f329-4226-9d82-4494deaee5f5/aggregate-symphony-stats
[2026-05-09T08:52:30] HTTP 404 on GET /api/v0.1/accounts/b0d61a36-f329-4226-9d82-4494deaee5f5/aggregate-symphony-stats: {"error": "Not Found", "status": 404}
[2026-05-09T08:52:30] GET /api/v0.1/accounts/b0d61a36-f329-4226-9d82-4494deaee5f5/aggregate_symphony_stats
[2026-05-09T08:52:31] HTTP 404 on GET /api/v0.1/accounts/b0d61a36-f329-4226-9d82-4494deaee5f5/aggregate_symphony_stats: {"error": "Not Found", "status": 404}
[2026-05-09T08:52:31] GET /api/v0.1/accounts/b0d61a36-f329-4226-9d82-4494deaee5f5/symphony-stats
[2026-05-09T08:52:32] HTTP 404 on GET /api/v0.1/accounts/b0d61a36-f329-4226-9d82-4494deaee5f5/symphony-stats: {"error": "Not Found", "status": 404}
[2026-05-09T08:52:32] GET /api/v0.1/accounts/b0d61a36-f329-4226-9d82-4494deaee5f5/symphony_stats
[2026-05-09T08:52:33] HTTP 404 on GET /api/v0.1/accounts/b0d61a36-f329-4226-9d82-4494deaee5f5/symphony_stats: {"error": "Not Found", "status": 404}
[2026-05-09T08:52:33] GET /api/v0.1/accounts/b0d61a36-f329-4226-9d82-4494deaee5f5/symphonies/stats
[2026-05-09T08:52:34] HTTP 404 on GET /api/v0.1/accounts/b0d61a36-f329-4226-9d82-4494deaee5f5/symphonies/stats: {"error": "Not Found", "status": 404}
[2026-05-09T08:52:34] Falling back to /holdings (whole-account snapshot, ticker + quantity only)
[2026-05-09T08:52:34] GET /api/v0.1/accounts/b0d61a36-f329-4226-9d82-4494deaee5f5/holdings
[2026-05-09T08:52:35] Saved /holdings response to composer_raw_2026-05-09.json
[2026-05-09T08:52:35] Got 19 positions from account-holdings (weight % and market value will be blank; account-wide, not symphony-specific)
[2026-05-09T08:52:35] FATAL: PermissionError: [Errno 13] Permission denied: 'C:\\Kei\\ComposerInvest\\composer_allocations.csv'
[2026-05-09T08:56:35] === Composer daily allocation pull ===
[2026-05-09T08:56:35] No account_uuid in config; discovering via /accounts/list...
[2026-05-09T08:56:36] Using first account: b0d61a36-f329-4226-9d82-4494deaee5f5
[2026-05-09T08:56:36] (Tip: copy this account_uuid into composer_config.json to skip the lookup next run.)
[2026-05-09T08:56:36] Trying aggregate-symphony-stats endpoint for per-symphony breakdown...
[2026-05-09T08:56:36] GET /api/v0.1/accounts/b0d61a36-f329-4226-9d82-4494deaee5f5/aggregate-symphony-stats
[2026-05-09T08:56:37] HTTP 404 on GET /api/v0.1/accounts/b0d61a36-f329-4226-9d82-4494deaee5f5/aggregate-symphony-stats: {"error": "Not Found", "status": 404}
[2026-05-09T08:56:37] GET /api/v0.1/accounts/b0d61a36-f329-4226-9d82-4494deaee5f5/aggregate_symphony_stats
[2026-05-09T08:56:38] HTTP 404 on GET /api/v0.1/accounts/b0d61a36-f329-4226-9d82-4494deaee5f5/aggregate_symphony_stats: {"error": "Not Found", "status": 404}
[2026-05-09T08:56:38] GET /api/v0.1/accounts/b0d61a36-f329-4226-9d82-4494deaee5f5/symphony-stats
[2026-05-09T08:56:39] HTTP 404 on GET /api/v0.1/accounts/b0d61a36-f329-4226-9d82-4494deaee5f5/symphony-stats: {"error": "Not Found", "status": 404}
[2026-05-09T08:56:39] GET /api/v0.1/accounts/b0d61a36-f329-4226-9d82-4494deaee5f5/symphony_stats
[2026-05-09T08:56:39] HTTP 404 on GET /api/v0.1/accounts/b0d61a36-f329-4226-9d82-4494deaee5f5/symphony_stats: {"error": "Not Found", "status": 404}
[2026-05-09T08:56:39] GET /api/v0.1/accounts/b0d61a36-f329-4226-9d82-4494deaee5f5/symphonies/stats
[2026-05-09T08:56:40] HTTP 404 on GET /api/v0.1/accounts/b0d61a36-f329-4226-9d82-4494deaee5f5/symphonies/stats: {"error": "Not Found", "status": 404}
[2026-05-09T08:56:40] Falling back to /holdings (whole-account snapshot, ticker + quantity)
[2026-05-09T08:56:40] GET /api/v0.1/accounts/b0d61a36-f329-4226-9d82-4494deaee5f5/holdings
[2026-05-09T08:56:41] Saved /holdings response to composer_raw_2026-05-09.json
[2026-05-09T08:56:41] Got 19 positions from /holdings
[2026-05-09T08:56:41] Fetching prices for 19 tickers from Yahoo Finance...
[2026-05-09T08:56:57] Total computed market value: $52,430.19
[2026-05-09T08:56:57] Appended 19 rows to composer_allocations.csv (source=account-holdings+yahoo-prices)
[2026-05-09T08:56:57] === Done ===
[2026-05-09T09:15:40] === Composer daily allocation pull ===
[2026-05-09T09:15:40] No account_uuid in config; discovering via /accounts/list...
[2026-05-09T09:15:41] Using first account: b0d61a36-f329-4226-9d82-4494deaee5f5
[2026-05-09T09:15:41] (Tip: copy this account_uuid into composer_config.json to skip the lookup next run.)
[2026-05-09T09:15:41] Trying aggregate-symphony-stats endpoint for per-symphony breakdown...
[2026-05-09T09:15:41] GET /api/v0.1/accounts/b0d61a36-f329-4226-9d82-4494deaee5f5/aggregate-symphony-stats
[2026-05-09T09:15:42] HTTP 404 on GET /api/v0.1/accounts/b0d61a36-f329-4226-9d82-4494deaee5f5/aggregate-symphony-stats: {"error": "Not Found", "status": 404}
[2026-05-09T09:15:42] GET /api/v0.1/accounts/b0d61a36-f329-4226-9d82-4494deaee5f5/aggregate_symphony_stats
[2026-05-09T09:15:43] HTTP 404 on GET /api/v0.1/accounts/b0d61a36-f329-4226-9d82-4494deaee5f5/aggregate_symphony_stats: {"error": "Not Found", "status": 404}
[2026-05-09T09:15:43] GET /api/v0.1/accounts/b0d61a36-f329-4226-9d82-4494deaee5f5/symphony-stats
[2026-05-09T09:15:44] HTTP 404 on GET /api/v0.1/accounts/b0d61a36-f329-4226-9d82-4494deaee5f5/symphony-stats: {"error": "Not Found", "status": 404}
[2026-05-09T09:15:44] GET /api/v0.1/accounts/b0d61a36-f329-4226-9d82-4494deaee5f5/symphony_stats
[2026-05-09T09:15:45] HTTP 404 on GET /api/v0.1/accounts/b0d61a36-f329-4226-9d82-4494deaee5f5/symphony_stats: {"error": "Not Found", "status": 404}
[2026-05-09T09:15:45] GET /api/v0.1/accounts/b0d61a36-f329-4226-9d82-4494deaee5f5/symphonies/stats
[2026-05-09T09:15:46] HTTP 404 on GET /api/v0.1/accounts/b0d61a36-f329-4226-9d82-4494deaee5f5/symphonies/stats: {"error": "Not Found", "status": 404}
[2026-05-09T09:15:46] Falling back to /holdings (whole-account snapshot, ticker + quantity)
[2026-05-09T09:15:46] GET /api/v0.1/accounts/b0d61a36-f329-4226-9d82-4494deaee5f5/holdings
[2026-05-09T09:15:47] Saved /holdings response to composer_raw_2026-05-09.json
[2026-05-09T09:15:47] Got 19 positions from /holdings
[2026-05-09T09:15:47] Fetching prices for 19 tickers from Yahoo Finance...
[2026-05-09T09:16:03] Total computed market value: $52,430.19
[2026-05-09T09:16:03] Appended 19 rows to composer_allocations.csv (source=account-holdings+yahoo-prices)
[2026-05-09T09:16:03] Generated dashboard -> index.html (value=$104,860.38, days=1)
[2026-05-09T09:16:03] === Done ===
[2026-05-09T09:25:36] === Composer daily allocation pull ===
[2026-05-09T09:25:36] No account_uuid in config; discovering via /accounts/list...
[2026-05-09T09:25:37] Using first account: b0d61a36-f329-4226-9d82-4494deaee5f5
[2026-05-09T09:25:37] (Tip: copy this account_uuid into composer_config.json to skip the lookup next run.)
[2026-05-09T09:25:37] Trying aggregate-symphony-stats endpoint for per-symphony breakdown...
[2026-05-09T09:25:37] GET /api/v0.1/accounts/b0d61a36-f329-4226-9d82-4494deaee5f5/aggregate-symphony-stats
[2026-05-09T09:25:38] HTTP 404 on GET /api/v0.1/accounts/b0d61a36-f329-4226-9d82-4494deaee5f5/aggregate-symphony-stats: {"error": "Not Found", "status": 404}
[2026-05-09T09:25:38] GET /api/v0.1/accounts/b0d61a36-f329-4226-9d82-4494deaee5f5/aggregate_symphony_stats
[2026-05-09T09:25:39] HTTP 404 on GET /api/v0.1/accounts/b0d61a36-f329-4226-9d82-4494deaee5f5/aggregate_symphony_stats: {"error": "Not Found", "status": 404}
[2026-05-09T09:25:39] GET /api/v0.1/accounts/b0d61a36-f329-4226-9d82-4494deaee5f5/symphony-stats
[2026-05-09T09:25:40] HTTP 404 on GET /api/v0.1/accounts/b0d61a36-f329-4226-9d82-4494deaee5f5/symphony-stats: {"error": "Not Found", "status": 404}
[2026-05-09T09:25:40] GET /api/v0.1/accounts/b0d61a36-f329-4226-9d82-4494deaee5f5/symphony_stats
[2026-05-09T09:25:41] HTTP 404 on GET /api/v0.1/accounts/b0d61a36-f329-4226-9d82-4494deaee5f5/symphony_stats: {"error": "Not Found", "status": 404}
[2026-05-09T09:25:41] GET /api/v0.1/accounts/b0d61a36-f329-4226-9d82-4494deaee5f5/symphonies/stats
[2026-05-09T09:25:42] HTTP 404 on GET /api/v0.1/accounts/b0d61a36-f329-4226-9d82-4494deaee5f5/symphonies/stats: {"error": "Not Found", "status": 404}
[2026-05-09T09:25:42] Falling back to /holdings (whole-account snapshot, ticker + quantity)
[2026-05-09T09:25:42] GET /api/v0.1/accounts/b0d61a36-f329-4226-9d82-4494deaee5f5/holdings
[2026-05-09T09:25:42] Saved /holdings response to composer_raw_2026-05-09.json
[2026-05-09T09:25:42] Got 19 positions from /holdings
[2026-05-09T09:25:42] Fetching prices for 19 tickers from Yahoo Finance...
[2026-05-09T09:25:59] Total computed market value: $52,430.19
[2026-05-09T09:25:59] Wrote 19 rows for 2026-05-09 to composer_allocations.csv (kept 0 prior rows, source=account-holdings+yahoo-prices)
[2026-05-09T09:25:59] Generated dashboard -> index.html (value=$52,430.19, days=1)
[2026-05-09T09:25:59] === Done ===
[2026-05-09T09:46:34] === Composer daily allocation pull ===
[2026-05-09T09:46:34] No account_uuid in config; discovering via /accounts/list...
[2026-05-09T09:46:35] Using first account: b0d61a36-f329-4226-9d82-4494deaee5f5
[2026-05-09T09:46:35] (Tip: copy this account_uuid into composer_config.json to skip the lookup next run.)
[2026-05-09T09:46:35] Trying aggregate-symphony-stats endpoint for per-symphony breakdown...
[2026-05-09T09:46:35] GET /api/v0.1/accounts/b0d61a36-f329-4226-9d82-4494deaee5f5/aggregate-symphony-stats
[2026-05-09T09:46:36] HTTP 404 on GET /api/v0.1/accounts/b0d61a36-f329-4226-9d82-4494deaee5f5/aggregate-symphony-stats: {"error": "Not Found", "status": 404}
[2026-05-09T09:46:36] GET /api/v0.1/accounts/b0d61a36-f329-4226-9d82-4494deaee5f5/aggregate_symphony_stats
[2026-05-09T09:46:37] HTTP 404 on GET /api/v0.1/accounts/b0d61a36-f329-4226-9d82-4494deaee5f5/aggregate_symphony_stats: {"error": "Not Found", "status": 404}
[2026-05-09T09:46:37] GET /api/v0.1/accounts/b0d61a36-f329-4226-9d82-4494deaee5f5/symphony-stats
[2026-05-09T09:46:38] HTTP 404 on GET /api/v0.1/accounts/b0d61a36-f329-4226-9d82-4494deaee5f5/symphony-stats: {"error": "Not Found", "status": 404}
[2026-05-09T09:46:38] GET /api/v0.1/accounts/b0d61a36-f329-4226-9d82-4494deaee5f5/symphony_stats
[2026-05-09T09:46:38] HTTP 404 on GET /api/v0.1/accounts/b0d61a36-f329-4226-9d82-4494deaee5f5/symphony_stats: {"error": "Not Found", "status": 404}
[2026-05-09T09:46:38] GET /api/v0.1/accounts/b0d61a36-f329-4226-9d82-4494deaee5f5/symphonies/stats
[2026-05-09T09:46:39] HTTP 404 on GET /api/v0.1/accounts/b0d61a36-f329-4226-9d82-4494deaee5f5/symphonies/stats: {"error": "Not Found", "status": 404}
[2026-05-09T09:46:39] Falling back to /holdings (whole-account snapshot, ticker + quantity)
[2026-05-09T09:46:39] GET /api/v0.1/accounts/b0d61a36-f329-4226-9d82-4494deaee5f5/holdings
[2026-05-09T09:46:40] Saved /holdings response to composer_raw_2026-05-09.json
[2026-05-09T09:46:40] Got 19 positions from /holdings
[2026-05-09T09:46:40] Fetching prices for 19 tickers from Yahoo Finance...
[2026-05-09T09:46:56] Total computed market value: $52,430.19
[2026-05-09T09:46:57] Wrote 19 rows for 2026-05-09 to composer_allocations.csv (kept 0 prior rows, source=account-holdings+yahoo-prices)
[2026-05-09T09:46:57] Generated dashboard -> index.html (value=$52,430.19, days=1)
[2026-05-09T09:46:57] === Done ===
[2026-05-09T21:25:47] === Composer daily allocation pull ===
[2026-05-09T21:25:47] No account_uuid in config; discovering via /accounts/list...
[2026-05-10T01:22:14] === Composer daily allocation pull ===
[2026-05-10T01:22:14] No account_uuid in config; discovering via /accounts/list...
[2026-05-10T01:22:16] Using first account: b0d61a36-f329-4226-9d82-4494deaee5f5
[2026-05-10T01:22:16] (Tip: copy this account_uuid into composer_config.json to skip the lookup next run.)
[2026-05-10T01:22:16] Trying aggregate-symphony-stats endpoint for per-symphony breakdown...
[2026-05-10T01:22:16] GET /api/v0.1/accounts/b0d61a36-f329-4226-9d82-4494deaee5f5/aggregate-symphony-stats
[2026-05-10T01:22:16] HTTP 404 on GET /api/v0.1/accounts/b0d61a36-f329-4226-9d82-4494deaee5f5/aggregate-symphony-stats: {"error": "Not Found", "status": 404}
[2026-05-10T01:22:16] GET /api/v0.1/accounts/b0d61a36-f329-4226-9d82-4494deaee5f5/aggregate_symphony_stats
[2026-05-10T01:22:17] HTTP 404 on GET /api/v0.1/accounts/b0d61a36-f329-4226-9d82-4494deaee5f5/aggregate_symphony_stats: {"error": "Not Found", "status": 404}
[2026-05-10T01:22:17] GET /api/v0.1/accounts/b0d61a36-f329-4226-9d82-4494deaee5f5/symphony-stats
[2026-05-10T01:22:18] HTTP 404 on GET /api/v0.1/accounts/b0d61a36-f329-4226-9d82-4494deaee5f5/symphony-stats: {"error": "Not Found", "status": 404}
[2026-05-10T01:22:18] GET /api/v0.1/accounts/b0d61a36-f329-4226-9d82-4494deaee5f5/symphony_stats
[2026-05-10T01:22:19] HTTP 404 on GET /api/v0.1/accounts/b0d61a36-f329-4226-9d82-4494deaee5f5/symphony_stats: {"error": "Not Found", "status": 404}
[2026-05-10T01:22:19] GET /api/v0.1/accounts/b0d61a36-f329-4226-9d82-4494deaee5f5/symphonies/stats
[2026-05-10T01:22:20] HTTP 404 on GET /api/v0.1/accounts/b0d61a36-f329-4226-9d82-4494deaee5f5/symphonies/stats: {"error": "Not Found", "status": 404}
[2026-05-10T01:22:20] Falling back to /holdings (whole-account snapshot, ticker + quantity)
[2026-05-10T01:22:20] GET /api/v0.1/accounts/b0d61a36-f329-4226-9d82-4494deaee5f5/holdings
[2026-05-10T01:22:21] Saved /holdings response to composer_raw_2026-05-10.json
[2026-05-10T01:22:21] Got 19 positions from /holdings
[2026-05-10T01:22:21] Fetching prices for 19 tickers from Yahoo Finance...
[2026-05-10T01:22:38] Total computed market value: $52,430.19
[2026-05-10T01:22:38] Wrote 19 rows for 2026-05-10 to composer_allocations.csv (kept 19 prior rows, source=account-holdings+yahoo-prices)
[2026-05-10T01:22:39] Generated dashboard -> index.html (value=$52,430.19, days=2)
[2026-05-10T01:22:39] === Done ===
[2026-05-10T01:39:07] === Composer daily allocation pull ===
[2026-05-10T01:39:07] No account_uuid in config; discovering via /accounts/list...
[2026-05-10T01:39:08] Using first account: b0d61a36-f329-4226-9d82-4494deaee5f5
[2026-05-10T01:39:08] (Tip: copy this account_uuid into composer_config.json to skip the lookup next run.)
[2026-05-10T01:39:08] Trying aggregate-symphony-stats endpoint for per-symphony breakdown...
[2026-05-10T01:39:08] GET /api/v0.1/portfolio/accounts/b0d61a36-f329-4226-9d82-4494deaee5f5/symphony-stats-meta
[2026-05-10T01:39:09] Saved symphony-stats response to composer_symphony_stats_2026-05-10.json
[2026-05-10T01:39:09] Got 16 positions from aggregate-symphony-stats
[2026-05-10T01:39:09] Wrote 16 rows for 2026-05-10 to composer_allocations.csv (kept 0 prior rows, source=aggregate-symphony-stats)
[2026-05-10T01:39:09] Generated dashboard -> index.html (value=$41,011.08, days=1)
[2026-05-10T01:39:09] === Done ===
[2026-05-10T02:01:34] === Composer daily allocation pull ===
[2026-05-10T02:01:34] Configured symphonies: ['jtQvlI5wINrxpOfxgmgl', 'ZGersOlsQFRHg7U2qnSw']
[2026-05-10T02:01:34] No account_uuid in config; discovering via /accounts/list...
[2026-05-10T02:01:35] Using first account: b0d61a36-f329-4226-9d82-4494deaee5f5
[2026-05-10T02:01:35] (Tip: copy this account_uuid into composer_config.json to skip the lookup next run.)
[2026-05-10T02:01:35] Fetching per-symphony stats from /portfolio/.../symphony-stats-meta...
[2026-05-10T02:01:35] GET /api/v0.1/portfolio/accounts/b0d61a36-f329-4226-9d82-4494deaee5f5/symphony-stats-meta
[2026-05-10T02:01:37] Saved symphony-stats response to composer_symphony_stats_2026-05-10.json
[2026-05-10T02:01:37] --- BLEE - 186 2026 ALL in One (jtQvlI5wINrxpOfxgmgl) ---
[2026-05-10T02:01:37]   Got 16 positions from symphony-stats-meta
[2026-05-10T02:01:37]   Saved today's slice to composer_allocations_2026-05-10.json
[2026-05-10T02:01:37]   Wrote 16 rows for 2026-05-10 to composer_allocations.csv (kept 0 prior rows, source=symphony-stats-meta)
[2026-05-10T02:01:37] Generated dashboard -> index.html (value=$41,011.08, days=1)
[2026-05-10T02:01:37] --- BLEE - 185 2026 SGOV Bond and min Dual Reversal (ZGersOlsQFRHg7U2qnSw) ---
[2026-05-10T02:01:37]   Got 2 positions from symphony-stats-meta
[2026-05-10T02:01:37]   Saved today's slice to composer_allocations_185_2026-05-10.json
[2026-05-10T02:01:37]   Wrote 2 rows for 2026-05-10 to composer_allocations_185.csv (kept 0 prior rows, source=symphony-stats-meta)
[2026-05-10T02:01:37] Generated dashboard -> index2.html (value=$78.16, days=1)
[2026-05-10T02:01:37] === Done ===
[2026-05-10T02:24:18] === Composer daily allocation pull ===
[2026-05-10T02:24:18] Configured symphonies: ['jtQvlI5wINrxpOfxgmgl', 'ZGersOlsQFRHg7U2qnSw']
[2026-05-10T02:24:18] No account_uuid in config; discovering via /accounts/list...
[2026-05-10T02:24:19] Using first account: b0d61a36-f329-4226-9d82-4494deaee5f5
[2026-05-10T02:24:19] (Tip: copy this account_uuid into composer_config.json to skip the lookup next run.)
[2026-05-10T02:24:19] Fetching per-symphony stats from /portfolio/.../symphony-stats-meta...
[2026-05-10T02:24:19] GET /api/v0.1/portfolio/accounts/b0d61a36-f329-4226-9d82-4494deaee5f5/symphony-stats-meta
[2026-05-10T02:24:20] Saved symphony-stats response to composer_symphony_stats_2026-05-10.json
[2026-05-10T02:24:20] --- BLEE - 186 2026 ALL in One (jtQvlI5wINrxpOfxgmgl) ---
[2026-05-10T02:24:20]   Got 16 positions from symphony-stats-meta
[2026-05-10T02:24:20]   Saved today's slice to composer_allocations_2026-05-10.json
[2026-05-10T02:24:20]   Wrote 16 rows for 2026-05-10 to composer_allocations.csv (kept 0 prior rows, source=symphony-stats-meta)
[2026-05-10T02:24:20] Generated dashboard -> index.html (value=$41,011.08, days=1)
[2026-05-10T02:24:20] --- BLEE - 185 2026 SGOV Bond and min Dual Reversal (ZGersOlsQFRHg7U2qnSw) ---
[2026-05-10T02:24:20]   Got 2 positions from symphony-stats-meta
[2026-05-10T02:24:20]   Saved today's slice to composer_allocations_185_2026-05-10.json
[2026-05-10T02:24:20]   Wrote 2 rows for 2026-05-10 to composer_allocations_185.csv (kept 0 prior rows, source=symphony-stats-meta)
[2026-05-10T02:24:20] Generated dashboard -> index2.html (value=$78.16, days=1)
[2026-05-10T02:24:20] === Done ===
[2026-05-10T02:28:20] === Composer daily allocation pull ===
[2026-05-10T02:28:20] Configured symphonies: ['jtQvlI5wINrxpOfxgmgl', 'ZGersOlsQFRHg7U2qnSw']
[2026-05-10T02:28:20] No account_uuid in config; discovering via /accounts/list...
[2026-05-10T02:28:21] Using first account: b0d61a36-f329-4226-9d82-4494deaee5f5
[2026-05-10T02:28:21] (Tip: copy this account_uuid into composer_config.json to skip the lookup next run.)
[2026-05-10T02:28:21] Fetching per-symphony stats from /portfolio/.../symphony-stats-meta...
[2026-05-10T02:28:21] GET /api/v0.1/portfolio/accounts/b0d61a36-f329-4226-9d82-4494deaee5f5/symphony-stats-meta
[2026-05-10T02:28:23] Saved symphony-stats response to composer_symphony_stats_2026-05-10.json
[2026-05-10T02:28:23] --- BLEE - 186 2026 ALL in One (jtQvlI5wINrxpOfxgmgl) ---
[2026-05-10T02:28:23]   Got 16 positions from symphony-stats-meta
[2026-05-10T02:28:23]   Saved today's slice to composer_allocations_2026-05-10.json
[2026-05-10T02:28:23]   Wrote 16 rows for 2026-05-10 to composer_allocations.csv (kept 0 prior rows, source=symphony-stats-meta)
[2026-05-10T02:28:23] Generated dashboard -> index.html (value=$41,011.08, days=1)
[2026-05-10T02:28:23] --- BLEE - 185 2026 SGOV Bond and min Dual Reversal (ZGersOlsQFRHg7U2qnSw) ---
[2026-05-10T02:28:23]   Got 2 positions from symphony-stats-meta
[2026-05-10T02:28:23]   Saved today's slice to composer_allocations_185_2026-05-10.json
[2026-05-10T02:28:23]   Wrote 2 rows for 2026-05-10 to composer_allocations_185.csv (kept 0 prior rows, source=symphony-stats-meta)
[2026-05-10T02:28:23] Generated dashboard -> index2.html (value=$78.16, days=1)
[2026-05-10T02:28:23] === Done ===
[2026-05-10T02:34:41] === Composer daily allocation pull ===
[2026-05-10T02:34:41] Configured symphonies: ['jtQvlI5wINrxpOfxgmgl', 'ZGersOlsQFRHg7U2qnSw']
[2026-05-10T02:34:41] No account_uuid in config; discovering via /accounts/list...
[2026-05-10T02:34:42] Using first account: b0d61a36-f329-4226-9d82-4494deaee5f5
[2026-05-10T02:34:42] (Tip: copy this account_uuid into composer_config.json to skip the lookup next run.)
[2026-05-10T02:34:42] Fetching per-symphony stats from /portfolio/.../symphony-stats-meta...
[2026-05-10T02:34:42] GET /api/v0.1/portfolio/accounts/b0d61a36-f329-4226-9d82-4494deaee5f5/symphony-stats-meta
[2026-05-10T02:34:44] Saved symphony-stats response to composer_symphony_stats_2026-05-10.json
[2026-05-10T02:34:44] --- BLEE - 186 2026 ALL in One (jtQvlI5wINrxpOfxgmgl) ---
[2026-05-10T02:34:44]   Got 17 positions from symphony-stats-meta
[2026-05-10T02:34:44]   Saved today's slice to composer_allocations_2026-05-10.json
[2026-05-10T02:34:44]   Wrote 17 rows for 2026-05-10 to composer_allocations.csv (kept 0 prior rows, source=symphony-stats-meta)
[2026-05-10T02:34:44] Generated dashboard -> index.html (value=$41,069.00, days=1)
[2026-05-10T02:34:44] --- BLEE - 185 2026 SGOV Bond and min Dual Reversal (ZGersOlsQFRHg7U2qnSw) ---
[2026-05-10T02:34:44]   Got 3 positions from symphony-stats-meta
[2026-05-10T02:34:44]   Saved today's slice to composer_allocations_185_2026-05-10.json
[2026-05-10T02:34:44]   Wrote 3 rows for 2026-05-10 to composer_allocations_185.csv (kept 0 prior rows, source=symphony-stats-meta)
[2026-05-10T02:34:44] Generated dashboard -> index2.html (value=$82.40, days=1)
[2026-05-10T02:34:44] === Done ===
[2026-05-10T03:18:48] === Composer daily allocation pull ===
[2026-05-10T03:18:48] Configured symphonies: ['jtQvlI5wINrxpOfxgmgl', 'ZGersOlsQFRHg7U2qnSw']
[2026-05-10T03:18:48] No account_uuid in config; discovering via /accounts/list...
[2026-05-10T03:18:51] Using first account: b0d61a36-f329-4226-9d82-4494deaee5f5
[2026-05-10T03:18:51] (Tip: copy this account_uuid into composer_config.json to skip the lookup next run.)
[2026-05-10T03:18:51] Fetching per-symphony stats from /portfolio/.../symphony-stats-meta...
[2026-05-10T03:18:51] GET /api/v0.1/portfolio/accounts/b0d61a36-f329-4226-9d82-4494deaee5f5/symphony-stats-meta
[2026-05-10T03:18:55] Saved symphony-stats response to composer_symphony_stats_2026-05-10.json
[2026-05-10T03:18:55] --- BLEE - 186 2026 ALL in One (jtQvlI5wINrxpOfxgmgl) ---
[2026-05-10T03:18:55]   Got 17 positions from symphony-stats-meta
[2026-05-10T03:18:55]   Saved today's slice to composer_allocations_2026-05-10.json
[2026-05-10T03:18:55]   Wrote 17 rows for 2026-05-10 to composer_allocations.csv (kept 0 prior rows, source=symphony-stats-meta)
[2026-05-10T03:18:55] Generated dashboard -> index.html (value=$41,069.00, days=1)
[2026-05-10T03:18:55] --- BLEE - 185 2026 SGOV Bond and min Dual Reversal (ZGersOlsQFRHg7U2qnSw) ---
[2026-05-10T03:18:55]   Got 3 positions from symphony-stats-meta
[2026-05-10T03:18:55]   Saved today's slice to composer_allocations_185_2026-05-10.json
[2026-05-10T03:18:55]   Wrote 3 rows for 2026-05-10 to composer_allocations_185.csv (kept 0 prior rows, source=symphony-stats-meta)
[2026-05-10T03:18:55] Generated dashboard -> index2.html (value=$82.40, days=1)
[2026-05-10T03:18:55] === Done ===
[2026-05-10T04:33:47] === Composer daily allocation pull ===
[2026-05-10T04:33:47] Configured symphonies: ['jtQvlI5wINrxpOfxgmgl', 'ZGersOlsQFRHg7U2qnSw']
[2026-05-10T04:33:47] No account_uuid in config; discovering via /accounts/list...
[2026-05-10T04:33:49] Using first account: b0d61a36-f329-4226-9d82-4494deaee5f5
[2026-05-10T04:33:49] (Tip: copy this account_uuid into composer_config.json to skip the lookup next run.)
[2026-05-10T04:33:49] Fetching per-symphony stats from /portfolio/.../symphony-stats-meta...
[2026-05-10T04:33:49] GET /api/v0.1/portfolio/accounts/b0d61a36-f329-4226-9d82-4494deaee5f5/symphony-stats-meta
[2026-05-10T04:33:51] Saved symphony-stats response to composer_symphony_stats_2026-05-10.json
[2026-05-10T04:33:51] --- BLEE - 186 2026 ALL in One (jtQvlI5wINrxpOfxgmgl) ---
[2026-05-10T04:33:51]   Got 17 positions from symphony-stats-meta
[2026-05-10T04:33:51]   Saved today's slice to composer_allocations_2026-05-10.json
[2026-05-10T04:33:51]   Wrote 17 rows for 2026-05-10 to composer_allocations.csv (kept 0 prior rows, source=symphony-stats-meta)
[2026-05-10T04:33:51] Generated dashboard -> index.html (value=$41,069.00, days=1)
[2026-05-10T04:33:51] --- BLEE - 185 2026 SGOV Bond and min Dual Reversal (ZGersOlsQFRHg7U2qnSw) ---
[2026-05-10T04:33:51]   Got 3 positions from symphony-stats-meta
[2026-05-10T04:33:51]   Saved today's slice to composer_allocations_185_2026-05-10.json
[2026-05-10T04:33:51]   Wrote 3 rows for 2026-05-10 to composer_allocations_185.csv (kept 0 prior rows, source=symphony-stats-meta)
[2026-05-10T04:33:51] Generated dashboard -> index2.html (value=$82.40, days=1)
[2026-05-10T04:33:51] === Done ===
[2026-05-10T04:54:00] === Composer daily allocation pull ===
[2026-05-10T04:54:00] Configured symphonies: ['jtQvlI5wINrxpOfxgmgl', 'ZGersOlsQFRHg7U2qnSw']
[2026-05-10T04:54:00] No account_uuid in config; discovering via /accounts/list...
[2026-05-10T04:54:01] Using first account: b0d61a36-f329-4226-9d82-4494deaee5f5
[2026-05-10T04:54:01] (Tip: copy this account_uuid into composer_config.json to skip the lookup next run.)
[2026-05-10T04:54:01] Fetching per-symphony stats from /portfolio/.../symphony-stats-meta...
[2026-05-10T04:54:01] GET /api/v0.1/portfolio/accounts/b0d61a36-f329-4226-9d82-4494deaee5f5/symphony-stats-meta
[2026-05-10T04:54:03] Saved symphony-stats response to composer_symphony_stats_2026-05-10.json
[2026-05-10T04:54:03] --- BLEE - 186 2026 ALL in One (jtQvlI5wINrxpOfxgmgl) ---
[2026-05-10T04:54:03]   Got 17 positions from symphony-stats-meta
[2026-05-10T04:54:03]   Saved today's slice to composer_allocations_2026-05-10.json
[2026-05-10T04:54:03]   Wrote 17 rows for 2026-05-10 to composer_allocations.csv (kept 0 prior rows, source=symphony-stats-meta)
[2026-05-10T04:54:03] Generated dashboard -> index.html (value=$41,069.00, days=1)
[2026-05-10T04:54:03] --- BLEE - 185 2026 SGOV Bond and min Dual Reversal (ZGersOlsQFRHg7U2qnSw) ---
[2026-05-10T04:54:03]   Got 3 positions from symphony-stats-meta
[2026-05-10T04:54:03]   Saved today's slice to composer_allocations_185_2026-05-10.json
[2026-05-10T04:54:03]   Wrote 3 rows for 2026-05-10 to composer_allocations_185.csv (kept 0 prior rows, source=symphony-stats-meta)
[2026-05-10T04:54:03] Generated dashboard -> index2.html (value=$82.40, days=1)
[2026-05-10T04:54:03] === Done ===
[2026-05-11T06:08:48] === Composer daily allocation pull ===
[2026-05-11T06:08:48] Configured symphonies: ['jtQvlI5wINrxpOfxgmgl', 'uP4EOQmkexROiO18SaiN']
[2026-05-11T06:08:48] No account_uuid in config; discovering via /accounts/list...
[2026-05-11T06:08:49] Using first account: b0d61a36-f329-4226-9d82-4494deaee5f5
[2026-05-11T06:08:49] (Tip: copy this account_uuid into composer_config.json to skip the lookup next run.)
[2026-05-11T06:08:49] Fetching per-symphony stats from /portfolio/.../symphony-stats-meta...
[2026-05-11T06:08:49] GET /api/v0.1/portfolio/accounts/b0d61a36-f329-4226-9d82-4494deaee5f5/symphony-stats-meta
[2026-05-11T06:08:50] Saved symphony-stats response to composer_symphony_stats_2026-05-11.json
[2026-05-11T06:08:50] --- BLEE - 186 2026 ALL in One (jtQvlI5wINrxpOfxgmgl) ---
[2026-05-11T06:08:50]   Got 17 positions from symphony-stats-meta
[2026-05-11T06:08:50]   Saved today's slice to composer_allocations_2026-05-11.json
[2026-05-11T06:08:50]   Wrote 17 rows for 2026-05-11 to composer_allocations.csv (kept 17 prior rows, source=symphony-stats-meta)
[2026-05-11T06:08:51] Generated dashboard -> index.html (value=$41,069.00, days=2)
[2026-05-11T06:08:51] --- BLEE - 185 2026 SGOV Bond and min Dual Reversal (uP4EOQmkexROiO18SaiN) ---
[2026-05-11T06:08:51]   WARN: symphony-stats-meta returned no positions for uP4EOQmkexROiO18SaiN (check 2026-05-11 JSON to verify the id matches one in the response)
[2026-05-11T06:08:51]   ERROR: no positions found for uP4EOQmkexROiO18SaiN; skipping CSV/HTML for this symphony
[2026-05-11T06:08:51] === Done ===
[2026-05-11T06:26:52] === Composer daily allocation pull ===
[2026-05-11T06:26:52] Configured symphonies: ['jtQvlI5wINrxpOfxgmgl', 'ZGersOlsQFRHg7U2qnSw']
[2026-05-11T06:26:52] No account_uuid in config; discovering via /accounts/list...
[2026-05-11T06:26:53] Using first account: b0d61a36-f329-4226-9d82-4494deaee5f5
[2026-05-11T06:26:53] (Tip: copy this account_uuid into composer_config.json to skip the lookup next run.)
[2026-05-11T06:26:53] Fetching per-symphony stats from /portfolio/.../symphony-stats-meta...
[2026-05-11T06:26:53] GET /api/v0.1/portfolio/accounts/b0d61a36-f329-4226-9d82-4494deaee5f5/symphony-stats-meta
[2026-05-11T06:26:54] Saved symphony-stats response to composer_symphony_stats_2026-05-11.json
[2026-05-11T06:26:54] --- BLEE - 186 2026 ALL in One (jtQvlI5wINrxpOfxgmgl) ---
[2026-05-11T06:26:54]   Got 17 positions from symphony-stats-meta
[2026-05-11T06:26:54]   Saved today's slice to composer_allocations_2026-05-11.json
[2026-05-11T06:26:54]   Wrote 17 rows for 2026-05-11 to composer_allocations.csv (kept 17 prior rows, source=symphony-stats-meta)
[2026-05-11T06:26:54] Generated dashboard -> index.html (value=$41,069.00, days=2)
[2026-05-11T06:26:54] --- BLEE - 185 2026 SGOV Bond and min Dual Reversal (ZGersOlsQFRHg7U2qnSw) ---
[2026-05-11T06:26:54]   Got 3 positions from symphony-stats-meta
[2026-05-11T06:26:54]   Saved today's slice to composer_allocations_185_2026-05-11.json
[2026-05-11T06:26:55]   Wrote 3 rows for 2026-05-11 to composer_allocations_185.csv (kept 3 prior rows, source=symphony-stats-meta)
[2026-05-11T06:26:55] Generated dashboard -> index2.html (value=$82.40, days=2)
[2026-05-11T06:26:55] === Done ===
[2026-05-11T10:43:17] === Composer daily allocation pull ===
[2026-05-11T10:43:17] Configured symphonies: ['jtQvlI5wINrxpOfxgmgl', 'ZGersOlsQFRHg7U2qnSw']
[2026-05-11T10:43:17] No account_uuid in config; discovering via /accounts/list...
[2026-05-11T10:43:17] Network error on GET /api/v0.1/accounts/list: <urlopen error Tunnel connection failed: 403 Forbidden>
[2026-05-11T10:43:17] FATAL: URLError: <urlopen error Tunnel connection failed: 403 Forbidden>
[2026-05-11T06:45:57] === Composer daily allocation pull ===
[2026-05-11T06:45:57] Configured symphonies: ['jtQvlI5wINrxpOfxgmgl', 'ZGersOlsQFRHg7U2qnSw']
[2026-05-11T06:45:57] No account_uuid in config; discovering via /accounts/list...
[2026-05-11T06:45:58] Using first account: b0d61a36-f329-4226-9d82-4494deaee5f5
[2026-05-11T06:45:58] (Tip: copy this account_uuid into composer_config.json to skip the lookup next run.)
[2026-05-11T06:45:58] Fetching per-symphony stats from /portfolio/.../symphony-stats-meta...
[2026-05-11T06:45:58] GET /api/v0.1/portfolio/accounts/b0d61a36-f329-4226-9d82-4494deaee5f5/symphony-stats-meta
[2026-05-11T06:45:59] Saved symphony-stats response to composer_symphony_stats_2026-05-11.json
[2026-05-11T06:45:59] --- BLEE - 186 2026 ALL in One (jtQvlI5wINrxpOfxgmgl) ---
[2026-05-11T06:45:59]   Got 17 positions from symphony-stats-meta
[2026-05-11T06:45:59]   Saved today's slice to composer_allocations_2026-05-11.json
[2026-05-11T06:45:59]   Wrote 17 rows for 2026-05-11 to composer_allocations.csv (kept 17 prior rows, source=symphony-stats-meta)
[2026-05-11T06:45:59] Generated dashboard -> dashboard_186.html (value=$41,069.00, days=2)
[2026-05-11T06:45:59] --- BLEE - 185 2026 SGOV Bond and min Dual Reversal (ZGersOlsQFRHg7U2qnSw) ---
[2026-05-11T06:45:59]   Got 3 positions from symphony-stats-meta
[2026-05-11T06:45:59]   Saved today's slice to composer_allocations_185_2026-05-11.json
[2026-05-11T06:45:59]   Wrote 3 rows for 2026-05-11 to composer_allocations_185.csv (kept 3 prior rows, source=symphony-stats-meta)
[2026-05-11T06:45:59] Generated dashboard -> index2.html (value=$82.40, days=2)
[2026-05-11T06:45:59] === Done ===
[2026-05-11T06:45:59] --- Pushing updates to GitHub ---
[2026-05-11T06:45:59]   $ git -C "C:\Kei\ComposerInvest" add .
[2026-05-11T06:45:59]   $ git -C "C:\Kei\ComposerInvest" commit -m "daily auto update 2026-05-11"
[2026-05-11T06:46:00]   $ git -C "C:\Kei\ComposerInvest" push
[2026-05-11T06:46:03] GitHub push successful.
[2026-05-11T19:54:22] === Composer daily allocation pull ===
[2026-05-11T19:54:22] Configured symphonies: ['jtQvlI5wINrxpOfxgmgl', 'ZGersOlsQFRHg7U2qnSw']
[2026-05-11T19:54:22] No account_uuid in config; discovering via /accounts/list...
[2026-05-11T19:54:24] Using first account: b0d61a36-f329-4226-9d82-4494deaee5f5
[2026-05-11T19:54:24] (Tip: copy this account_uuid into composer_config.json to skip the lookup next run.)
[2026-05-11T19:54:24] Fetching per-symphony stats from /portfolio/.../symphony-stats-meta...
[2026-05-11T19:54:24] GET /api/v0.1/portfolio/accounts/b0d61a36-f329-4226-9d82-4494deaee5f5/symphony-stats-meta
[2026-05-11T19:54:26] Saved symphony-stats response to composer_symphony_stats_2026-05-11.json
[2026-05-11T19:54:26] --- BLEE - 186 2026 ALL in One (jtQvlI5wINrxpOfxgmgl) ---
[2026-05-11T19:54:26]   Got 15 positions from symphony-stats-meta
[2026-05-11T19:54:26]   Saved today's slice to composer_allocations_2026-05-11.json
[2026-05-11T19:54:26]   Wrote 15 rows for 2026-05-11 to composer_allocations.csv (kept 17 prior rows, source=symphony-stats-meta)
[2026-05-11T19:54:26] Generated dashboard -> dashboard_186.html (value=$40,429.88, days=2)
[2026-05-11T19:54:26] --- BLEE - 185 2026 SGOV Bond and min Dual Reversal (ZGersOlsQFRHg7U2qnSw) ---
[2026-05-11T19:54:26]   Got 3 positions from symphony-stats-meta
[2026-05-11T19:54:26]   Saved today's slice to composer_allocations_185_2026-05-11.json
[2026-05-11T19:54:26]   Wrote 3 rows for 2026-05-11 to composer_allocations_185.csv (kept 3 prior rows, source=symphony-stats-meta)
[2026-05-11T19:54:26] Generated dashboard -> index2.html (value=$1,002.47, days=2)
[2026-05-11T19:54:26] === Done ===
[2026-05-11T19:54:26] --- Pushing updates to GitHub ---
[2026-05-11T19:54:26]   $ git -C "C:\Kei\ComposerInvest" add .
[2026-05-11T19:54:27]   $ git -C "C:\Kei\ComposerInvest" commit -m "daily auto update 2026-05-11"
[2026-05-11T19:54:29]   $ git -C "C:\Kei\ComposerInvest" push
[2026-05-11T19:54:40] GitHub push successful.
[2026-05-11T20:34:50] === Composer daily allocation pull ===
[2026-05-11T20:34:50] Configured symphonies: ['jtQvlI5wINrxpOfxgmgl', 'ZGersOlsQFRHg7U2qnSw']
[2026-05-11T20:34:50] No account_uuid in config; discovering via /accounts/list...
[2026-05-11T20:34:51] Using first account: b0d61a36-f329-4226-9d82-4494deaee5f5
[2026-05-11T20:34:51] (Tip: copy this account_uuid into composer_config.json to skip the lookup next run.)
[2026-05-11T20:34:51] Fetching per-symphony stats from /portfolio/.../symphony-stats-meta...
[2026-05-11T20:34:51] GET /api/v0.1/portfolio/accounts/b0d61a36-f329-4226-9d82-4494deaee5f5/symphony-stats-meta
[2026-05-11T20:34:52] Saved symphony-stats response to composer_symphony_stats_2026-05-11.json
[2026-05-11T20:34:52] --- BLEE - 186 2026 ALL in One (jtQvlI5wINrxpOfxgmgl) ---
[2026-05-11T20:34:52]   Got 15 positions from symphony-stats-meta
[2026-05-11T20:34:52]   Saved today's slice to composer_allocations_2026-05-11.json
[2026-05-11T20:34:53]   Wrote 15 rows for 2026-05-11 to composer_allocations.csv (kept 17 prior rows, source=symphony-stats-meta)
[2026-05-11T20:34:53] Generated dashboard -> dashboard_186.html (value=$40,429.88, days=2)
[2026-05-11T20:34:53] --- BLEE - 185 2026 SGOV Bond and min Dual Reversal (ZGersOlsQFRHg7U2qnSw) ---
[2026-05-11T20:34:53]   Got 3 positions from symphony-stats-meta
[2026-05-11T20:34:53]   Saved today's slice to composer_allocations_185_2026-05-11.json
[2026-05-11T20:34:53]   Wrote 3 rows for 2026-05-11 to composer_allocations_185.csv (kept 3 prior rows, source=symphony-stats-meta)
[2026-05-11T20:34:53] Generated dashboard -> index2.html (value=$1,002.47, days=2)
[2026-05-11T20:34:53] === Done ===
[2026-05-11T20:34:53] --- Pushing updates to GitHub ---
[2026-05-11T20:34:53]   $ git -C "C:\Kei\ComposerInvest" add .
[2026-05-11T20:34:53]   WARNING: command exited with code 128
[2026-05-11T20:34:53]   $ git -C "C:\Kei\ComposerInvest" commit -m "daily auto update 2026-05-11"
[2026-05-11T20:34:53]   WARNING: command exited with code 128
[2026-05-11T20:34:53]   $ git -C "C:\Kei\ComposerInvest" push
[2026-05-11T20:34:56] GitHub push successful.
[2026-05-11T20:36:54] === Composer daily allocation pull ===
[2026-05-11T20:36:54] Configured symphonies: ['jtQvlI5wINrxpOfxgmgl', 'ZGersOlsQFRHg7U2qnSw']
[2026-05-11T20:36:54] No account_uuid in config; discovering via /accounts/list...
[2026-05-11T20:36:55] Using first account: b0d61a36-f329-4226-9d82-4494deaee5f5
[2026-05-11T20:36:55] (Tip: copy this account_uuid into composer_config.json to skip the lookup next run.)
[2026-05-11T20:36:55] Fetching per-symphony stats from /portfolio/.../symphony-stats-meta...
[2026-05-11T20:36:55] GET /api/v0.1/portfolio/accounts/b0d61a36-f329-4226-9d82-4494deaee5f5/symphony-stats-meta
[2026-05-11T20:36:57] Saved symphony-stats response to composer_symphony_stats_2026-05-11.json
[2026-05-11T20:36:57] --- BLEE - 186 2026 ALL in One (jtQvlI5wINrxpOfxgmgl) ---
[2026-05-11T20:36:57]   Got 15 positions from symphony-stats-meta
[2026-05-11T20:36:57]   Saved today's slice to composer_allocations_2026-05-11.json
[2026-05-11T20:36:57]   Wrote 15 rows for 2026-05-11 to composer_allocations.csv (kept 17 prior rows, source=symphony-stats-meta)
[2026-05-11T20:36:57] Generated dashboard -> dashboard_186.html (value=$40,429.88, days=2)
[2026-05-11T20:36:57] --- BLEE - 185 2026 SGOV Bond and min Dual Reversal (ZGersOlsQFRHg7U2qnSw) ---
[2026-05-11T20:36:57]   Got 3 positions from symphony-stats-meta
[2026-05-11T20:36:57]   Saved today's slice to composer_allocations_185_2026-05-11.json
[2026-05-11T20:36:57]   Wrote 3 rows for 2026-05-11 to composer_allocations_185.csv (kept 3 prior rows, source=symphony-stats-meta)
[2026-05-11T20:36:57] Generated dashboard -> index2.html (value=$1,002.47, days=2)
[2026-05-11T20:36:57] === Done ===
[2026-05-11T20:36:57] --- Pushing updates to GitHub ---
[2026-05-11T20:36:57]   $ git -C "C:\Kei\ComposerInvest" add .
[2026-05-11T20:36:57]   WARNING: command exited with code 128
[2026-05-11T20:36:57]   $ git -C "C:\Kei\ComposerInvest" commit -m "daily auto update 2026-05-11"
[2026-05-11T20:36:57]   WARNING: command exited with code 128
[2026-05-11T20:36:57]   $ git -C "C:\Kei\ComposerInvest" push
[2026-05-11T20:36:59] GitHub push successful.
[2026-05-11T20:42:09] === Composer daily allocation pull ===
[2026-05-11T20:42:09] Configured symphonies: ['jtQvlI5wINrxpOfxgmgl', 'ZGersOlsQFRHg7U2qnSw']
[2026-05-11T20:42:09] No account_uuid in config; discovering via /accounts/list...
[2026-05-11T20:42:10] Using first account: b0d61a36-f329-4226-9d82-4494deaee5f5
[2026-05-11T20:42:10] (Tip: copy this account_uuid into composer_config.json to skip the lookup next run.)
[2026-05-11T20:42:10] Fetching per-symphony stats from /portfolio/.../symphony-stats-meta...
[2026-05-11T20:42:10] GET /api/v0.1/portfolio/accounts/b0d61a36-f329-4226-9d82-4494deaee5f5/symphony-stats-meta
[2026-05-11T20:42:12] Saved symphony-stats response to composer_symphony_stats_2026-05-11.json
[2026-05-11T20:42:12] --- BLEE - 186 2026 ALL in One (jtQvlI5wINrxpOfxgmgl) ---
[2026-05-11T20:42:12]   Got 15 positions from symphony-stats-meta
[2026-05-11T20:42:12]   Saved today's slice to composer_allocations_2026-05-11.json
[2026-05-11T20:42:12]   Wrote 15 rows for 2026-05-11 to composer_allocations.csv (kept 17 prior rows, source=symphony-stats-meta)
[2026-05-11T20:42:12] Generated dashboard -> dashboard_186.html (value=$40,429.88, days=2)
[2026-05-11T20:42:12] --- BLEE - 185 2026 SGOV Bond and min Dual Reversal (ZGersOlsQFRHg7U2qnSw) ---
[2026-05-11T20:42:12]   Got 3 positions from symphony-stats-meta
[2026-05-11T20:42:12]   Saved today's slice to composer_allocations_185_2026-05-11.json
[2026-05-11T20:42:12]   Wrote 3 rows for 2026-05-11 to composer_allocations_185.csv (kept 3 prior rows, source=symphony-stats-meta)
[2026-05-11T20:42:12] Generated dashboard -> index2.html (value=$1,002.47, days=2)
[2026-05-11T20:42:12] === Done ===
[2026-05-11T20:42:12] --- Pushing updates to GitHub ---
[2026-05-11T20:42:12]   $ git -C "C:\Kei\ComposerInvest" add .
[2026-05-11T20:42:12]   $ git -C "C:\Kei\ComposerInvest" commit -m "daily auto update 2026-05-11"
[2026-05-11T20:42:12]   $ git -C "C:\Kei\ComposerInvest" push
[2026-05-11T20:42:16] GitHub push successful.
[2026-05-11T21:29:43] === Composer daily allocation pull ===
[2026-05-11T21:29:43] Configured symphonies: ['jtQvlI5wINrxpOfxgmgl', 'ZGersOlsQFRHg7U2qnSw']
[2026-05-11T21:29:43] No account_uuid in config; discovering via /accounts/list...
[2026-05-11T21:29:45] Using first account: b0d61a36-f329-4226-9d82-4494deaee5f5
[2026-05-11T21:29:45] (Tip: copy this account_uuid into composer_config.json to skip the lookup next run.)
[2026-05-11T21:29:45] Fetching per-symphony stats from /portfolio/.../symphony-stats-meta...
[2026-05-11T21:29:45] GET /api/v0.1/portfolio/accounts/b0d61a36-f329-4226-9d82-4494deaee5f5/symphony-stats-meta
[2026-05-11T21:29:46] Saved symphony-stats response to composer_symphony_stats_2026-05-11.json
[2026-05-11T21:29:46] --- BLEE - 186 2026 ALL in One (jtQvlI5wINrxpOfxgmgl) ---
[2026-05-11T21:29:46]   Got 15 positions from symphony-stats-meta
[2026-05-11T21:29:46]   Saved today's slice to composer_allocations_2026-05-11.json
[2026-05-11T21:29:46]   Wrote 15 rows for 2026-05-11 to composer_allocations.csv (kept 17 prior rows, source=symphony-stats-meta)
[2026-05-11T21:29:46] Generated dashboard -> dashboard_186.html (value=$40,429.88, days=2)
[2026-05-11T21:29:46] --- BLEE - 185 2026 SGOV Bond and min Dual Reversal (ZGersOlsQFRHg7U2qnSw) ---
[2026-05-11T21:29:46]   Got 3 positions from symphony-stats-meta
[2026-05-11T21:29:46]   Saved today's slice to composer_allocations_185_2026-05-11.json
[2026-05-11T21:29:46]   Wrote 3 rows for 2026-05-11 to composer_allocations_185.csv (kept 3 prior rows, source=symphony-stats-meta)
[2026-05-11T21:29:46] Generated dashboard -> index2.html (value=$1,002.47, days=2)
[2026-05-11T21:29:46] === Done ===
[2026-05-11T21:29:46] --- Pushing updates to GitHub ---
[2026-05-11T21:29:46]   $ git -C "C:\Kei\ComposerInvest" add .
[2026-05-11T21:29:46]   $ git -C "C:\Kei\ComposerInvest" commit -m "daily auto update 2026-05-11"
[2026-05-11T21:29:46]   $ git -C "C:\Kei\ComposerInvest" push
[2026-05-11T21:29:50] GitHub push successful.
[2026-05-11T21:49:30] === Composer daily allocation pull ===
[2026-05-11T21:49:30] Configured symphonies: ['jtQvlI5wINrxpOfxgmgl', 'ZGersOlsQFRHg7U2qnSw']
[2026-05-11T21:49:30] No account_uuid in config; discovering via /accounts/list...
[2026-05-11T21:49:31] Using first account: b0d61a36-f329-4226-9d82-4494deaee5f5
[2026-05-11T21:49:31] (Tip: copy this account_uuid into composer_config.json to skip the lookup next run.)
[2026-05-11T21:49:31] Fetching per-symphony stats from /portfolio/.../symphony-stats-meta...
[2026-05-11T21:49:31] GET /api/v0.1/portfolio/accounts/b0d61a36-f329-4226-9d82-4494deaee5f5/symphony-stats-meta
[2026-05-11T21:49:32] Saved symphony-stats response to composer_symphony_stats_2026-05-11.json
[2026-05-11T21:49:32] --- BLEE - 186 2026 ALL in One (jtQvlI5wINrxpOfxgmgl) ---
[2026-05-11T21:49:32]   Got 15 positions from symphony-stats-meta
[2026-05-11T21:49:33]   Saved today's slice to composer_allocations_2026-05-11.json
[2026-05-11T21:49:33]   Wrote 15 rows for 2026-05-11 to composer_allocations.csv (kept 17 prior rows, source=symphony-stats-meta)
[2026-05-11T21:49:33] Generated dashboard -> dashboard_186.html (value=$40,429.88, days=2)
[2026-05-11T21:49:33] --- BLEE - 185 2026 SGOV Bond and min Dual Reversal (ZGersOlsQFRHg7U2qnSw) ---
[2026-05-11T21:49:33]   Got 3 positions from symphony-stats-meta
[2026-05-11T21:49:33]   Saved today's slice to composer_allocations_185_2026-05-11.json
[2026-05-11T21:49:33]   Wrote 3 rows for 2026-05-11 to composer_allocations_185.csv (kept 3 prior rows, source=symphony-stats-meta)
[2026-05-11T21:49:33] Generated dashboard -> index2.html (value=$1,002.47, days=2)
[2026-05-11T21:49:33] === Done ===
[2026-05-11T21:49:33] Stamped last-updated (05/11/2026 09:49 PM) into index.html
[2026-05-11T21:49:33] --- Pushing updates to GitHub ---
[2026-05-11T21:49:33]   $ git -C "C:\Kei\ComposerInvest" add .
[2026-05-11T21:49:33]   $ git -C "C:\Kei\ComposerInvest" commit -m "daily auto update 2026-05-11"
[2026-05-11T21:49:33]   $ git -C "C:\Kei\ComposerInvest" push
[2026-05-11T21:49:36] GitHub push successful.
[2026-05-11T22:18:25] === Composer daily allocation pull ===
[2026-05-11T22:18:25] Configured symphonies: ['jtQvlI5wINrxpOfxgmgl', 'ZGersOlsQFRHg7U2qnSw']
[2026-05-11T22:18:25] No account_uuid in config; discovering via /accounts/list...
[2026-05-11T22:18:26] Using first account: b0d61a36-f329-4226-9d82-4494deaee5f5
[2026-05-11T22:18:26] (Tip: copy this account_uuid into composer_config.json to skip the lookup next run.)
[2026-05-11T22:18:26] Fetching per-symphony stats from /portfolio/.../symphony-stats-meta...
[2026-05-11T22:18:26] GET /api/v0.1/portfolio/accounts/b0d61a36-f329-4226-9d82-4494deaee5f5/symphony-stats-meta
[2026-05-11T22:18:27] Saved symphony-stats response to composer_symphony_stats_2026-05-11.json
[2026-05-11T22:18:27] --- BLEE - 186 2026 ALL in One (jtQvlI5wINrxpOfxgmgl) ---
[2026-05-11T22:18:27]   Got 15 positions from symphony-stats-meta
[2026-05-11T22:18:27]   Saved today's slice to composer_allocations_2026-05-11.json
[2026-05-11T22:18:27]   Wrote 15 rows for 2026-05-11 to composer_allocations.csv (kept 17 prior rows, source=symphony-stats-meta)
[2026-05-11T22:18:27] Generated dashboard -> dashboard_186.html (value=$40,429.88, days=2)
[2026-05-11T22:18:27] --- BLEE - 185 2026 SGOV Bond and min Dual Reversal (ZGersOlsQFRHg7U2qnSw) ---
[2026-05-11T22:18:27]   Got 3 positions from symphony-stats-meta
[2026-05-11T22:18:27]   Saved today's slice to composer_allocations_185_2026-05-11.json
[2026-05-11T22:18:27]   Wrote 3 rows for 2026-05-11 to composer_allocations_185.csv (kept 3 prior rows, source=symphony-stats-meta)
[2026-05-11T22:18:27] Generated dashboard -> index2.html (value=$1,002.47, days=2)
[2026-05-11T22:18:27] === Done ===
[2026-05-11T22:18:27] Stamped last-updated (05/11/2026 10:18 PM) into index.html
[2026-05-11T22:18:27] --- Pushing updates to GitHub ---
[2026-05-11T22:18:27]   $ git -C "C:\Kei\ComposerInvest" add .
[2026-05-11T22:18:27]   $ git -C "C:\Kei\ComposerInvest" commit -m "daily auto update 2026-05-11"
[2026-05-11T22:18:28]   $ git -C "C:\Kei\ComposerInvest" push
[2026-05-11T22:18:31] GitHub push successful.
[2026-05-12T05:56:47] === Composer daily allocation pull ===
[2026-05-12T05:56:47] Configured symphonies: ['jtQvlI5wINrxpOfxgmgl', 'ZGersOlsQFRHg7U2qnSw']
[2026-05-12T05:56:47] No account_uuid in config; discovering via /accounts/list...
[2026-05-12T05:56:49] Using first account: b0d61a36-f329-4226-9d82-4494deaee5f5
[2026-05-12T05:56:50] (Tip: copy this account_uuid into composer_config.json to skip the lookup next run.)
[2026-05-12T05:56:50] Fetching per-symphony stats from /portfolio/.../symphony-stats-meta...
[2026-05-12T05:56:50] GET /api/v0.1/portfolio/accounts/b0d61a36-f329-4226-9d82-4494deaee5f5/symphony-stats-meta
[2026-05-12T05:56:52] Saved symphony-stats response to composer_symphony_stats_2026-05-12.json
[2026-05-12T05:56:52] --- BLEE - 186 2026 ALL in One (jtQvlI5wINrxpOfxgmgl) ---
[2026-05-12T05:56:52]   Got 15 positions from symphony-stats-meta
[2026-05-12T05:56:52]   Saved today's slice to composer_allocations_2026-05-12.json
[2026-05-12T05:56:52]   Wrote 15 rows for 2026-05-12 to composer_allocations.csv (kept 32 prior rows, source=symphony-stats-meta)
[2026-05-12T05:56:52] Generated dashboard -> index_50.html (value=$40,420.36, days=3)
[2026-05-12T05:56:52] --- BLEE - 185 2026 SGOV Bond and min Dual Reversal (ZGersOlsQFRHg7U2qnSw) ---
[2026-05-12T05:56:52]   Got 3 positions from symphony-stats-meta
[2026-05-12T05:56:52]   Saved today's slice to composer_allocations_185_2026-05-12.json
[2026-05-12T05:56:52]   Wrote 3 rows for 2026-05-12 to composer_allocations_185.csv (kept 6 prior rows, source=symphony-stats-meta)
[2026-05-12T05:56:52] Generated dashboard -> index2.html (value=$1,002.49, days=3)
[2026-05-12T05:56:52] === Done ===
[2026-05-12T05:56:52] Stamped last-updated (05/12/2026 05:56 AM) into index.html
[2026-05-12T05:56:52] --- Pushing updates to GitHub ---
[2026-05-12T05:56:52]   $ git -C "C:\Kei\ComposerInvest" add .
[2026-05-12T05:56:53]   $ git -C "C:\Kei\ComposerInvest" commit -m "daily auto update 2026-05-12"
[2026-05-12T05:56:53]   $ git -C "C:\Kei\ComposerInvest" push
[2026-05-12T05:56:57] GitHub push successful.
[2026-05-12T05:56:58] market_report: === Market report generation started ===
[2026-05-12T05:56:58] market_report: Loaded 15 ETF points from Index_50_point.csv
[2026-05-12T05:56:58] market_report: Loaded 15 ETF allocations from index_50.html
[2026-05-12T05:56:58] market_report: FATAL: UnicodeEncodeError: 'charmap' codec can't encode character '\u2192' in position 61: character maps to <undefined>
[2026-05-12T06:23:12] === Composer daily allocation pull ===
[2026-05-12T06:23:12] Configured symphonies: ['jtQvlI5wINrxpOfxgmgl', 'ZGersOlsQFRHg7U2qnSw']
[2026-05-12T06:23:12] No account_uuid in config; discovering via /accounts/list...
[2026-05-12T06:23:13] Using first account: b0d61a36-f329-4226-9d82-4494deaee5f5
[2026-05-12T06:23:13] (Tip: copy this account_uuid into composer_config.json to skip the lookup next run.)
[2026-05-12T06:23:13] Fetching per-symphony stats from /portfolio/.../symphony-stats-meta...
[2026-05-12T06:23:13] GET /api/v0.1/portfolio/accounts/b0d61a36-f329-4226-9d82-4494deaee5f5/symphony-stats-meta
[2026-05-12T06:23:14] Saved symphony-stats response to composer_symphony_stats_2026-05-12.json
[2026-05-12T06:23:14] --- BLEE - 186 2026 ALL in One (jtQvlI5wINrxpOfxgmgl) ---
[2026-05-12T06:23:14]   Got 15 positions from symphony-stats-meta
[2026-05-12T06:23:14]   Saved today's slice to composer_allocations_2026-05-12.json
[2026-05-12T06:23:15]   Wrote 15 rows for 2026-05-12 to composer_allocations.csv (kept 32 prior rows, source=symphony-stats-meta)
[2026-05-12T06:23:15] Generated dashboard -> index_50.html (value=$40,420.36, days=3)
[2026-05-12T06:23:15] --- BLEE - 185 2026 SGOV Bond and min Dual Reversal (ZGersOlsQFRHg7U2qnSw) ---
[2026-05-12T06:23:15]   Got 3 positions from symphony-stats-meta
[2026-05-12T06:23:15]   Saved today's slice to composer_allocations_185_2026-05-12.json
[2026-05-12T06:23:15]   Wrote 3 rows for 2026-05-12 to composer_allocations_185.csv (kept 6 prior rows, source=symphony-stats-meta)
[2026-05-12T06:23:15] Generated dashboard -> index2.html (value=$1,002.49, days=3)
[2026-05-12T06:23:15] === Done ===
[2026-05-12T06:23:15] Stamped last-updated (05/12/2026 06:23 AM) into index.html
[2026-05-12T06:23:15] --- Pushing updates to GitHub ---
[2026-05-12T06:23:15]   $ git -C "C:\Kei\ComposerInvest" add .
[2026-05-12T06:23:15]   $ git -C "C:\Kei\ComposerInvest" commit -m "daily auto update 2026-05-12"
[2026-05-12T06:23:16]   $ git -C "C:\Kei\ComposerInvest" push
[2026-05-12T06:23:40] GitHub push successful.
[2026-05-12T06:23:41] market_report: === Market report generation started ===
[2026-05-12T06:23:41] market_report: Loaded 15 ETF points from Index_50_point.csv
[2026-05-12T06:23:41] market_report: Loaded 15 ETF allocations from index_50.html
[2026-05-12T06:23:41] market_report: FATAL: UnicodeEncodeError: 'charmap' codec can't encode character '\u2192' in position 61: character maps to <undefined>
[2026-05-12T11:42:37] archive: === Archive started ===
[2026-05-12T11:42:37] archive:   Archived → marketForecast_2026-05-12.html
[2026-05-12T11:42:37] archive:   Archived → dailySignal_2026-05-12.html
[2026-05-12T11:42:37] archive: Rebuilt BackLog/index.html — 1 dates, 2 files
[2026-05-12T11:42:37] archive: === Archive complete ===
[2026-05-12T20:26:11] archive: === Archive started ===
[2026-05-12T20:26:11] archive:   Already archived today: marketForecast_2026-05-12.html
[2026-05-12T20:26:11] archive:   Already archived today: dailySignal_2026-05-12.html
[2026-05-12T20:26:11] archive: Rebuilt BackLog/index.html � 1 dates, 2 files
[2026-05-12T20:26:11] archive: === Archive complete ===
[2026-05-12T20:26:12] === Composer daily allocation pull ===
[2026-05-12T20:26:12] Configured symphonies: ['jtQvlI5wINrxpOfxgmgl', 'ZGersOlsQFRHg7U2qnSw']
[2026-05-12T20:26:12] No account_uuid in config; discovering via /accounts/list...
[2026-05-12T20:26:16] Using first account: b0d61a36-f329-4226-9d82-4494deaee5f5
[2026-05-12T20:26:16] (Tip: copy this account_uuid into composer_config.json to skip the lookup next run.)
[2026-05-12T20:26:16] Fetching per-symphony stats from /portfolio/.../symphony-stats-meta...
[2026-05-12T20:26:16] GET /api/v0.1/portfolio/accounts/b0d61a36-f329-4226-9d82-4494deaee5f5/symphony-stats-meta
[2026-05-12T20:26:18] Saved symphony-stats response to composer_symphony_stats_2026-05-12.json
[2026-05-12T20:26:18] --- BLEE - 186 2026 ALL in One (jtQvlI5wINrxpOfxgmgl) ---
[2026-05-12T20:26:18]   Got 11 positions from symphony-stats-meta
[2026-05-12T20:26:18]   Saved today's slice to composer_allocations_2026-05-12.json
[2026-05-12T20:26:18]   Wrote 11 rows for 2026-05-12 to composer_allocations.csv (kept 32 prior rows, source=symphony-stats-meta)
[2026-05-12T20:26:18] Generated dashboard -> index_50.html (value=$177.50, days=3)
[2026-05-12T20:26:18] --- BLEE - 185 2026 SGOV Bond and min Dual Reversal (ZGersOlsQFRHg7U2qnSw) ---
[2026-05-12T20:26:18]   Got 3 positions from symphony-stats-meta
[2026-05-12T20:26:18]   Saved today's slice to composer_allocations_185_2026-05-12.json
[2026-05-12T20:26:18]   Wrote 3 rows for 2026-05-12 to composer_allocations_185.csv (kept 6 prior rows, source=symphony-stats-meta)
[2026-05-12T20:26:18] Generated dashboard -> index2.html (value=$1,002.13, days=3)
[2026-05-12T20:26:18] === Done ===
[2026-05-12T20:26:19] Stamped last-updated (05/12/2026 08:26 PM) into index.html
[2026-05-12T20:26:19] --- Pushing updates to GitHub ---
[2026-05-12T20:26:19]   $ git -C "C:\Kei\ComposerInvest" add .
[2026-05-12T20:26:19]   $ git -C "C:\Kei\ComposerInvest" commit -m "daily auto update 2026-05-12"
[2026-05-12T20:26:20]   $ git -C "C:\Kei\ComposerInvest" push
[2026-05-12T20:26:28] GitHub push successful.
[2026-05-12T20:26:29] market_report: === Market report generation started ===
[2026-05-12T20:26:29] market_report: Loaded 15 ETF points from Index_50_point.csv
[2026-05-12T20:26:29] market_report: Loaded 11 ETF allocations from index_50.html
[2026-05-12T20:26:29] market_report: FATAL: UnicodeEncodeError: 'charmap' codec can't encode character '\u2192' in position 61: character maps to <undefined>
[2026-05-12T21:01:34] archive: === Archive started ===
[2026-05-12T21:01:34] archive:   Already archived today: marketForecast_2026-05-12.html
[2026-05-12T21:01:34] archive:   Already archived today: dailySignal_2026-05-12.html
[2026-05-12T21:01:34] archive: Rebuilt BackLog/index.html � 1 dates, 2 files
[2026-05-12T21:01:34] archive: === Archive complete ===
[2026-05-12T21:01:35] === Composer daily allocation pull ===
[2026-05-12T21:01:35] Configured symphonies: ['jtQvlI5wINrxpOfxgmgl', 'ZGersOlsQFRHg7U2qnSw']
[2026-05-12T21:01:35] No account_uuid in config; discovering via /accounts/list...
[2026-05-12T21:01:36] Using first account: b0d61a36-f329-4226-9d82-4494deaee5f5
[2026-05-12T21:01:36] (Tip: copy this account_uuid into composer_config.json to skip the lookup next run.)
[2026-05-12T21:01:36] Fetching per-symphony stats from /portfolio/.../symphony-stats-meta...
[2026-05-12T21:01:36] GET /api/v0.1/portfolio/accounts/b0d61a36-f329-4226-9d82-4494deaee5f5/symphony-stats-meta
[2026-05-12T21:01:38] Saved symphony-stats response to composer_symphony_stats_2026-05-12.json
[2026-05-12T21:01:38] --- BLEE - 186 2026 ALL in One (jtQvlI5wINrxpOfxgmgl) ---
[2026-05-12T21:01:38]   Got 11 positions from symphony-stats-meta
[2026-05-12T21:01:38]   Saved today's slice to composer_allocations_2026-05-12.json
[2026-05-12T21:01:38]   Wrote 11 rows for 2026-05-12 to composer_allocations.csv (kept 32 prior rows, source=symphony-stats-meta)
[2026-05-12T21:01:38] Generated dashboard -> index_50.html (value=$177.50, days=3)
[2026-05-12T21:01:38] --- BLEE - 185 2026 SGOV Bond and min Dual Reversal (ZGersOlsQFRHg7U2qnSw) ---
[2026-05-12T21:01:38]   Got 3 positions from symphony-stats-meta
[2026-05-12T21:01:38]   Saved today's slice to composer_allocations_185_2026-05-12.json
[2026-05-12T21:01:38]   Wrote 3 rows for 2026-05-12 to composer_allocations_185.csv (kept 6 prior rows, source=symphony-stats-meta)
[2026-05-12T21:01:38] Generated dashboard -> index2.html (value=$1,002.13, days=3)
[2026-05-12T21:01:38] === Done ===
[2026-05-12T21:01:38] Stamped last-updated (05/12/2026 09:01 PM) into index.html
[2026-05-12T21:01:38] --- Pushing updates to GitHub ---
[2026-05-12T21:01:38]   $ git -C "C:\Kei\ComposerInvest" add .
[2026-05-12T21:01:38]   $ git -C "C:\Kei\ComposerInvest" commit -m "daily auto update 2026-05-12"
[2026-05-12T21:01:38]   $ git -C "C:\Kei\ComposerInvest" push
[2026-05-12T21:01:42] GitHub push successful.
[2026-05-12T21:01:42] market_report: === Market report generation started ===
[2026-05-12T21:01:42] market_report: Loaded 15 ETF points from Index_50_point.csv
[2026-05-12T21:01:42] market_report: Loaded 11 ETF allocations from index_50.html
[2026-05-12T21:01:42] market_report: FATAL: UnicodeEncodeError: 'charmap' codec can't encode character '\u2192' in position 61: character maps to <undefined>
[2026-05-12T21:06:44] archive: === Archive started ===
[2026-05-12T21:06:44] archive:   Already archived today: marketForecast_2026-05-12.html
[2026-05-12T21:06:44] archive:   Already archived today: dailySignal_2026-05-12.html
[2026-05-12T21:06:44] archive: Rebuilt BackLog/index.html � 1 dates, 2 files
[2026-05-12T21:06:44] archive: === Archive complete ===
[2026-05-12T21:06:44] === Composer daily allocation pull ===
[2026-05-12T21:06:44] Configured symphonies: ['jtQvlI5wINrxpOfxgmgl', 'ZGersOlsQFRHg7U2qnSw']
[2026-05-12T21:06:44] No account_uuid in config; discovering via /accounts/list...
[2026-05-12T21:06:45] Using first account: b0d61a36-f329-4226-9d82-4494deaee5f5
[2026-05-12T21:06:45] (Tip: copy this account_uuid into composer_config.json to skip the lookup next run.)
[2026-05-12T21:06:45] Fetching per-symphony stats from /portfolio/.../symphony-stats-meta...
[2026-05-12T21:06:45] GET /api/v0.1/portfolio/accounts/b0d61a36-f329-4226-9d82-4494deaee5f5/symphony-stats-meta
[2026-05-12T21:06:46] Saved symphony-stats response to composer_symphony_stats_2026-05-12.json
[2026-05-12T21:06:46] --- BLEE - 186 2026 ALL in One (jtQvlI5wINrxpOfxgmgl) ---
[2026-05-12T21:06:46]   Got 11 positions from symphony-stats-meta
[2026-05-12T21:06:46]   Saved today's slice to composer_allocations_2026-05-12.json
[2026-05-12T21:06:46]   Wrote 11 rows for 2026-05-12 to composer_allocations.csv (kept 32 prior rows, source=symphony-stats-meta)
[2026-05-12T21:06:46] Generated dashboard -> index_50.html (value=$177.50, days=3)
[2026-05-12T21:06:46] --- BLEE - 185 2026 SGOV Bond and min Dual Reversal (ZGersOlsQFRHg7U2qnSw) ---
[2026-05-12T21:06:46]   Got 3 positions from symphony-stats-meta
[2026-05-12T21:06:46]   Saved today's slice to composer_allocations_185_2026-05-12.json
[2026-05-12T21:06:47]   Wrote 3 rows for 2026-05-12 to composer_allocations_185.csv (kept 6 prior rows, source=symphony-stats-meta)
[2026-05-12T21:06:47] Generated dashboard -> index2.html (value=$1,002.13, days=3)
[2026-05-12T21:06:47] === Done ===
[2026-05-12T21:06:47] Stamped last-updated (05/12/2026 09:06 PM) into index.html
[2026-05-12T21:06:47] --- Pushing updates to GitHub ---
[2026-05-12T21:06:47]   $ git -C "C:\Kei\ComposerInvest" add .
[2026-05-12T21:06:47]   $ git -C "C:\Kei\ComposerInvest" commit -m "daily auto update 2026-05-12"
[2026-05-12T21:06:47]   $ git -C "C:\Kei\ComposerInvest" push
[2026-05-12T21:06:51] GitHub push successful.
[2026-05-12T21:06:52] market_report: === Market report generation started ===
[2026-05-12T21:06:52] market_report: Loaded 15 ETF points from Index_50_point.csv
[2026-05-12T21:06:52] market_report: Loaded 11 ETF allocations from index_50.html
[2026-05-12T21:06:52] market_report: FATAL: UnicodeEncodeError: 'charmap' codec can't encode character '\u2192' in position 61: character maps to <undefined>
[2026-05-12T21:30:30] market_report: === Market report generation started ===
[2026-05-12T21:30:30] market_report: Loaded 15 ETF points from Index_50_point.csv
[2026-05-12T21:30:30] market_report: Loaded 11 ETF allocations from index_50.html
[2026-05-12T21:30:30] market_report: FATAL: UnicodeEncodeError: 'charmap' codec can't encode character '\u2192' in position 61: character maps to <undefined>
[2026-05-12T21:35:23] market_report: === Market report generation started ===
[2026-05-12T21:35:23] market_report: Loaded 15 ETF points from Index_50_point.csv
[2026-05-12T21:35:23] market_report: Loaded 11 ETF allocations from index_50.html
[2026-05-12T21:35:23] market_report: Composite score: +24.61 -> Strong Uptrend
[2026-05-12T21:35:25] market_report: Fetched 3 news items
[2026-05-12T21:35:25] market_report: Updated marketDailySummary.html with score=+24.61 (Strong Uptrend)
[2026-05-12T21:35:25] market_report: === Market report generation complete ===
[2026-05-12T21:59:28] market_report: === Market report generation started ===
[2026-05-12T21:59:28] market_report: Loaded 15 ETF points from Index_50_point.csv
[2026-05-12T21:59:28] market_report: Loaded 11 ETF allocations from index_50.html
[2026-05-12T21:59:28] market_report: Composite score: +24.61 -> Partly Clear Sky Likely
[2026-05-12T21:59:30] market_report:   News: got 3 item(s) so far after WSJ
[2026-05-12T21:59:30] market_report: Fetched 3 news items
[2026-05-12T21:59:30] market_report: Updated marketDailySummary.html with score=+24.61 (Partly Clear Sky Likely)
[2026-05-12T21:59:30] market_report: === Market report generation complete ===
[2026-05-12T21:59:34] archive: === Archive started ===
[2026-05-12T22:00:11] market_report: === Market report generation started ===
[2026-05-12T22:00:11] market_report: Loaded 15 ETF points from Index_50_point.csv
[2026-05-12T22:00:11] market_report: Loaded 11 ETF allocations from index_50.html
[2026-05-12T22:00:11] market_report: Composite score: +24.61 -> Partly Clear Sky Likely
[2026-05-12T22:00:12] market_report:   News: got 3 item(s) so far after WSJ
[2026-05-12T22:00:12] market_report: Fetched 3 news items
[2026-05-12T22:00:12] market_report: Updated marketDailySummary.html with score=+24.61 (Partly Clear Sky Likely)
[2026-05-12T22:00:12] market_report: === Market report generation complete ===
[2026-05-13T15:51:01] archive: === Archive started ===
[2026-05-13T15:51:01] === Composer daily allocation pull ===
[2026-05-13T15:51:01] Configured symphonies: ['jtQvlI5wINrxpOfxgmgl', 'ZGersOlsQFRHg7U2qnSw', 'uP4EOQmkexROiO18SaiN']
[2026-05-13T15:51:01] No account_uuid in config; discovering via /accounts/list...
[2026-05-13T15:51:13] Network error on GET /api/v0.1/accounts/list: <urlopen error [Errno 11001] getaddrinfo failed>
[2026-05-13T15:51:13] FATAL: URLError: <urlopen error [Errno 11001] getaddrinfo failed>
[2026-05-13T15:53:01] market_report: === Market report generation started ===
[2026-05-13T15:53:01] market_report: Loaded 15 ETF points from Index_50_point.csv
[2026-05-13T15:53:01] market_report: Loaded 11 ETF allocations from index_50.html
[2026-05-13T15:53:01] market_report: Composite score: +24.61 -> Partly Clear Sky Likely
[2026-05-13T15:53:13] market_report:   RSS fetch failed (WSJ): <urlopen error [Errno 11001] getaddrinfo failed>
[2026-05-13T15:53:13] market_report:   WSJ: RSS unavailable, using hardcoded fallback
[2026-05-13T15:53:13] market_report:   Selected [WSJ] topic=FED: Fed Signals Patience as Rate Path Stays Data-Dependent
[2026-05-13T15:53:14] market_report:   RSS fetch failed (Yahoo Finance): <urlopen error [Errno 11001] getaddrinfo failed>
[2026-05-13T15:53:14] market_report:   Yahoo Finance: RSS unavailable, using hardcoded fallback
[2026-05-13T15:53:14] market_report:   Selected [Yahoo Finance] topic=EQUITY: S&P 500 Holds Near Highs as Investors Weigh Macro Crosscurrents
[2026-05-13T15:53:14] market_report:   RSS fetch failed (Barron's): <urlopen error [Errno 11001] getaddrinfo failed>
[2026-05-13T15:53:14] market_report:   Barron's: RSS unavailable, using hardcoded fallback
[2026-05-13T15:53:14] market_report:   Selected [Barron's] topic=MACRO: Trade Winds: Tariff Developments Continue to Reshape Global Supply Cha
[2026-05-13T15:53:14] market_report: Fetched 3 news items
[2026-05-13T15:53:14] market_report: Updated marketDailySummary.html with score=+24.61 (Partly Clear Sky Likely)
[2026-05-13T15:53:14] market_report: === Market report generation complete ===
[2026-05-13T18:38:00] archive: === Archive started ===
[2026-05-13T18:38:00] archive:   Already archived today (has real data): marketForecast_2026-05-13.html
[2026-05-13T18:38:00] === Composer daily allocation pull ===
[2026-05-13T18:38:00] Configured symphonies: ['jtQvlI5wINrxpOfxgmgl', 'ZGersOlsQFRHg7U2qnSw', 'uP4EOQmkexROiO18SaiN']
[2026-05-13T18:38:00] No account_uuid in config; discovering via /accounts/list...
[2026-05-13T18:38:02] Using first account: b0d61a36-f329-4226-9d82-4494deaee5f5
[2026-05-13T18:38:02] (Tip: copy this account_uuid into composer_config.json to skip the lookup next run.)
[2026-05-13T18:38:02] Fetching per-symphony stats from /portfolio/.../symphony-stats-meta...
[2026-05-13T18:38:02] GET /api/v0.1/portfolio/accounts/b0d61a36-f329-4226-9d82-4494deaee5f5/symphony-stats-meta
[2026-05-13T18:38:03] Saved symphony-stats response to composer_symphony_stats_2026-05-13.json
[2026-05-13T18:38:03] --- BLEE - 186 2026 ALL in One (jtQvlI5wINrxpOfxgmgl) ---
[2026-05-13T18:38:03]   Got 11 positions from symphony-stats-meta
[2026-05-13T18:38:03]   Saved today's slice to composer_allocations_2026-05-13.json
[2026-05-13T18:38:03]   Wrote 11 rows for 2026-05-13 to composer_allocations.csv (kept 43 prior rows, source=symphony-stats-meta)
[2026-05-13T18:38:03] Generated dashboard -> index_50.html (value=$178.15, days=4)
[2026-05-13T18:38:03] --- BLEE - 185 2026 SGOV Bond and min Dual Reversal (ZGersOlsQFRHg7U2qnSw) ---
[2026-05-13T18:38:03]   Got 2 positions from symphony-stats-meta
[2026-05-13T18:38:03]   Saved today's slice to composer_allocations_185_2026-05-13.json
[2026-05-13T18:38:03]   Wrote 2 rows for 2026-05-13 to composer_allocations_185.csv (kept 9 prior rows, source=symphony-stats-meta)
[2026-05-13T18:38:03] Generated dashboard -> index2.html (value=$1,001.37, days=4)
[2026-05-13T18:38:03] --- BLEE - 185 Algorithm (uP4EOQmkexROiO18SaiN) ---
[2026-05-13T18:38:03]   WARN: symphony-stats-meta returned no positions for uP4EOQmkexROiO18SaiN (check 2026-05-13 JSON to verify the id matches one in the response)
[2026-05-13T18:38:03]   ERROR: no positions found for uP4EOQmkexROiO18SaiN; skipping CSV/HTML for this symphony
[2026-05-13T18:38:03] === Done ===
[2026-05-13T18:38:03] Stamped last-updated (05/13/2026 06:38 PM) into index.html
[2026-05-13T18:38:04] --- Pushing updates to GitHub ---
[2026-05-13T18:38:04]   $ git -C "C:\Kei\ComposerInvest" add .
[2026-05-13T18:38:04]   $ git -C "C:\Kei\ComposerInvest" commit -m "daily auto update 2026-05-13"
[2026-05-13T18:38:04]   $ git -C "C:\Kei\ComposerInvest" push
[2026-05-13T18:38:08] GitHub push successful.
[2026-05-13T18:39:44] market_report: === Market report generation started ===
[2026-05-13T18:39:44] market_report: Loaded 15 ETF points from Index_50_point.csv
[2026-05-13T18:39:44] market_report: Loaded 11 ETF allocations from index_50.html
[2026-05-13T18:39:44] market_report: Composite score: -51.71 -> Thunderstorm Warning
[2026-05-13T18:39:46] market_report:   RSS WSJ: 20 items fetched
[2026-05-13T18:39:46] market_report:   Selected [WSJ] topic=EQUITY: Stocks Sink in Broad AI Rout Sparked by China's DeepSeek
[2026-05-13T18:39:47] market_report:   RSS Yahoo Finance: 47 items fetched
[2026-05-13T18:39:47] market_report:   Selected [Yahoo Finance] topic=OTHER: Explained: What is a perpetual DEX? A Wall Street primer featuring Dec
[2026-05-13T18:39:49] market_report:   RSS fetch failed (Barron's): HTTP Error 403: Forbidden
[2026-05-13T18:39:49] market_report:   Barron's: RSS unavailable, using hardcoded fallback
[2026-05-13T18:39:49] market_report:   Selected [Barron's] topic=MACRO: Trade Winds: Tariff Developments Continue to Reshape Global Supply Cha
[2026-05-13T18:39:49] market_report: Fetched 3 news items
[2026-05-13T18:39:49] market_report: Updated marketDailySummary.html with score=-51.71 (Thunderstorm Warning)
[2026-05-13T18:39:49] market_report: === Market report generation complete ===
[2026-05-13T22:46:34] market_report: === Market report generation started ===
[2026-05-13T22:46:34] market_report: Loaded 15 ETF points from Index_50_point.csv
[2026-05-13T22:46:34] market_report: Loaded 11 ETF allocations from index_50.html
[2026-05-13T22:46:34] market_report: Composite score: -51.71 -> Thunderstorm Warning
[2026-05-13T22:46:34] market_report:   RSS fetch failed (WSJ): <urlopen error Tunnel connection failed: 403 Forbidden>
[2026-05-13T22:46:34] market_report:   WSJ: RSS unavailable, using hardcoded fallback
[2026-05-13T22:46:34] market_report:   Selected [WSJ] topic=FED: Fed Signals Patience as Rate Path Stays Data-Dependent
[2026-05-13T22:46:34] market_report:   RSS fetch failed (Yahoo Finance): <urlopen error Tunnel connection failed: 403 Forbidden>
[2026-05-13T22:46:34] market_report:   Yahoo Finance: RSS unavailable, using hardcoded fallback
[2026-05-13T22:46:34] market_report:   Selected [Yahoo Finance] topic=EQUITY: S&P 500 Holds Near Highs as Investors Weigh Macro Crosscurrents
[2026-05-13T22:46:34] market_report:   RSS fetch failed (Barron's): <urlopen error Tunnel connection failed: 403 Forbidden>
[2026-05-13T22:46:34] market_report:   Barron's: RSS unavailable, using hardcoded fallback
[2026-05-13T22:46:34] market_report:   Selected [Barron's] topic=MACRO: Trade Winds: Tariff Developments Continue to Reshape Global Supply Cha
[2026-05-13T22:46:34] market_report: Fetched 3 news items
[2026-05-13T22:46:34] market_report: Updated marketDailySummary.html with score=-51.71 (Thunderstorm Warning)
[2026-05-13T22:46:34] market_report: === Market report generation complete ===
[2026-05-13T18:53:17] archive: === Archive started ===
[2026-05-13T18:53:17] archive:   Already archived today (has real data): marketForecast_2026-05-13.html
[2026-05-13T18:53:17] archive:   Already archived today (has real data): dailySignal_2026-05-13.html
[2026-05-13T18:53:17] archive: Rebuilt BackLog/index.html � 2 dates, 4 files
[2026-05-13T18:53:17] archive: === Archive complete ===
[2026-05-13T18:53:18] === Composer daily allocation pull ===
[2026-05-13T18:53:18] Configured symphonies: ['sRxc0F27TQYj10bWwIlO', 'ZGersOlsQFRHg7U2qnSw', 'uP4EOQmkexROiO18SaiN']
[2026-05-13T18:53:18] No account_uuid in config; discovering via /accounts/list...
[2026-05-13T18:53:19] Using first account: b0d61a36-f329-4226-9d82-4494deaee5f5
[2026-05-13T18:53:19] (Tip: copy this account_uuid into composer_config.json to skip the lookup next run.)
[2026-05-13T18:53:19] Fetching per-symphony stats from /portfolio/.../symphony-stats-meta...
[2026-05-13T18:53:19] GET /api/v0.1/portfolio/accounts/b0d61a36-f329-4226-9d82-4494deaee5f5/symphony-stats-meta
[2026-05-13T18:53:20] Saved symphony-stats response to composer_symphony_stats_2026-05-13.json
[2026-05-13T18:53:20] --- BLEE - 186 2026 ALL in One (sRxc0F27TQYj10bWwIlO) ---
[2026-05-13T18:53:20]   Got 16 positions from symphony-stats-meta
[2026-05-13T18:53:20]   Saved today's slice to composer_allocations_2026-05-13.json
[2026-05-13T18:53:20]   Wrote 16 rows for 2026-05-13 to composer_allocations.csv (kept 43 prior rows, source=symphony-stats-meta)
[2026-05-13T18:53:20] Generated dashboard -> index_50.html (value=$50,218.76, days=4)
[2026-05-13T18:53:20] --- BLEE - 185 2026 SGOV Bond and min Dual Reversal (ZGersOlsQFRHg7U2qnSw) ---
[2026-05-13T18:53:20]   Got 2 positions from symphony-stats-meta
[2026-05-13T18:53:20]   Saved today's slice to composer_allocations_185_2026-05-13.json
[2026-05-13T18:53:20]   Wrote 2 rows for 2026-05-13 to composer_allocations_185.csv (kept 9 prior rows, source=symphony-stats-meta)
[2026-05-13T18:53:20] Generated dashboard -> index2.html (value=$1,001.37, days=4)
[2026-05-13T18:53:20] --- BLEE - 185 Algorithm (uP4EOQmkexROiO18SaiN) ---
[2026-05-13T18:53:20]   WARN: symphony-stats-meta returned no positions for uP4EOQmkexROiO18SaiN (check 2026-05-13 JSON to verify the id matches one in the response)
[2026-05-13T18:53:20]   ERROR: no positions found for uP4EOQmkexROiO18SaiN; skipping CSV/HTML for this symphony
[2026-05-13T18:53:20] === Done ===
[2026-05-13T18:53:20] Stamped last-updated (05/13/2026 06:53 PM) into index.html
[2026-05-13T18:53:20] --- Pushing updates to GitHub ---
[2026-05-13T18:53:20]   $ git -C "C:\Kei\ComposerInvest" add .
[2026-05-13T18:53:21]   $ git -C "C:\Kei\ComposerInvest" commit -m "daily auto update 2026-05-13"
[2026-05-13T18:53:21]   $ git -C "C:\Kei\ComposerInvest" push
[2026-05-13T18:53:25] GitHub push successful.
[2026-05-13T18:54:06] market_report: === Market report generation started ===
[2026-05-13T18:54:06] market_report: Loaded 15 ETF points from Index_50_point.csv
[2026-05-13T18:54:06] market_report: Loaded 16 ETF allocations from index_50.html
[2026-05-13T18:54:06] market_report: Composite score: -36.61 -> Rain in the Forecast
[2026-05-13T18:54:07] market_report:   RSS WSJ: 20 items fetched
[2026-05-13T18:54:07] market_report:   Selected [WSJ] topic=EQUITY: Stocks Sink in Broad AI Rout Sparked by China's DeepSeek
[2026-05-13T18:54:08] market_report:   RSS Yahoo Finance: 47 items fetched
[2026-05-13T18:54:08] market_report:   Selected [Yahoo Finance] topic=OTHER: Explained: What is a perpetual DEX? A Wall Street primer featuring Dec
[2026-05-13T18:54:10] market_report:   RSS fetch failed (Barron's): HTTP Error 403: Forbidden
[2026-05-13T18:54:10] market_report:   Barron's: RSS unavailable, using hardcoded fallback
[2026-05-13T18:54:10] market_report:   Selected [Barron's] topic=MACRO: Trade Winds: Tariff Developments Continue to Reshape Global Supply Cha
[2026-05-13T18:54:10] market_report: Fetched 3 news items
[2026-05-13T18:54:10] market_report: Updated marketDailySummary.html with score=-36.61 (Rain in the Forecast)
[2026-05-13T18:54:10] market_report: === Market report generation complete ===
[2026-05-13T19:27:59] archive: === Archive started ===
[2026-05-13T19:27:59] archive:   Already archived today (has real data): marketForecast_2026-05-13.html
[2026-05-13T19:27:59] archive:   Already archived today (has real data): dailySignal_2026-05-13.html
[2026-05-13T19:27:59] archive: Rebuilt BackLog/index.html � 2 dates, 4 files
[2026-05-13T19:27:59] archive: === Archive complete ===
[2026-05-13T19:27:59] === Composer daily allocation pull ===
[2026-05-13T19:27:59] Configured symphonies: ['sRxc0F27TQYj10bWwIlO', 'qjmHJ3IR19kmaAlbgkNj', 'uP4EOQmkexROiO18SaiN']
[2026-05-13T19:27:59] No account_uuid in config; discovering via /accounts/list...
[2026-05-13T19:28:01] Using first account: b0d61a36-f329-4226-9d82-4494deaee5f5
[2026-05-13T19:28:01] (Tip: copy this account_uuid into composer_config.json to skip the lookup next run.)
[2026-05-13T19:28:01] Fetching per-symphony stats from /portfolio/.../symphony-stats-meta...
[2026-05-13T19:28:01] GET /api/v0.1/portfolio/accounts/b0d61a36-f329-4226-9d82-4494deaee5f5/symphony-stats-meta
[2026-05-13T19:28:02] Saved symphony-stats response to composer_symphony_stats_2026-05-13.json
[2026-05-13T19:28:02] --- BLEE - 186 2026 ALL in One (sRxc0F27TQYj10bWwIlO) ---
[2026-05-13T19:28:02]   Got 16 positions from symphony-stats-meta
[2026-05-13T19:28:02]   Saved today's slice to composer_allocations_2026-05-13.json
[2026-05-13T19:28:02]   Wrote 16 rows for 2026-05-13 to composer_allocations.csv (kept 43 prior rows, source=symphony-stats-meta)
[2026-05-13T19:28:02] Generated dashboard -> index_50.html (value=$50,218.76, days=4)
[2026-05-13T19:28:02] --- BLEE - 185 2026 SGOV Bond and min Dual Reversal (qjmHJ3IR19kmaAlbgkNj) ---
[2026-05-13T19:28:02]   WARN: symphony-stats-meta returned no positions for qjmHJ3IR19kmaAlbgkNj (check 2026-05-13 JSON to verify the id matches one in the response)
[2026-05-13T19:28:02]   ERROR: no positions found for qjmHJ3IR19kmaAlbgkNj; skipping CSV/HTML for this symphony
[2026-05-13T19:28:02] --- BLEE - 185 Algorithm (uP4EOQmkexROiO18SaiN) ---
[2026-05-13T19:28:02]   WARN: symphony-stats-meta returned no positions for uP4EOQmkexROiO18SaiN (check 2026-05-13 JSON to verify the id matches one in the response)
[2026-05-13T19:28:02]   ERROR: no positions found for uP4EOQmkexROiO18SaiN; skipping CSV/HTML for this symphony
[2026-05-13T19:28:02] === Done ===
[2026-05-13T19:28:02] Stamped last-updated (05/13/2026 07:28 PM) into index.html
[2026-05-13T19:28:02] --- Pushing updates to GitHub ---
[2026-05-13T19:28:02]   $ git -C "C:\Kei\ComposerInvest" add .
[2026-05-13T19:28:02]   $ git -C "C:\Kei\ComposerInvest" commit -m "daily auto update 2026-05-13"
[2026-05-13T19:28:03]   $ git -C "C:\Kei\ComposerInvest" push
[2026-05-13T19:28:06] GitHub push successful.
[2026-05-13T19:32:12] market_report: === Market report generation started ===
[2026-05-13T19:32:12] market_report: Loaded 15 ETF points from Index_50_point.csv
[2026-05-13T19:32:12] market_report: Loaded 16 ETF allocations from index_50.html
[2026-05-13T19:32:12] market_report: Composite score: -36.61 -> Rain in the Forecast
[2026-05-13T19:32:13] market_report:   RSS WSJ: 20 items fetched
[2026-05-13T19:32:13] market_report:   Selected [WSJ] topic=EQUITY: Stocks Sink in Broad AI Rout Sparked by China's DeepSeek
[2026-05-13T19:32:15] market_report:   RSS Yahoo Finance: 47 items fetched
[2026-05-13T19:32:15] market_report:   Selected [Yahoo Finance] topic=OTHER: Explained: What is a perpetual DEX? A Wall Street primer featuring Dec
[2026-05-13T19:32:16] market_report:   RSS fetch failed (Barron's): HTTP Error 403: Forbidden
[2026-05-13T19:32:16] market_report:   Barron's: RSS unavailable, using hardcoded fallback
[2026-05-13T19:32:16] market_report:   Selected [Barron's] topic=MACRO: Trade Winds: Tariff Developments Continue to Reshape Global Supply Cha
[2026-05-13T19:32:16] market_report: Fetched 3 news items
[2026-05-13T19:32:16] market_report: Updated marketDailySummary.html with score=-36.61 (Rain in the Forecast)
[2026-05-13T19:32:16] market_report: === Market report generation complete ===
[2026-05-13T19:32:59] archive: === Archive started ===
[2026-05-13T19:32:59] archive:   Already archived today (has real data): marketForecast_2026-05-13.html
[2026-05-13T19:32:59] archive:   Already archived today (has real data): dailySignal_2026-05-13.html
[2026-05-13T19:32:59] archive: Rebuilt BackLog/index.html � 2 dates, 4 files
[2026-05-13T19:32:59] archive: === Archive complete ===
[2026-05-13T19:32:59] === Composer daily allocation pull ===
[2026-05-13T19:32:59] Configured symphonies: ['sRxc0F27TQYj10bWwIlO', 'qjmHJ3IR19kmaAlbgkNj', 'uP4EOQmkexROiO18SaiN']
[2026-05-13T19:32:59] No account_uuid in config; discovering via /accounts/list...
[2026-05-13T19:33:01] Using first account: b0d61a36-f329-4226-9d82-4494deaee5f5
[2026-05-13T19:33:01] (Tip: copy this account_uuid into composer_config.json to skip the lookup next run.)
[2026-05-13T19:33:01] Fetching per-symphony stats from /portfolio/.../symphony-stats-meta...
[2026-05-13T19:33:01] GET /api/v0.1/portfolio/accounts/b0d61a36-f329-4226-9d82-4494deaee5f5/symphony-stats-meta
[2026-05-13T19:33:02] Saved symphony-stats response to composer_symphony_stats_2026-05-13.json
[2026-05-13T19:33:02] --- BLEE - 186 2026 ALL in One (sRxc0F27TQYj10bWwIlO) ---
[2026-05-13T19:33:02]   Got 16 positions from symphony-stats-meta
[2026-05-13T19:33:02]   Saved today's slice to composer_allocations_2026-05-13.json
[2026-05-13T19:33:02]   Wrote 16 rows for 2026-05-13 to composer_allocations.csv (kept 43 prior rows, source=symphony-stats-meta)
[2026-05-13T19:33:02] Generated dashboard -> index_50.html (value=$50,218.76, days=4)
[2026-05-13T19:33:02] --- BLEE - 185 2026 SGOV Bond and min Dual Reversal (qjmHJ3IR19kmaAlbgkNj) ---
[2026-05-13T19:33:02]   WARN: symphony-stats-meta returned no positions for qjmHJ3IR19kmaAlbgkNj (check 2026-05-13 JSON to verify the id matches one in the response)
[2026-05-13T19:33:02]   ERROR: no positions found for qjmHJ3IR19kmaAlbgkNj; skipping CSV/HTML for this symphony
[2026-05-13T19:33:02] --- BLEE - 185 Algorithm (uP4EOQmkexROiO18SaiN) ---
[2026-05-13T19:33:02]   WARN: symphony-stats-meta returned no positions for uP4EOQmkexROiO18SaiN (check 2026-05-13 JSON to verify the id matches one in the response)
[2026-05-13T19:33:02]   ERROR: no positions found for uP4EOQmkexROiO18SaiN; skipping CSV/HTML for this symphony
[2026-05-13T19:33:02] === Done ===
[2026-05-13T19:33:02] Stamped last-updated (05/13/2026 07:33 PM) into index.html
[2026-05-13T19:33:02] --- Pushing updates to GitHub ---
[2026-05-13T19:33:02]   $ git -C "C:\Kei\ComposerInvest" add .
[2026-05-13T19:33:02]   $ git -C "C:\Kei\ComposerInvest" commit -m "daily auto update 2026-05-13"
[2026-05-13T19:33:03]   $ git -C "C:\Kei\ComposerInvest" push
[2026-05-13T19:33:06] GitHub push successful.
[2026-05-13T19:33:09] market_report: === Market report generation started ===
[2026-05-13T19:33:09] market_report: Loaded 15 ETF points from Index_50_point.csv
[2026-05-13T19:33:09] market_report: Loaded 16 ETF allocations from index_50.html
[2026-05-13T19:33:09] market_report: Composite score: -36.61 -> Rain in the Forecast
[2026-05-13T19:33:10] market_report:   RSS WSJ: 20 items fetched
[2026-05-13T19:33:10] market_report:   Selected [WSJ] topic=EQUITY: Stocks Sink in Broad AI Rout Sparked by China's DeepSeek
[2026-05-13T19:33:11] market_report:   RSS Yahoo Finance: 47 items fetched
[2026-05-13T19:33:11] market_report:   Selected [Yahoo Finance] topic=OTHER: Explained: What is a perpetual DEX? A Wall Street primer featuring Dec
[2026-05-13T19:33:13] market_report:   RSS fetch failed (Barron's): HTTP Error 403: Forbidden
[2026-05-13T19:33:13] market_report:   Barron's: RSS unavailable, using hardcoded fallback
[2026-05-13T19:33:13] market_report:   Selected [Barron's] topic=MACRO: Trade Winds: Tariff Developments Continue to Reshape Global Supply Cha
[2026-05-13T19:33:13] market_report: Fetched 3 news items
[2026-05-13T19:33:13] market_report: Updated marketDailySummary.html with score=-36.61 (Rain in the Forecast)
[2026-05-13T19:33:13] market_report: === Market report generation complete ===
[2026-05-13T20:49:52] market_report: === Market report generation started ===
[2026-05-13T20:49:52] market_report: Loaded 15 ETF points from Index_50_point.csv
[2026-05-13T20:49:52] market_report: Loaded 16 ETF allocations from index_50.html
[2026-05-13T20:49:52] market_report: Composite score: -36.61 -> Rain in the Forecast
[2026-05-13T20:49:53] market_report:   RSS WSJ: 20 items fetched
[2026-05-13T20:49:53] market_report:   Selected [WSJ] topic=EQUITY: Stocks Sink in Broad AI Rout Sparked by China's DeepSeek
[2026-05-13T20:49:55] market_report:   RSS Yahoo Finance: 43 items fetched
[2026-05-13T20:49:55] market_report:   Selected [Yahoo Finance] topic=OTHER: Forget the Split: KLA’s 17th Straight Dividend Raise Is the Real Story
[2026-05-13T20:49:56] market_report:   RSS fetch failed (Barron's): HTTP Error 403: Forbidden
[2026-05-13T20:49:56] market_report:   Barron's: RSS unavailable, using hardcoded fallback
[2026-05-13T20:49:56] market_report:   Selected [Barron's] topic=MACRO: Trade Winds: Tariff Developments Continue to Reshape Global Supply Cha
[2026-05-13T20:49:56] market_report: Fetched 3 news items
[2026-05-13T20:49:56] market_report: Updated marketDailySummary.html with score=-36.61 (Rain in the Forecast)
[2026-05-13T20:49:56] market_report: === Market report generation complete ===
[2026-05-13T20:55:50] archive: === Archive started ===
[2026-05-13T20:55:50] archive:   Already archived today (has real data): marketForecast_2026-05-13.html
[2026-05-13T20:55:50] archive:   Already archived today (has real data): dailySignal_2026-05-13.html
[2026-05-13T20:55:50] archive: Rebuilt BackLog/index.html � 2 dates, 4 files
[2026-05-13T20:55:50] archive: === Archive complete ===
[2026-05-13T20:55:51] === Composer daily allocation pull ===
[2026-05-13T20:55:51] Configured symphonies: ['sRxc0F27TQYj10bWwIlO', 'qjmHJ3IR19kmaAlbgkNj', 'uP4EOQmkexROiO18SaiN']
[2026-05-13T20:55:51] No account_uuid in config; discovering via /accounts/list...
[2026-05-13T20:55:52] Using first account: b0d61a36-f329-4226-9d82-4494deaee5f5
[2026-05-13T20:55:52] (Tip: copy this account_uuid into composer_config.json to skip the lookup next run.)
[2026-05-13T20:55:52] Fetching per-symphony stats from /portfolio/.../symphony-stats-meta...
[2026-05-13T20:55:52] GET /api/v0.1/portfolio/accounts/b0d61a36-f329-4226-9d82-4494deaee5f5/symphony-stats-meta
[2026-05-13T20:55:54] Saved symphony-stats response to composer_symphony_stats_2026-05-13.json
[2026-05-13T20:55:54] --- BLEE - 186 2026 ALL in One (sRxc0F27TQYj10bWwIlO) ---
[2026-05-13T20:55:54]   Got 16 positions from symphony-stats-meta
[2026-05-13T20:55:54]   Saved today's slice to composer_allocations_2026-05-13.json
[2026-05-13T20:55:54]   Wrote 16 rows for 2026-05-13 to composer_allocations.csv (kept 43 prior rows, source=symphony-stats-meta)
[2026-05-13T20:55:54] Generated dashboard -> index_50.html (value=$50,218.76, days=4)
[2026-05-13T20:55:54] --- BLEE - 185 2026 SGOV Bond and min Dual Reversal (qjmHJ3IR19kmaAlbgkNj) ---
[2026-05-13T20:55:54]   WARN: symphony-stats-meta returned no positions for qjmHJ3IR19kmaAlbgkNj (check 2026-05-13 JSON to verify the id matches one in the response)
[2026-05-13T20:55:54]   ERROR: no positions found for qjmHJ3IR19kmaAlbgkNj; skipping CSV/HTML for this symphony
[2026-05-13T20:55:54] --- BLEE - 185 Algorithm (uP4EOQmkexROiO18SaiN) ---
[2026-05-13T20:55:54]   WARN: symphony-stats-meta returned no positions for uP4EOQmkexROiO18SaiN (check 2026-05-13 JSON to verify the id matches one in the response)
[2026-05-13T20:55:54]   ERROR: no positions found for uP4EOQmkexROiO18SaiN; skipping CSV/HTML for this symphony
[2026-05-13T20:55:54] === Done ===
[2026-05-13T20:55:54] Stamped last-updated (05/13/2026 08:55 PM) into index.html
[2026-05-13T20:55:54] --- Pushing updates to GitHub ---
[2026-05-13T20:55:54]   $ git -C "C:\Kei\ComposerInvest" add .
[2026-05-13T20:55:54]   $ git -C "C:\Kei\ComposerInvest" commit -m "daily auto update 2026-05-13"
[2026-05-13T20:55:54]   $ git -C "C:\Kei\ComposerInvest" push
[2026-05-13T20:55:57] GitHub push successful.
[2026-05-13T20:58:29] archive: === Archive started ===
[2026-05-13T20:58:29] archive:   Already archived today (has real data): marketForecast_2026-05-13.html
[2026-05-13T20:58:29] archive:   Already archived today (has real data): dailySignal_2026-05-13.html
[2026-05-13T20:58:29] archive: Rebuilt BackLog/index.html � 2 dates, 4 files
[2026-05-13T20:58:29] archive: === Archive complete ===
[2026-05-13T20:58:30] === Composer daily allocation pull ===
[2026-05-13T20:58:30] Configured symphonies: ['sRxc0F27TQYj10bWwIlO', 'qjmHJ3IR19kmaAlbgkNj', 'uP4EOQmkexROiO18SaiN']
[2026-05-13T20:58:30] No account_uuid in config; discovering via /accounts/list...
[2026-05-13T20:58:31] Using first account: b0d61a36-f329-4226-9d82-4494deaee5f5
[2026-05-13T20:58:31] (Tip: copy this account_uuid into composer_config.json to skip the lookup next run.)
[2026-05-13T20:58:31] Fetching per-symphony stats from /portfolio/.../symphony-stats-meta...
[2026-05-13T20:58:31] GET /api/v0.1/portfolio/accounts/b0d61a36-f329-4226-9d82-4494deaee5f5/symphony-stats-meta
[2026-05-13T20:58:32] Saved symphony-stats response to composer_symphony_stats_2026-05-13.json
[2026-05-13T20:58:32] --- BLEE - 186 2026 ALL in One (sRxc0F27TQYj10bWwIlO) ---
[2026-05-13T20:58:32]   Got 16 positions from symphony-stats-meta
[2026-05-13T20:58:32]   Saved today's slice to composer_allocations_2026-05-13.json
[2026-05-13T20:58:32]   Wrote 16 rows for 2026-05-13 to composer_allocations.csv (kept 43 prior rows, source=symphony-stats-meta)
[2026-05-13T20:58:32] Generated dashboard -> index_50.html (value=$50,218.76, days=4)
[2026-05-13T20:58:32] --- BLEE - 185 2026 SGOV Bond and min Dual Reversal (qjmHJ3IR19kmaAlbgkNj) ---
[2026-05-13T20:58:32]   WARN: symphony-stats-meta returned no positions for qjmHJ3IR19kmaAlbgkNj (check 2026-05-13 JSON to verify the id matches one in the response)
[2026-05-13T20:58:32]   ERROR: no positions found for qjmHJ3IR19kmaAlbgkNj; skipping CSV/HTML for this symphony
[2026-05-13T20:58:32] --- BLEE - 185 Algorithm (uP4EOQmkexROiO18SaiN) ---
[2026-05-13T20:58:32]   WARN: symphony-stats-meta returned no positions for uP4EOQmkexROiO18SaiN (check 2026-05-13 JSON to verify the id matches one in the response)
[2026-05-13T20:58:32]   ERROR: no positions found for uP4EOQmkexROiO18SaiN; skipping CSV/HTML for this symphony
[2026-05-13T20:58:32] === Done ===
[2026-05-13T20:58:32] Stamped last-updated (05/13/2026 08:58 PM) into index.html
[2026-05-13T20:58:32] --- Pushing updates to GitHub ---
[2026-05-13T20:58:32]   $ git -C "C:\Kei\ComposerInvest" add .
[2026-05-13T20:58:32]   $ git -C "C:\Kei\ComposerInvest" commit -m "daily auto update 2026-05-13"
[2026-05-13T20:58:33]   $ git -C "C:\Kei\ComposerInvest" push
[2026-05-13T20:58:36] GitHub push successful.
[2026-05-13T20:58:39] market_report: === Market report generation started ===
[2026-05-13T20:58:39] market_report: Loaded 15 ETF points from Index_50_point.csv
[2026-05-13T20:58:39] market_report: Loaded 16 ETF allocations from index_50.html
[2026-05-13T20:58:39] market_report: Composite score: -36.61 -> Rain in the Forecast
[2026-05-13T20:58:40] market_report:   RSS WSJ: 20 items fetched
[2026-05-13T20:58:40] market_report:   Selected [WSJ] topic=EQUITY: Stocks Sink in Broad AI Rout Sparked by China's DeepSeek
[2026-05-13T20:58:41] market_report:   RSS Yahoo Finance: 43 items fetched
[2026-05-13T20:58:41] market_report:   Selected [Yahoo Finance] topic=MACRO: Inflation's old ceiling is starting to look like a floor — why that's 
[2026-05-13T20:58:43] market_report:   RSS fetch failed (Barron's): HTTP Error 403: Forbidden
[2026-05-13T20:58:43] market_report:   Barron's: RSS unavailable, using hardcoded fallback
[2026-05-13T20:58:43] market_report:   Selected [Barron's] topic=MACRO: Trade Winds: Tariff Developments Continue to Reshape Global Supply Cha
[2026-05-13T20:58:43] market_report: Fetched 3 news items
[2026-05-13T20:58:43] market_report: Updated marketDailySummary.html with score=-36.61 (Rain in the Forecast)
[2026-05-13T20:58:43] market_report: === Market report generation complete ===
[2026-05-13T21:42:21] archive: === Archive started ===
[2026-05-13T21:42:21] archive:   Already archived today (has real data): marketForecast_2026-05-13.html
[2026-05-13T21:42:21] archive:   Already archived today (has real data): dailySignal_2026-05-13.html
[2026-05-13T21:42:21] archive: Rebuilt BackLog/index.html � 2 dates, 4 files
[2026-05-13T21:42:21] archive: === Archive complete ===
[2026-05-13T21:42:21] === Composer daily allocation pull ===
[2026-05-13T21:42:21] Configured symphonies: ['sRxc0F27TQYj10bWwIlO', 'qjmHJ3IR19kmaAlbgkNj', 'uP4EOQmkexROiO18SaiN']
[2026-05-13T21:42:21] No account_uuid in config; discovering via /accounts/list...
[2026-05-13T21:42:22] Using first account: b0d61a36-f329-4226-9d82-4494deaee5f5
[2026-05-13T21:42:22] (Tip: copy this account_uuid into composer_config.json to skip the lookup next run.)
[2026-05-13T21:42:22] Fetching per-symphony stats from /portfolio/.../symphony-stats-meta...
[2026-05-13T21:42:22] GET /api/v0.1/portfolio/accounts/b0d61a36-f329-4226-9d82-4494deaee5f5/symphony-stats-meta
[2026-05-13T21:42:23] Saved symphony-stats response to composer_symphony_stats_2026-05-13.json
[2026-05-13T21:42:23] --- BLEE - 186 2026 ALL in One (sRxc0F27TQYj10bWwIlO) ---
[2026-05-13T21:42:23]   Got 16 positions from symphony-stats-meta
[2026-05-13T21:42:23]   RSI override not triggered: No RSI history available
[2026-05-13T21:42:23]   Saved today's slice to composer_allocations_2026-05-13.json
[2026-05-13T21:42:23]   Wrote 16 rows for 2026-05-13 to composer_allocations.csv (kept 43 prior rows, source=symphony-stats-meta)
[2026-05-13T21:42:23] Generated dashboard -> index_50.html (value=$50,218.76, days=4)
[2026-05-13T21:42:23] --- BLEE - 187 2026 SGOV Bond 20% Yield and Min Dual Reversal (qjmHJ3IR19kmaAlbgkNj) ---
[2026-05-13T21:42:23]   WARN: symphony-stats-meta returned no positions for qjmHJ3IR19kmaAlbgkNj (check 2026-05-13 JSON to verify the id matches one in the response)
[2026-05-13T21:42:23]   ERROR: no positions found for qjmHJ3IR19kmaAlbgkNj; skipping CSV/HTML for this symphony
[2026-05-13T21:42:23] --- BLEE - 185 Algorithm (uP4EOQmkexROiO18SaiN) ---
[2026-05-13T21:42:23]   WARN: symphony-stats-meta returned no positions for uP4EOQmkexROiO18SaiN (check 2026-05-13 JSON to verify the id matches one in the response)
[2026-05-13T21:42:23]   ERROR: no positions found for uP4EOQmkexROiO18SaiN; skipping CSV/HTML for this symphony
[2026-05-13T21:42:23] === Done ===
[2026-05-13T21:42:28] Stamped last-updated (05/13/2026 09:42 PM ET) into index.html
[2026-05-13T21:42:28] Stamped last-updated (05/13/2026 09:42 PM ET) into performance1.html
[2026-05-13T21:42:28] Stamped last-updated (05/13/2026 09:42 PM ET) into Algorithm185History.html
[2026-05-13T21:42:28] --- Pushing updates to GitHub ---
[2026-05-13T21:42:28]   $ git -C "C:\Kei\ComposerInvest" add .
[2026-05-13T21:42:28]   $ git -C "C:\Kei\ComposerInvest" commit -m "daily auto update 2026-05-13"
[2026-05-13T21:42:28]   $ git -C "C:\Kei\ComposerInvest" push
[2026-05-13T21:42:32] GitHub push successful.
[2026-05-13T21:42:35] market_report: === Market report generation started ===
[2026-05-13T21:42:35] market_report: Loaded 15 ETF points from Index_50_point.csv
[2026-05-13T21:42:36] market_report: Loaded 16 ETF allocations from index_50.html
[2026-05-13T21:42:36] market_report:   RSI signal: RSI data unavailable (no adjustment)
[2026-05-13T21:42:36] market_report:   RSI override not triggered: No RSI history available
[2026-05-13T21:42:36] market_report: Composite score: -36.61 -> Rain in the Forecast
[2026-05-13T21:42:37] market_report:   RSS WSJ: 20 items fetched
[2026-05-13T21:42:37] market_report:   Selected [WSJ] topic=EQUITY: Stocks Sink in Broad AI Rout Sparked by China's DeepSeek
[2026-05-13T21:42:38] market_report:   RSS Yahoo Finance: 43 items fetched
[2026-05-13T21:42:38] market_report:   Selected [Yahoo Finance] topic=OTHER: Arty Labels boosts productivity with UV digital press from Packnology
[2026-05-13T21:42:39] market_report:   RSS fetch failed (Barron's): HTTP Error 403: Forbidden
[2026-05-13T21:42:39] market_report:   Barron's: RSS unavailable, using hardcoded fallback
[2026-05-13T21:42:39] market_report:   Selected [Barron's] topic=MACRO: Trade Winds: Tariff Developments Continue to Reshape Global Supply Cha
[2026-05-13T21:42:39] market_report: Fetched 3 news items
[2026-05-13T21:42:40] market_report: Updated marketDailySummary.html with score=-36.61 (Rain in the Forecast)
[2026-05-13T21:42:47] market_report: === Market report generation complete ===
[2026-05-13T21:56:55] archive: === Archive started ===
[2026-05-13T21:56:55] archive:   Already archived today (has real data): marketForecast_2026-05-13.html
[2026-05-13T21:56:55] archive:   Already archived today (has real data): dailySignal_2026-05-13.html
[2026-05-13T21:56:55] archive: Rebuilt BackLog/index.html � 2 dates, 4 files
[2026-05-13T21:56:55] archive: === Archive complete ===
[2026-05-13T21:56:56] === Composer daily allocation pull ===
[2026-05-13T21:56:56] Configured symphonies: ['sRxc0F27TQYj10bWwIlO', 'qjmHJ3IR19kmaAlbgkNj', 'uP4EOQmkexROiO18SaiN']
[2026-05-13T21:56:56] No account_uuid in config; discovering via /accounts/list...
[2026-05-13T21:56:57] Using first account: b0d61a36-f329-4226-9d82-4494deaee5f5
[2026-05-13T21:56:57] (Tip: copy this account_uuid into composer_config.json to skip the lookup next run.)
[2026-05-13T21:56:57] Fetching per-symphony stats from /portfolio/.../symphony-stats-meta...
[2026-05-13T21:56:57] GET /api/v0.1/portfolio/accounts/b0d61a36-f329-4226-9d82-4494deaee5f5/symphony-stats-meta
[2026-05-13T21:56:58] Saved symphony-stats response to composer_symphony_stats_2026-05-13.json
[2026-05-13T21:56:58] --- BLEE - 186 2026 ALL in One (sRxc0F27TQYj10bWwIlO) ---
[2026-05-13T21:56:58]   Got 16 positions from symphony-stats-meta
[2026-05-13T21:56:58]   (RSI override check failed: UnicodeEncodeError: 'charmap' codec can't encode character '\u2192' in position 101: character maps to <undefined>)
[2026-05-13T21:56:58]   Saved today's slice to composer_allocations_2026-05-13.json
[2026-05-13T21:56:58]   Wrote 16 rows for 2026-05-13 to composer_allocations.csv (kept 43 prior rows, source=symphony-stats-meta)
[2026-05-13T21:56:58] Generated dashboard -> index_50.html (value=$50,218.76, days=4)
[2026-05-13T21:56:58] --- BLEE - 187 2026 SGOV Bond 20% Yield and Min Dual Reversal (qjmHJ3IR19kmaAlbgkNj) ---
[2026-05-13T21:56:58]   WARN: symphony-stats-meta returned no positions for qjmHJ3IR19kmaAlbgkNj (check 2026-05-13 JSON to verify the id matches one in the response)
[2026-05-13T21:56:58]   ERROR: no positions found for qjmHJ3IR19kmaAlbgkNj; skipping CSV/HTML for this symphony
[2026-05-13T21:56:58] --- BLEE - 185 Algorithm (uP4EOQmkexROiO18SaiN) ---
[2026-05-13T21:56:58]   WARN: symphony-stats-meta returned no positions for uP4EOQmkexROiO18SaiN (check 2026-05-13 JSON to verify the id matches one in the response)
[2026-05-13T21:56:58]   ERROR: no positions found for uP4EOQmkexROiO18SaiN; skipping CSV/HTML for this symphony
[2026-05-13T21:56:58] === Done ===
[2026-05-13T21:56:59] Stamped last-updated (05/13/2026 09:56 PM ET) into index.html
[2026-05-13T21:56:59] Stamped last-updated (05/13/2026 09:56 PM ET) into performance1.html
[2026-05-13T21:56:59] Stamped last-updated (05/13/2026 09:56 PM ET) into Algorithm185History.html
[2026-05-13T21:56:59] --- Pushing updates to GitHub ---
[2026-05-13T21:56:59]   $ git -C "C:\Kei\ComposerInvest" add .
[2026-05-13T21:56:59]   $ git -C "C:\Kei\ComposerInvest" commit -m "daily auto update 2026-05-13"
[2026-05-13T21:56:59]   $ git -C "C:\Kei\ComposerInvest" push
[2026-05-13T21:57:03] GitHub push successful.
[2026-05-13T22:46:22] archive: === Archive started ===
[2026-05-13T22:46:22] archive:   Already archived today (has real data): marketForecast_2026-05-13.html
[2026-05-13T22:46:22] archive:   Already archived today (has real data): dailySignal_2026-05-13.html
[2026-05-13T22:46:22] archive: Rebuilt BackLog/index.html � 2 dates, 4 files
[2026-05-13T22:46:22] archive: === Archive complete ===
[2026-05-13T22:46:22] === Composer daily allocation pull ===
[2026-05-13T22:46:22] Configured symphonies: ['sRxc0F27TQYj10bWwIlO', 'qjmHJ3IR19kmaAlbgkNj', 'uP4EOQmkexROiO18SaiN']
[2026-05-13T22:46:22] No account_uuid in config; discovering via /accounts/list...
[2026-05-13T22:46:23] Using first account: b0d61a36-f329-4226-9d82-4494deaee5f5
[2026-05-13T22:46:23] (Tip: copy this account_uuid into composer_config.json to skip the lookup next run.)
[2026-05-13T22:46:23] Fetching per-symphony stats from /portfolio/.../symphony-stats-meta...
[2026-05-13T22:46:23] GET /api/v0.1/portfolio/accounts/b0d61a36-f329-4226-9d82-4494deaee5f5/symphony-stats-meta
[2026-05-13T22:46:25] Saved symphony-stats response to composer_symphony_stats_2026-05-13.json
[2026-05-13T22:46:25] --- BLEE - 186 2026 ALL in One (sRxc0F27TQYj10bWwIlO) ---
[2026-05-13T22:46:25]   Got 16 positions from symphony-stats-meta
[2026-05-13T22:46:25]   (RSI override check failed: UnicodeEncodeError: 'charmap' codec can't encode character '\u2192' in position 101: character maps to <undefined>)
[2026-05-13T22:46:25]   Saved today's slice to composer_allocations_2026-05-13.json
[2026-05-13T22:46:25]   Wrote 16 rows for 2026-05-13 to composer_allocations.csv (kept 43 prior rows, source=symphony-stats-meta)
[2026-05-13T22:46:25] Generated dashboard -> index_50.html (value=$50,218.76, days=4)
[2026-05-13T22:46:25] --- BLEE - 187 2026 SGOV Bond 20% Yield and Min Dual Reversal (qjmHJ3IR19kmaAlbgkNj) ---
[2026-05-13T22:46:25]   WARN: symphony-stats-meta returned no positions for qjmHJ3IR19kmaAlbgkNj (check 2026-05-13 JSON to verify the id matches one in the response)
[2026-05-13T22:46:25]   ERROR: no positions found for qjmHJ3IR19kmaAlbgkNj; skipping CSV/HTML for this symphony
[2026-05-13T22:46:25] --- BLEE - 185 Algorithm (uP4EOQmkexROiO18SaiN) ---
[2026-05-13T22:46:25]   WARN: symphony-stats-meta returned no positions for uP4EOQmkexROiO18SaiN (check 2026-05-13 JSON to verify the id matches one in the response)
[2026-05-13T22:46:25]   ERROR: no positions found for uP4EOQmkexROiO18SaiN; skipping CSV/HTML for this symphony
[2026-05-13T22:46:25] === Done ===
[2026-05-13T22:46:30] Stamped last-updated (05/13/2026 10:46 PM ET) into index.html
[2026-05-13T22:46:30] Stamped last-updated (05/13/2026 10:46 PM ET) into performance1.html
[2026-05-13T22:46:30] Stamped last-updated (05/13/2026 10:46 PM ET) into Algorithm185History.html
[2026-05-13T22:46:30] --- Pushing updates to GitHub ---
[2026-05-13T22:46:30]   $ git -C "C:\Kei\ComposerInvest" add .
[2026-05-13T22:46:30]   $ git -C "C:\Kei\ComposerInvest" commit -m "daily auto update 2026-05-13"
[2026-05-13T22:46:30]   $ git -C "C:\Kei\ComposerInvest" push
[2026-05-13T22:46:34] GitHub push successful.
[2026-05-14T19:15:50] archive: === Archive started ===
[2026-05-14T19:15:51] === Composer daily allocation pull ===
[2026-05-14T19:15:51] Configured symphonies: ['sRxc0F27TQYj10bWwIlO', 'qjmHJ3IR19kmaAlbgkNj', 'uP4EOQmkexROiO18SaiN']
[2026-05-14T19:15:51] No account_uuid in config; discovering via /accounts/list...
[2026-05-14T19:15:53] Using first account: b0d61a36-f329-4226-9d82-4494deaee5f5
[2026-05-14T19:15:53] (Tip: copy this account_uuid into composer_config.json to skip the lookup next run.)
[2026-05-14T19:15:53] Fetching per-symphony stats from /portfolio/.../symphony-stats-meta...
[2026-05-14T19:15:53] GET /api/v0.1/portfolio/accounts/b0d61a36-f329-4226-9d82-4494deaee5f5/symphony-stats-meta
[2026-05-14T19:15:54] Saved symphony-stats response to composer_symphony_stats_2026-05-14.json
[2026-05-14T19:15:54] --- BLEE - 186 2026 ALL in One (sRxc0F27TQYj10bWwIlO) ---
[2026-05-14T19:15:54]   Got 15 positions from symphony-stats-meta
[2026-05-14T19:15:55]   (RSI override check failed: UnicodeEncodeError: 'charmap' codec can't encode character '\u2192' in position 101: character maps to <undefined>)
[2026-05-14T19:15:55]   Saved today's slice to composer_allocations_2026-05-14.json
[2026-05-14T19:15:55]   Wrote 15 rows for 2026-05-14 to composer_allocations.csv (kept 59 prior rows, source=symphony-stats-meta)
[2026-05-14T19:15:55] Generated dashboard -> index_50.html (value=$39,222.65, days=5)
[2026-05-14T19:15:55] --- BLEE - 187 2026 SGOV Bond 20% Yield and Min Dual Reversal (qjmHJ3IR19kmaAlbgkNj) ---
[2026-05-14T19:15:55]   Got 4 positions from symphony-stats-meta
[2026-05-14T19:15:55]   (RSI override check failed: UnicodeEncodeError: 'charmap' codec can't encode character '\u2192' in position 132: character maps to <undefined>)
[2026-05-14T19:15:55]   Saved today's slice to composer_allocations_185_2026-05-14.json
[2026-05-14T19:15:55]   Wrote 4 rows for 2026-05-14 to composer_allocations_185.csv (kept 11 prior rows, source=symphony-stats-meta)
[2026-05-14T19:15:55] Generated dashboard -> index2.html (value=$997.89, days=5)
[2026-05-14T19:15:55]   Prepended 2026-05-14 row to composer_allocations_185_3yr2.csv
[2026-05-14T19:15:55]   Prepended 2026-05-14 row to Algorithm185History.html ALLOC_DATA
[2026-05-14T19:15:55] --- BLEE - 185 Algorithm (uP4EOQmkexROiO18SaiN) ---
[2026-05-14T19:15:55]   WARN: symphony-stats-meta returned no positions for uP4EOQmkexROiO18SaiN (check 2026-05-14 JSON to verify the id matches one in the response)
[2026-05-14T19:15:55]   ERROR: no positions found for uP4EOQmkexROiO18SaiN; skipping CSV/HTML for this symphony
[2026-05-14T19:15:55] === Done ===
[2026-05-14T19:16:08] Stamped last-updated (05/14/2026 07:16 PM ET) into index.html
[2026-05-14T19:16:08] Stamped last-updated (05/14/2026 07:16 PM ET) into performance1.html
[2026-05-14T19:16:08] Stamped last-updated (05/14/2026 07:16 PM ET) into Algorithm185History.html
[2026-05-14T19:16:08] --- Pushing updates to GitHub ---
[2026-05-14T19:16:08]   $ git -C "C:\Kei\ComposerInvest" add .
[2026-05-14T19:16:08]   $ git -C "C:\Kei\ComposerInvest" commit -m "daily auto update 2026-05-14"
[2026-05-14T19:16:09]   $ git -C "C:\Kei\ComposerInvest" push
[2026-05-14T19:16:16] GitHub push successful.
[2026-05-15T00:12:19] market_report: === Market report generation started ===
[2026-05-15T00:12:19] market_report: Loaded 15 ETF points from Index_50_point.csv
[2026-05-15T00:12:19] market_report: Loaded 15 ETF allocations from index_50.html
[2026-05-15T00:12:19] market_report:   RSI signal: Severely Overbought — strong bear lean (10d avg=76.03, adj=-20, new score=-191.48)
[2026-05-15T00:12:19] market_report:   *** RSI OVERRIDE ACTIVE *** +50 pts → score=-141.48
[2026-05-15T00:12:19] market_report:   Reason: Today RSI 76.2 > 76.0 AND 1 of last 2 days also exceeded 76.0 — override ACTIVE
[2026-05-15T00:12:19] market_report: Composite score: -141.48 -> Thunderstorm Warning
[2026-05-15T00:12:19] market_report:   RSS fetch failed (WSJ): <urlopen error Tunnel connection failed: 403 Forbidden>
[2026-05-15T00:12:19] market_report:   WSJ: RSS unavailable, using hardcoded fallback
[2026-05-15T00:12:19] market_report:   Selected [WSJ] topic=FED: Fed Signals Patience as Rate Path Stays Data-Dependent
[2026-05-15T00:12:19] market_report:   RSS fetch failed (Yahoo Finance): <urlopen error Tunnel connection failed: 403 Forbidden>
[2026-05-15T00:12:19] market_report:   Yahoo Finance: RSS unavailable, using hardcoded fallback
[2026-05-15T00:12:19] market_report:   Selected [Yahoo Finance] topic=EQUITY: S&P 500 Holds Near Highs as Investors Weigh Macro Crosscurrents
[2026-05-15T00:12:19] market_report:   RSS fetch failed (Barron's): <urlopen error Tunnel connection failed: 403 Forbidden>
[2026-05-15T00:12:19] market_report:   Barron's: RSS unavailable, using hardcoded fallback
[2026-05-15T00:12:19] market_report:   Selected [Barron's] topic=MACRO: Trade Winds: Tariff Developments Continue to Reshape Global Supply Cha
[2026-05-15T00:12:19] market_report: Fetched 3 news items
[2026-05-15T00:12:19] market_report: Updated marketDailySummary.html with score=-141.48 (Thunderstorm Warning)
[2026-05-15T00:12:20] market_report: Stamped last-updated (05/14/2026 08:12 PM ET) into index.html
[2026-05-15T00:12:20] market_report: Stamped last-updated (05/14/2026 08:12 PM ET) into performance1.html
[2026-05-15T00:12:20] market_report: Stamped last-updated (05/14/2026 08:12 PM ET) into Algorithm185History.html
[2026-05-15T00:12:20] market_report: === Market report generation complete ===
[2026-05-14T22:42:45] archive: === Archive started ===
[2026-05-14T22:42:45] archive:   Already archived today (has real data): marketForecast_2026-05-14.html
[2026-05-14T22:42:46] === Composer daily allocation pull ===
[2026-05-14T22:42:46] Configured symphonies: ['sRxc0F27TQYj10bWwIlO', 'qjmHJ3IR19kmaAlbgkNj', 'uP4EOQmkexROiO18SaiN']
[2026-05-14T22:42:46] No account_uuid in config; discovering via /accounts/list...
[2026-05-14T22:42:47] Using first account: b0d61a36-f329-4226-9d82-4494deaee5f5
[2026-05-14T22:42:47] (Tip: copy this account_uuid into composer_config.json to skip the lookup next run.)
[2026-05-14T22:42:47] Fetching per-symphony stats from /portfolio/.../symphony-stats-meta...
[2026-05-14T22:42:47] GET /api/v0.1/portfolio/accounts/b0d61a36-f329-4226-9d82-4494deaee5f5/symphony-stats-meta
[2026-05-14T22:42:48] Saved symphony-stats response to composer_symphony_stats_2026-05-14.json
[2026-05-14T22:42:48] --- BLEE - 186 2026 ALL in One (sRxc0F27TQYj10bWwIlO) ---
[2026-05-14T22:42:48]   Got 15 positions from symphony-stats-meta
[2026-05-14T22:42:49]   (RSI override check failed: UnicodeEncodeError: 'charmap' codec can't encode character '\u2192' in position 101: character maps to <undefined>)
[2026-05-14T22:42:49]   Saved today's slice to composer_allocations_2026-05-14.json
[2026-05-14T22:42:49]   Wrote 15 rows for 2026-05-14 to composer_allocations.csv (kept 59 prior rows, source=symphony-stats-meta)
[2026-05-14T22:42:49] Generated dashboard -> index_50.html (value=$39,222.65, days=5)
[2026-05-14T22:42:49] --- BLEE - 187 2026 SGOV Bond 20% Yield and Min Dual Reversal (qjmHJ3IR19kmaAlbgkNj) ---
[2026-05-14T22:42:49]   Got 4 positions from symphony-stats-meta
[2026-05-14T22:42:49]   (RSI override check failed: UnicodeEncodeError: 'charmap' codec can't encode character '\u2192' in position 132: character maps to <undefined>)
[2026-05-14T22:42:49]   Saved today's slice to composer_allocations_185_2026-05-14.json
[2026-05-14T22:42:49]   Wrote 4 rows for 2026-05-14 to composer_allocations_185.csv (kept 11 prior rows, source=symphony-stats-meta)
[2026-05-14T22:42:49] Generated dashboard -> index2.html (value=$997.89, days=5)
[2026-05-14T22:42:49]   Updated 2026-05-14 row in composer_allocations_185_3yr2.csv
[2026-05-14T22:42:49]   Updated today's row in Algorithm185History.html
[2026-05-14T22:42:49] --- BLEE - 185 Algorithm (uP4EOQmkexROiO18SaiN) ---
[2026-05-14T22:42:49]   WARN: symphony-stats-meta returned no positions for uP4EOQmkexROiO18SaiN (check 2026-05-14 JSON to verify the id matches one in the response)
[2026-05-14T22:42:49]   ERROR: no positions found for uP4EOQmkexROiO18SaiN; skipping CSV/HTML for this symphony
[2026-05-14T22:42:49] === Done ===
[2026-05-14T22:42:54] Stamped last-updated (05/14/2026 10:42 PM ET) into index.html
[2026-05-14T22:42:54] Stamped last-updated (05/14/2026 10:42 PM ET) into performance1.html
[2026-05-14T22:42:54] Stamped last-updated (05/14/2026 10:42 PM ET) into Algorithm185History.html
[2026-05-14T22:42:54] --- Pushing updates to GitHub ---
[2026-05-14T22:42:54]   $ git -C "C:\Kei\ComposerInvest" add .
[2026-05-14T22:42:54]   $ git -C "C:\Kei\ComposerInvest" commit -m "daily auto update 2026-05-14"
[2026-05-14T22:42:54]   $ git -C "C:\Kei\ComposerInvest" push
[2026-05-14T22:43:00] GitHub push successful.
[2026-05-15T16:33:04] archive: === Archive started ===
[2026-05-15T16:33:04] market_report: === Market report generation started ===
[2026-05-15T16:33:04] market_report: Loaded 15 ETF points from Index_50_point.csv
[2026-05-15T16:33:04] market_report: Loaded 15 ETF allocations from index_50.html
[2026-05-15T16:33:05] === Composer daily allocation pull ===
[2026-05-15T16:33:05] Configured symphonies: ['sRxc0F27TQYj10bWwIlO', 'qjmHJ3IR19kmaAlbgkNj', 'uP4EOQmkexROiO18SaiN']
[2026-05-15T16:33:05] No account_uuid in config; discovering via /accounts/list...
[2026-05-15T16:33:07] Using first account: b0d61a36-f329-4226-9d82-4494deaee5f5
[2026-05-15T16:33:07] (Tip: copy this account_uuid into composer_config.json to skip the lookup next run.)
[2026-05-15T16:33:07] Fetching per-symphony stats from /portfolio/.../symphony-stats-meta...
[2026-05-15T16:33:07] GET /api/v0.1/portfolio/accounts/b0d61a36-f329-4226-9d82-4494deaee5f5/symphony-stats-meta
[2026-05-15T16:33:08] Saved symphony-stats response to composer_symphony_stats_2026-05-15.json
[2026-05-15T16:33:08] --- BLEE - 186 2026 ALL in One (sRxc0F27TQYj10bWwIlO) ---
[2026-05-15T16:33:08]   Got 17 positions from symphony-stats-meta
[2026-05-15T16:33:08]   (RSI override check failed: UnicodeEncodeError: 'charmap' codec can't encode character '\u2192' in position 101: character maps to <undefined>)
[2026-05-15T16:33:08]   Saved today's slice to composer_allocations_2026-05-15.json
[2026-05-15T16:33:08]   Wrote 17 rows for 2026-05-15 to composer_allocations.csv (kept 74 prior rows, source=symphony-stats-meta)
[2026-05-15T16:33:08] Generated dashboard -> index_50.html (value=$39,880.65, days=6)
[2026-05-15T16:33:08] --- BLEE - 187 2026 SGOV Bond 20% Yield and Min Dual Reversal (qjmHJ3IR19kmaAlbgkNj) ---
[2026-05-15T16:33:08]   Got 4 positions from symphony-stats-meta
[2026-05-15T16:33:08]   (RSI override check failed: UnicodeEncodeError: 'charmap' codec can't encode character '\u2192' in position 132: character maps to <undefined>)
[2026-05-15T16:33:08]   Saved today's slice to composer_allocations_185_2026-05-15.json
[2026-05-15T16:33:08]   Wrote 4 rows for 2026-05-15 to composer_allocations_185.csv (kept 15 prior rows, source=symphony-stats-meta)
[2026-05-15T16:33:08] Generated dashboard -> index2.html (value=$1,007.12, days=6)
[2026-05-15T16:33:08]   Prepended 2026-05-15 row to composer_allocations_185_3yr2.csv
[2026-05-15T16:33:08]   Prepended 2026-05-15 row to Algorithm185History.html ALLOC_DATA
[2026-05-15T16:33:08] --- BLEE - 185 Algorithm (uP4EOQmkexROiO18SaiN) ---
[2026-05-15T16:33:08]   WARN: symphony-stats-meta returned no positions for uP4EOQmkexROiO18SaiN (check 2026-05-15 JSON to verify the id matches one in the response)
[2026-05-15T16:33:08]   ERROR: no positions found for uP4EOQmkexROiO18SaiN; skipping CSV/HTML for this symphony
[2026-05-15T16:33:08] Published signal_latest.json (3 positions, date=2026-05-15)
[2026-05-15T16:33:08] === Done ===
[2026-05-15T16:33:17] Stamped last-updated (05/15/2026 04:33 PM ET) into index.html
[2026-05-15T16:33:17] Stamped last-updated (05/15/2026 04:33 PM ET) into performance1.html
[2026-05-15T16:33:17] Stamped last-updated (05/15/2026 04:33 PM ET) into Algorithm185History.html
[2026-05-15T16:33:17] --- Pushing updates to GitHub ---
[2026-05-15T16:33:17]   $ git -C "C:\Kei\ComposerInvest" add .
[2026-05-15T16:33:17]   $ git -C "C:\Kei\ComposerInvest" commit -m "daily auto update 2026-05-15"
[2026-05-15T16:33:18]   $ git -C "C:\Kei\ComposerInvest" push
[2026-05-15T16:33:19] market_report:   RSI signal: Severely Overbought — strong bear lean (10d avg=76.03, adj=-20, new score=-191.48)
[2026-05-15T16:33:19] market_report:   *** RSI OVERRIDE ACTIVE *** +50 pts → score=-141.48
[2026-05-15T16:33:19] market_report:   Reason: Today RSI 76.2 > 76.0 AND 1 of last 2 days also exceeded 76.0 — override ACTIVE
[2026-05-15T16:33:19] market_report: Composite score: -141.48 -> Thunderstorm Warning
[2026-05-15T16:33:20] market_report:   RSS WSJ: 20 items fetched
[2026-05-15T16:33:20] market_report:   Selected [WSJ] topic=EQUITY: Stocks Sink in Broad AI Rout Sparked by China's DeepSeek
[2026-05-15T16:33:21] market_report:   RSS Yahoo Finance: 50 items fetched
[2026-05-15T16:33:21] market_report:   Selected [Yahoo Finance] topic=OTHER: Tesla, Toyota expose surprising auto industry truth
[2026-05-15T16:33:22] market_report:   RSS fetch failed (Barron's): HTTP Error 403: Forbidden
[2026-05-15T16:33:22] market_report:   Barron's: RSS unavailable, using hardcoded fallback
[2026-05-15T16:33:22] market_report:   Selected [Barron's] topic=MACRO: Trade Winds: Tariff Developments Continue to Reshape Global Supply Cha
[2026-05-15T16:33:22] market_report: Fetched 3 news items
[2026-05-15T16:33:22] market_report: Updated marketDailySummary.html with score=-141.48 (Thunderstorm Warning)
[2026-05-15T16:33:23] market_report: === Market report generation complete ===
[2026-05-15T16:33:23] GitHub push successful.
[2026-05-15T23:03:10] market_report: === Market report generation started ===
[2026-05-15T23:03:10] market_report: Loaded 15 ETF points from Index_50_point.csv
[2026-05-15T23:03:10] market_report: Loaded 17 ETF allocations from index_50.html
[2026-05-15T23:03:10] market_report:   RSI signal: Severely Overbought — strong bear lean (10d avg=76.03, adj=-20, new score=+12.10)
[2026-05-15T23:03:10] market_report:   *** RSI OVERRIDE ACTIVE *** +50 pts → score=+62.10
[2026-05-15T23:03:10] market_report:   Reason: Today RSI 76.2 > 76.0 AND 1 of last 2 days also exceeded 76.0 — override ACTIVE
[2026-05-15T23:03:10] market_report: Composite score: +62.10 -> Nice Blue Sky Ahead
[2026-05-15T23:03:10] market_report:   RSS fetch failed (WSJ): <urlopen error Tunnel connection failed: 403 Forbidden>
[2026-05-15T23:03:10] market_report:   WSJ: RSS unavailable, using hardcoded fallback
[2026-05-15T23:03:10] market_report:   Selected [WSJ] topic=FED: Fed Signals Patience as Rate Path Stays Data-Dependent
[2026-05-15T23:03:10] market_report:   RSS fetch failed (Yahoo Finance): <urlopen error Tunnel connection failed: 403 Forbidden>
[2026-05-15T23:03:10] market_report:   Yahoo Finance: RSS unavailable, using hardcoded fallback
[2026-05-15T23:03:10] market_report:   Selected [Yahoo Finance] topic=EQUITY: S&P 500 Holds Near Highs as Investors Weigh Macro Crosscurrents
[2026-05-15T23:03:10] market_report:   RSS fetch failed (Barron's): <urlopen error Tunnel connection failed: 403 Forbidden>
[2026-05-15T23:03:10] market_report:   Barron's: RSS unavailable, using hardcoded fallback
[2026-05-15T23:03:10] market_report:   Selected [Barron's] topic=MACRO: Trade Winds: Tariff Developments Continue to Reshape Global Supply Cha
[2026-05-15T23:03:10] market_report: Fetched 3 news items
[2026-05-15T23:03:10] market_report: FATAL: UnicodeDecodeError: 'utf-8' codec can't decode bytes in position 32660-32661: unexpected end of data
[2026-05-15T23:04:40] market_report: === Market report generation started ===
[2026-05-15T23:04:40] market_report: Loaded 15 ETF points from Index_50_point.csv
[2026-05-15T23:04:40] market_report: Loaded 17 ETF allocations from index_50.html
[2026-05-15T23:04:40] market_report:   RSI signal: Severely Overbought — strong bear lean (10d avg=76.03, adj=-20, new score=+12.10)
[2026-05-15T23:04:40] market_report:   *** RSI OVERRIDE ACTIVE *** +50 pts → score=+62.10
[2026-05-15T23:04:40] market_report:   Reason: Today RSI 76.2 > 76.0 AND 1 of last 2 days also exceeded 76.0 — override ACTIVE
[2026-05-15T23:04:40] market_report: Composite score: +62.10 -> Nice Blue Sky Ahead
[2026-05-15T23:04:40] market_report:   RSS fetch failed (WSJ): <urlopen error Tunnel connection failed: 403 Forbidden>
[2026-05-15T23:04:40] market_report:   WSJ: RSS unavailable, using hardcoded fallback
[2026-05-15T23:04:40] market_report:   Selected [WSJ] topic=FED: Fed Signals Patience as Rate Path Stays Data-Dependent
[2026-05-15T23:04:40] market_report:   RSS fetch failed (Yahoo Finance): <urlopen error Tunnel connection failed: 403 Forbidden>
[2026-05-15T23:04:40] market_report:   Yahoo Finance: RSS unavailable, using hardcoded fallback
[2026-05-15T23:04:40] market_report:   Selected [Yahoo Finance] topic=EQUITY: S&P 500 Holds Near Highs as Investors Weigh Macro Crosscurrents
[2026-05-15T23:04:40] market_report:   RSS fetch failed (Barron's): <urlopen error Tunnel connection failed: 403 Forbidden>
[2026-05-15T23:04:40] market_report:   Barron's: RSS unavailable, using hardcoded fallback
[2026-05-15T23:04:40] market_report:   Selected [Barron's] topic=MACRO: Trade Winds: Tariff Developments Continue to Reshape Global Supply Cha
[2026-05-15T23:04:40] market_report: Fetched 3 news items
[2026-05-15T23:04:40] market_report: Updated marketDailySummary.html with score=+62.10 (Nice Blue Sky Ahead)
[2026-05-15T23:04:40] market_report: Stamped last-updated (05/15/2026 07:04 PM ET) into index.html
[2026-05-15T23:04:40] market_report: Stamped last-updated (05/15/2026 07:04 PM ET) into performance1.html
[2026-05-15T23:04:40] market_report: Stamped last-updated (05/15/2026 07:04 PM ET) into Algorithm185History.html
[2026-05-15T23:04:40] market_report: === Market report generation complete ===
[2026-05-15T21:20:58] === Composer daily allocation pull ===
[2026-05-15T21:20:58] Configured symphonies: ['sRxc0F27TQYj10bWwIlO', 'qjmHJ3IR19kmaAlbgkNj', 'uP4EOQmkexROiO18SaiN']
[2026-05-15T21:20:58] No account_uuid in config; discovering via /accounts/list...
[2026-05-15T21:20:58] Using first account: b0d61a36-f329-4226-9d82-4494deaee5f5
[2026-05-15T21:20:58] (Tip: copy this account_uuid into composer_config.json to skip the lookup next run.)
[2026-05-15T21:20:58] Fetching per-symphony stats from /portfolio/.../symphony-stats-meta...
[2026-05-15T21:20:58] GET /api/v0.1/portfolio/accounts/b0d61a36-f329-4226-9d82-4494deaee5f5/symphony-stats-meta
[2026-05-15T21:20:59] Saved symphony-stats response to composer_symphony_stats_2026-05-15.json
[2026-05-15T21:20:59] --- BLEE - 186 2026 ALL in One (sRxc0F27TQYj10bWwIlO) ---
[2026-05-15T21:20:59]   Got 17 positions from symphony-stats-meta
[2026-05-15T21:20:59]   RSI override: DISABLED (symphony handles its own rotation)
[2026-05-15T21:20:59]   Saved today's slice to composer_allocations_2026-05-15.json
[2026-05-15T21:20:59]   Wrote 17 rows for 2026-05-15 to composer_allocations.csv (kept 74 prior rows, source=symphony-stats-meta)
[2026-05-15T21:20:59] Generated dashboard -> index_50.html (value=$39,880.65, days=6)
[2026-05-15T21:20:59] --- BLEE - 187 2026 SGOV Bond 20% Yield and Min Dual Reversal (qjmHJ3IR19kmaAlbgkNj) ---
[2026-05-15T21:20:59]   Got 4 positions from symphony-stats-meta
[2026-05-15T21:20:59]   RSI override: DISABLED (symphony handles its own rotation)
[2026-05-15T21:20:59]   Saved today's slice to composer_allocations_185_2026-05-15.json
[2026-05-15T21:20:59]   Wrote 4 rows for 2026-05-15 to composer_allocations_185.csv (kept 15 prior rows, source=symphony-stats-meta)
[2026-05-15T21:20:59] Generated dashboard -> index2.html (value=$1,007.12, days=6)
[2026-05-15T21:20:59]   Updated 2026-05-15 row in composer_allocations_185_3yr2.csv
[2026-05-15T21:20:59]   Updated today's row in Algorithm185History.html
[2026-05-15T21:20:59] --- BLEE - 185 Algorithm (uP4EOQmkexROiO18SaiN) ---
[2026-05-15T21:20:59]   WARN: symphony-stats-meta returned no positions for uP4EOQmkexROiO18SaiN (check 2026-05-15 JSON to verify the id matches one in the response)
[2026-05-15T21:20:59]   ERROR: no positions found for uP4EOQmkexROiO18SaiN; skipping CSV/HTML for this symphony
[2026-05-15T21:21:00] Published signal_latest.json (3 positions, date=2026-05-15)
[2026-05-15T21:21:00] === Done ===
[2026-05-15T21:21:00] Stamped last-updated (05/15/2026 09:21 PM ET) into index.html
[2026-05-15T21:21:00] Stamped last-updated (05/15/2026 09:21 PM ET) into performance1.html
[2026-05-15T21:21:00] Stamped last-updated (05/15/2026 09:21 PM ET) into Algorithm185History.html
[2026-05-15T21:21:00] --- Pushing updates to GitHub ---
[2026-05-15T21:21:00]   $ git -C "C:\Kei\ComposerInvest" add .
[2026-05-15T21:21:00]   $ git -C "C:\Kei\ComposerInvest" commit -m "daily auto update 2026-05-15"
[2026-05-15T21:21:00]   $ git -C "C:\Kei\ComposerInvest" push
[2026-05-15T21:21:04] GitHub push successful.
[2026-05-15T21:40:08] === Composer daily allocation pull ===
[2026-05-15T21:40:08] Configured symphonies: ['sRxc0F27TQYj10bWwIlO', 'qjmHJ3IR19kmaAlbgkNj', 'uP4EOQmkexROiO18SaiN']
[2026-05-15T21:40:08] No account_uuid in config; discovering via /accounts/list...
[2026-05-15T21:40:08] Using first account: b0d61a36-f329-4226-9d82-4494deaee5f5
[2026-05-15T21:40:08] (Tip: copy this account_uuid into composer_config.json to skip the lookup next run.)
[2026-05-15T21:40:08] Fetching per-symphony stats from /portfolio/.../symphony-stats-meta...
[2026-05-15T21:40:08] GET /api/v0.1/portfolio/accounts/b0d61a36-f329-4226-9d82-4494deaee5f5/symphony-stats-meta
[2026-05-15T21:40:09] Saved symphony-stats response to composer_symphony_stats_2026-05-15.json
[2026-05-15T21:40:09] --- BLEE - 186 2026 ALL in One (sRxc0F27TQYj10bWwIlO) ---
[2026-05-15T21:40:09]   Got 17 positions from symphony-stats-meta
[2026-05-15T21:40:09]   RSI override: DISABLED (symphony handles its own rotation)
[2026-05-15T21:40:09]   Saved today's slice to composer_allocations_2026-05-15.json
[2026-05-15T21:40:09]   Wrote 17 rows for 2026-05-15 to composer_allocations.csv (kept 74 prior rows, source=symphony-stats-meta)
[2026-05-15T21:40:09] Generated dashboard -> index_50.html (value=$39,880.65, days=6)
[2026-05-15T21:40:09] --- BLEE - 187 2026 SGOV Bond 20% Yield and Min Dual Reversal (qjmHJ3IR19kmaAlbgkNj) ---
[2026-05-15T21:40:10]   Got 4 positions from symphony-stats-meta
[2026-05-15T21:40:10]   RSI override: DISABLED (symphony handles its own rotation)
[2026-05-15T21:40:10]   Saved today's slice to composer_allocations_185_2026-05-15.json
[2026-05-15T21:40:10]   Wrote 4 rows for 2026-05-15 to composer_allocations_185.csv (kept 15 prior rows, source=symphony-stats-meta)
[2026-05-15T21:40:10] Generated dashboard -> index2.html (value=$1,007.12, days=6)
[2026-05-15T21:40:10]   Updated 2026-05-15 row in composer_allocations_185_3yr2.csv
[2026-05-15T21:40:10]   Updated today's row in Algorithm185History.html
[2026-05-15T21:40:10] --- BLEE - 185 Algorithm (uP4EOQmkexROiO18SaiN) ---
[2026-05-15T21:40:10]   WARN: symphony-stats-meta returned no positions for uP4EOQmkexROiO18SaiN (check 2026-05-15 JSON to verify the id matches one in the response)
[2026-05-15T21:40:10]   ERROR: no positions found for uP4EOQmkexROiO18SaiN; skipping CSV/HTML for this symphony
[2026-05-15T21:40:10] Published signal_latest.json (3 positions, date=2026-05-15)
[2026-05-15T21:40:10] === Done ===
[2026-05-15T21:40:10] Stamped last-updated (05/15/2026 09:40 PM ET) into index.html
[2026-05-15T21:40:10] Stamped last-updated (05/15/2026 09:40 PM ET) into performance1.html
[2026-05-15T21:40:10] Stamped last-updated (05/15/2026 09:40 PM ET) into Algorithm185History.html
[2026-05-15T21:40:10] --- Pushing updates to GitHub ---
[2026-05-15T21:40:10]   $ git -C "C:\Kei\ComposerInvest" add .
[2026-05-15T21:40:10]   $ git -C "C:\Kei\ComposerInvest" commit -m "daily auto update 2026-05-15"
[2026-05-15T21:40:10]   $ git -C "C:\Kei\ComposerInvest" push
[2026-05-15T21:40:14] GitHub push successful.
[2026-05-15T22:42:45] archive: === Archive started ===
[2026-05-15T22:42:45] archive:   Already archived today (has real data): marketForecast_2026-05-15.html
[2026-05-15T22:42:45] === Composer daily allocation pull ===
[2026-05-15T22:42:45] Configured symphonies: ['sRxc0F27TQYj10bWwIlO', 'qjmHJ3IR19kmaAlbgkNj', 'uP4EOQmkexROiO18SaiN']
[2026-05-15T22:42:45] No account_uuid in config; discovering via /accounts/list...
[2026-05-15T22:42:46] Using first account: b0d61a36-f329-4226-9d82-4494deaee5f5
[2026-05-15T22:42:46] (Tip: copy this account_uuid into composer_config.json to skip the lookup next run.)
[2026-05-15T22:42:46] Fetching per-symphony stats from /portfolio/.../symphony-stats-meta...
[2026-05-15T22:42:46] GET /api/v0.1/portfolio/accounts/b0d61a36-f329-4226-9d82-4494deaee5f5/symphony-stats-meta
[2026-05-15T22:42:47] Saved symphony-stats response to composer_symphony_stats_2026-05-15.json
[2026-05-15T22:42:47] --- BLEE - 186 2026 ALL in One (sRxc0F27TQYj10bWwIlO) ---
[2026-05-15T22:42:47]   Got 17 positions from symphony-stats-meta
[2026-05-15T22:42:47]   RSI override: DISABLED (symphony handles its own rotation)
[2026-05-15T22:42:47]   Saved today's slice to composer_allocations_2026-05-15.json
[2026-05-15T22:42:47]   Wrote 17 rows for 2026-05-15 to composer_allocations.csv (kept 74 prior rows, source=symphony-stats-meta)
[2026-05-15T22:42:47] Generated dashboard -> index_50.html (value=$39,880.65, days=6)
[2026-05-15T22:42:47] --- BLEE - 187 2026 SGOV Bond 20% Yield and Min Dual Reversal (qjmHJ3IR19kmaAlbgkNj) ---
[2026-05-15T22:42:47]   Got 4 positions from symphony-stats-meta
[2026-05-15T22:42:47]   RSI override: DISABLED (symphony handles its own rotation)
[2026-05-15T22:42:47]   Saved today's slice to composer_allocations_185_2026-05-15.json
[2026-05-15T22:42:47]   Wrote 4 rows for 2026-05-15 to composer_allocations_185.csv (kept 15 prior rows, source=symphony-stats-meta)
[2026-05-15T22:42:47] Generated dashboard -> index2.html (value=$1,007.12, days=6)
[2026-05-15T22:42:47]   Updated 2026-05-15 row in composer_allocations_185_3yr2.csv
[2026-05-15T22:42:47]   Updated today's row in Algorithm185History.html
[2026-05-15T22:42:47] --- BLEE - 185 Algorithm (uP4EOQmkexROiO18SaiN) ---
[2026-05-15T22:42:47]   WARN: symphony-stats-meta returned no positions for uP4EOQmkexROiO18SaiN (check 2026-05-15 JSON to verify the id matches one in the response)
[2026-05-15T22:42:47]   ERROR: no positions found for uP4EOQmkexROiO18SaiN; skipping CSV/HTML for this symphony
[2026-05-15T22:42:47] Published signal_latest.json (3 positions, date=2026-05-15)
[2026-05-15T22:42:47] === Done ===
[2026-05-15T22:42:47] Stamped last-updated (05/15/2026 10:42 PM ET) into index.html
[2026-05-15T22:42:48] Stamped last-updated (05/15/2026 10:42 PM ET) into performance1.html
[2026-05-15T22:42:48] Stamped last-updated (05/15/2026 10:42 PM ET) into Algorithm185History.html
[2026-05-15T22:42:48] --- Pushing updates to GitHub ---
[2026-05-15T22:42:48]   $ git -C "C:\Kei\ComposerInvest" add .
[2026-05-15T22:42:48]   $ git -C "C:\Kei\ComposerInvest" commit -m "daily auto update 2026-05-15"
[2026-05-15T22:42:48]   $ git -C "C:\Kei\ComposerInvest" push
[2026-05-15T22:42:51] GitHub push successful.
[2026-05-16T22:42:44] archive: === Archive started ===
[2026-05-16T22:42:45] === Composer daily allocation pull ===
[2026-05-16T22:42:45] Configured symphonies: ['sRxc0F27TQYj10bWwIlO', 'qjmHJ3IR19kmaAlbgkNj', 'uP4EOQmkexROiO18SaiN']
[2026-05-16T22:42:45] No account_uuid in config; discovering via /accounts/list...
[2026-05-16T22:42:46] Using first account: b0d61a36-f329-4226-9d82-4494deaee5f5
[2026-05-16T22:42:46] (Tip: copy this account_uuid into composer_config.json to skip the lookup next run.)
[2026-05-16T22:42:46] Fetching per-symphony stats from /portfolio/.../symphony-stats-meta...
[2026-05-16T22:42:46] GET /api/v0.1/portfolio/accounts/b0d61a36-f329-4226-9d82-4494deaee5f5/symphony-stats-meta
[2026-05-16T22:42:48] Saved symphony-stats response to composer_symphony_stats_2026-05-16.json
[2026-05-16T22:42:48] --- BLEE - 186 2026 ALL in One (sRxc0F27TQYj10bWwIlO) ---
[2026-05-16T22:42:48]   Got 17 positions from symphony-stats-meta
[2026-05-16T22:42:48]   RSI override: DISABLED (symphony handles its own rotation)
[2026-05-16T22:42:48]   Saved today's slice to composer_allocations_2026-05-16.json
[2026-05-16T22:42:48]   Wrote 17 rows for 2026-05-16 to composer_allocations.csv (kept 91 prior rows, source=symphony-stats-meta)
[2026-05-16T22:42:48] Generated dashboard -> index_50.html (value=$39,885.91, days=7)
[2026-05-16T22:42:48] --- BLEE - 187 2026 SGOV Bond 20% Yield and Min Dual Reversal (qjmHJ3IR19kmaAlbgkNj) ---
[2026-05-16T22:42:48]   Got 4 positions from symphony-stats-meta
[2026-05-16T22:42:48]   RSI override: DISABLED (symphony handles its own rotation)
[2026-05-16T22:42:48]   Saved today's slice to composer_allocations_185_2026-05-16.json
[2026-05-16T22:42:48]   Wrote 4 rows for 2026-05-16 to composer_allocations_185.csv (kept 19 prior rows, source=symphony-stats-meta)
[2026-05-16T22:42:48] Generated dashboard -> index2.html (value=$1,007.28, days=7)
[2026-05-16T22:42:48]   Prepended 2026-05-16 row to composer_allocations_185_3yr2.csv
[2026-05-16T22:42:48]   Prepended 2026-05-16 row to Algorithm185History.html ALLOC_DATA
[2026-05-16T22:42:48] --- BLEE - 185 Algorithm (uP4EOQmkexROiO18SaiN) ---
[2026-05-16T22:42:48]   WARN: symphony-stats-meta returned no positions for uP4EOQmkexROiO18SaiN (check 2026-05-16 JSON to verify the id matches one in the response)
[2026-05-16T22:42:48]   ERROR: no positions found for uP4EOQmkexROiO18SaiN; skipping CSV/HTML for this symphony
[2026-05-16T22:42:48] Published signal_latest.json (3 positions, date=2026-05-16)
[2026-05-16T22:42:48] === Done ===
[2026-05-16T22:42:56] Stamped last-updated (05/16/2026 10:42 PM ET) into index.html
[2026-05-16T22:42:56] Stamped last-updated (05/16/2026 10:42 PM ET) into performance1.html
[2026-05-16T22:42:56] Stamped last-updated (05/16/2026 10:42 PM ET) into Algorithm185History.html
[2026-05-16T22:42:56] --- Pushing updates to GitHub ---
[2026-05-16T22:42:56]   $ git -C "C:\Kei\ComposerInvest" add .
[2026-05-16T22:42:56]   $ git -C "C:\Kei\ComposerInvest" commit -m "daily auto update 2026-05-16"
[2026-05-16T22:42:56]   $ git -C "C:\Kei\ComposerInvest" push
[2026-05-16T22:43:02] GitHub push successful.
[2026-05-17T20:42:43] archive: === Archive started ===
[2026-05-17T20:42:46] market_report: === Market report generation started ===
[2026-05-17T20:42:46] market_report: Loaded 15 ETF points from Index_50_point.csv
[2026-05-17T20:42:46] market_report: Loaded 17 ETF allocations from index_50.html
[2026-05-17T20:42:48] === Composer daily allocation pull ===
[2026-05-17T20:42:48] Configured symphonies: ['sRxc0F27TQYj10bWwIlO', 'qjmHJ3IR19kmaAlbgkNj', 'uP4EOQmkexROiO18SaiN']
[2026-05-17T20:42:48] No account_uuid in config; discovering via /accounts/list...
[2026-05-17T20:42:50] Using first account: b0d61a36-f329-4226-9d82-4494deaee5f5
[2026-05-17T20:42:50] (Tip: copy this account_uuid into composer_config.json to skip the lookup next run.)
[2026-05-17T20:42:50] Fetching per-symphony stats from /portfolio/.../symphony-stats-meta...
[2026-05-17T20:42:50] GET /api/v0.1/portfolio/accounts/b0d61a36-f329-4226-9d82-4494deaee5f5/symphony-stats-meta
[2026-05-17T20:42:52] Saved symphony-stats response to composer_symphony_stats_2026-05-17.json
[2026-05-17T20:42:52] --- BLEE - 186 2026 ALL in One (sRxc0F27TQYj10bWwIlO) ---
[2026-05-17T20:42:52]   Got 17 positions from symphony-stats-meta
[2026-05-17T20:42:52]   RSI override: DISABLED (symphony handles its own rotation)
[2026-05-17T20:42:52]   Saved today's slice to composer_allocations_2026-05-17.json
[2026-05-17T20:42:52]   Wrote 17 rows for 2026-05-17 to composer_allocations.csv (kept 108 prior rows, source=symphony-stats-meta)
[2026-05-17T20:42:52] Generated dashboard -> index_50.html (value=$39,885.91, days=8)
[2026-05-17T20:42:52] --- BLEE - 187 2026 SGOV Bond 20% Yield and Min Dual Reversal (qjmHJ3IR19kmaAlbgkNj) ---
[2026-05-17T20:42:52]   Got 4 positions from symphony-stats-meta
[2026-05-17T20:42:52]   RSI override: DISABLED (symphony handles its own rotation)
[2026-05-17T20:42:52]   Saved today's slice to composer_allocations_185_2026-05-17.json
[2026-05-17T20:42:52]   Wrote 4 rows for 2026-05-17 to composer_allocations_185.csv (kept 23 prior rows, source=symphony-stats-meta)
[2026-05-17T20:42:52] Generated dashboard -> index2.html (value=$1,007.28, days=8)
[2026-05-17T20:42:52]   Prepended 2026-05-17 row to composer_allocations_185_3yr2.csv
[2026-05-17T20:42:52]   Prepended 2026-05-17 row to Algorithm185History.html ALLOC_DATA
[2026-05-17T20:42:52] --- BLEE - 185 Algorithm (uP4EOQmkexROiO18SaiN) ---
[2026-05-17T20:42:52]   WARN: symphony-stats-meta returned no positions for uP4EOQmkexROiO18SaiN (check 2026-05-17 JSON to verify the id matches one in the response)
[2026-05-17T20:42:52]   ERROR: no positions found for uP4EOQmkexROiO18SaiN; skipping CSV/HTML for this symphony
[2026-05-17T20:42:52] Published signal_latest.json (3 positions, date=2026-05-17)
[2026-05-17T20:42:52] === Done ===
[2026-05-17T20:42:56] Stamped last-updated (05/17/2026 08:42 PM ET) into index.html
[2026-05-17T20:42:56] Stamped last-updated (05/17/2026 08:42 PM ET) into performance1.html
[2026-05-17T20:42:56] Stamped last-updated (05/17/2026 08:42 PM ET) into Algorithm185History.html
[2026-05-17T20:42:56] --- Pushing updates to GitHub ---
[2026-05-17T20:42:56]   $ git -C "C:\Kei\ComposerInvest" add .
[2026-05-17T20:42:58]   $ git -C "C:\Kei\ComposerInvest" commit -m "daily auto update 2026-05-17"
[2026-05-17T20:42:59]   $ git -C "C:\Kei\ComposerInvest" push
[2026-05-17T20:43:08] GitHub push successful.
[2026-05-17T20:43:11] market_report:   RSI signal: Severely Overbought — strong bear lean (10d avg=76.03, adj=-20, new score=+12.14)
[2026-05-17T20:43:11] market_report:   RSI override condition met but DISABLED: Today RSI 76.2 > 76.0 AND 1 of last 2 days also exceeded 76.0 — override ACTIVE
[2026-05-17T20:43:11] market_report:   (no score adj, no banner — symphony handles rotation natively)
[2026-05-17T20:43:11] market_report: Composite score: +12.14 -> Partly Clear Sky Likely
[2026-05-17T20:43:12] market_report:   RSS WSJ: 20 items fetched
[2026-05-17T20:43:12] market_report:   Selected [WSJ] topic=EQUITY: Stocks Sink in Broad AI Rout Sparked by China's DeepSeek
[2026-05-17T20:43:14] market_report:   RSS Yahoo Finance: 50 items fetched
[2026-05-17T20:43:14] market_report:   Selected [Yahoo Finance] topic=OTHER: Why Most Retirees Should File for Social Security Three Months Before 
[2026-05-17T20:43:15] market_report:   RSS fetch failed (Barron's): HTTP Error 403: Forbidden
[2026-05-17T20:43:15] market_report:   Barron's: RSS unavailable, using hardcoded fallback
[2026-05-17T20:43:15] market_report:   Selected [Barron's] topic=MACRO: Trade Winds: Tariff Developments Continue to Reshape Global Supply Cha
[2026-05-17T20:43:15] market_report: Fetched 3 news items
[2026-05-17T20:43:15] market_report: Updated marketDailySummary.html with score=+12.14 (Partly Clear Sky Likely)
[2026-05-17T20:43:15] market_report: Stamped last-updated (05/17/2026 08:43 PM ET) into index.html
[2026-05-17T20:43:15] market_report: Stamped last-updated (05/17/2026 08:43 PM ET) into performance1.html
[2026-05-17T20:43:16] market_report: Stamped last-updated (05/17/2026 08:43 PM ET) into Algorithm185History.html
[2026-05-17T20:43:16] market_report: === Market report generation complete ===
[2026-05-18T14:50:01] archive: === Archive started ===
[2026-05-18T14:50:02] === Composer daily allocation pull ===
[2026-05-18T14:50:02] Configured symphonies: ['sRxc0F27TQYj10bWwIlO', 'qjmHJ3IR19kmaAlbgkNj', 'uP4EOQmkexROiO18SaiN']
[2026-05-18T14:50:02] No account_uuid in config; discovering via /accounts/list...
[2026-05-18T14:50:06] Using first account: b0d61a36-f329-4226-9d82-4494deaee5f5
[2026-05-18T14:50:06] (Tip: copy this account_uuid into composer_config.json to skip the lookup next run.)
[2026-05-18T14:50:06] Fetching per-symphony stats from /portfolio/.../symphony-stats-meta...
[2026-05-18T14:50:06] GET /api/v0.1/portfolio/accounts/b0d61a36-f329-4226-9d82-4494deaee5f5/symphony-stats-meta
[2026-05-18T14:50:14] Saved symphony-stats response to composer_symphony_stats_2026-05-18.json
[2026-05-18T14:50:14] --- BLEE - 186 2026 ALL in One (sRxc0F27TQYj10bWwIlO) ---
[2026-05-18T14:50:14]   Got 17 positions from symphony-stats-meta
[2026-05-18T14:50:14]   RSI override: DISABLED (symphony handles its own rotation)
[2026-05-18T14:50:14]   Saved today's slice to composer_allocations_2026-05-18.json
[2026-05-18T14:50:14]   Wrote 17 rows for 2026-05-18 to composer_allocations.csv (kept 125 prior rows, source=symphony-stats-meta)
[2026-05-18T14:50:14] Generated dashboard -> index_50.html (value=$39,523.26, days=9)
[2026-05-18T14:50:14] --- BLEE - 187 2026 SGOV Bond 20% Yield and Min Dual Reversal (qjmHJ3IR19kmaAlbgkNj) ---
[2026-05-18T14:50:14]   Got 4 positions from symphony-stats-meta
[2026-05-18T14:50:14]   RSI override: DISABLED (symphony handles its own rotation)
[2026-05-18T14:50:14]   Saved today's slice to composer_allocations_185_2026-05-18.json
[2026-05-18T14:50:14]   Wrote 4 rows for 2026-05-18 to composer_allocations_185.csv (kept 27 prior rows, source=symphony-stats-meta)
[2026-05-18T14:50:14] Generated dashboard -> index2.html (value=$1,001.33, days=9)
[2026-05-18T14:50:14]   Prepended 2026-05-18 row to composer_allocations_185_3yr2.csv
[2026-05-18T14:50:14]   Prepended 2026-05-18 row to Algorithm185History.html ALLOC_DATA
[2026-05-18T14:50:14] --- BLEE - 185 Algorithm (uP4EOQmkexROiO18SaiN) ---
[2026-05-18T14:50:14]   WARN: symphony-stats-meta returned no positions for uP4EOQmkexROiO18SaiN (check 2026-05-18 JSON to verify the id matches one in the response)
[2026-05-18T14:50:14]   ERROR: no positions found for uP4EOQmkexROiO18SaiN; skipping CSV/HTML for this symphony
[2026-05-18T14:50:14] Published signal_latest.json (3 positions, date=2026-05-18)
[2026-05-18T14:50:14] === Done ===
[2026-05-18T14:50:23] Stamped last-updated (05/18/2026 02:50 PM ET) into index.html
[2026-05-18T14:50:23] Stamped last-updated (05/18/2026 02:50 PM ET) into performance1.html
[2026-05-18T14:50:23] Stamped last-updated (05/18/2026 02:50 PM ET) into Algorithm185History.html
[2026-05-18T14:50:23] --- Pushing updates to GitHub ---
[2026-05-18T14:50:23]   $ git -C "C:\Kei\ComposerInvest" add .
[2026-05-18T14:50:24]   $ git -C "C:\Kei\ComposerInvest" commit -m "daily auto update 2026-05-18"
[2026-05-18T14:50:24]   $ git -C "C:\Kei\ComposerInvest" push
[2026-05-18T14:50:35] GitHub push successful.
[2026-05-18T14:53:01] market_report: === Market report generation started ===
[2026-05-18T14:53:02] market_report: Loaded 15 ETF points from Index_50_point.csv
[2026-05-18T14:53:02] market_report: Loaded 17 ETF allocations from index_50.html
[2026-05-18T14:53:17] market_report:   RSI signal: Severely Overbought — strong bear lean (10d avg=76.03, adj=-20, new score=+9.64)
[2026-05-18T14:53:17] market_report:   RSI override condition met but DISABLED: Today RSI 76.2 > 76.0 AND 1 of last 2 days also exceeded 76.0 — override ACTIVE
[2026-05-18T14:53:17] market_report:   (no score adj, no banner — symphony handles rotation natively)
[2026-05-18T14:53:17] market_report: Composite score: +9.64 -> Partly Clear Sky Likely
[2026-05-18T14:53:19] market_report:   RSS WSJ: 20 items fetched
[2026-05-18T14:53:19] market_report:   Selected [WSJ] topic=EQUITY: Stocks Sink in Broad AI Rout Sparked by China's DeepSeek
[2026-05-18T14:53:22] market_report:   RSS Yahoo Finance: 48 items fetched
[2026-05-18T14:53:22] market_report:   Selected [Yahoo Finance] topic=OTHER: 170-year-old luxury fashion retailer quietly closes 21 stores
[2026-05-18T14:53:26] market_report:   RSS fetch failed (Barron's): HTTP Error 403: Forbidden
[2026-05-18T14:53:26] market_report:   Barron's: RSS unavailable, using hardcoded fallback
[2026-05-18T14:53:26] market_report:   Selected [Barron's] topic=MACRO: Trade Winds: Tariff Developments Continue to Reshape Global Supply Cha
[2026-05-18T14:53:26] market_report: Fetched 3 news items
[2026-05-18T14:53:26] market_report: Updated marketDailySummary.html with score=+9.64 (Partly Clear Sky Likely)
[2026-05-18T14:53:26] market_report: Stamped last-updated (05/18/2026 02:53 PM ET) into index.html
[2026-05-18T14:53:26] market_report: Stamped last-updated (05/18/2026 02:53 PM ET) into performance1.html
[2026-05-18T14:53:27] market_report: Stamped last-updated (05/18/2026 02:53 PM ET) into Algorithm185History.html
[2026-05-18T14:53:27] market_report: === Market report generation complete ===
[2026-05-18T15:51:00] archive: === Archive started ===
[2026-05-18T15:51:00] archive:   Already archived today (has real data): marketForecast_2026-05-18.html
[2026-05-18T15:51:01] === Composer daily allocation pull ===
[2026-05-18T15:51:01] Configured symphonies: ['sRxc0F27TQYj10bWwIlO', 'qjmHJ3IR19kmaAlbgkNj', 'uP4EOQmkexROiO18SaiN']
[2026-05-18T15:51:01] No account_uuid in config; discovering via /accounts/list...
[2026-05-18T15:51:02] Using first account: b0d61a36-f329-4226-9d82-4494deaee5f5
[2026-05-18T15:51:02] (Tip: copy this account_uuid into composer_config.json to skip the lookup next run.)
[2026-05-18T15:51:02] Fetching per-symphony stats from /portfolio/.../symphony-stats-meta...
[2026-05-18T15:51:02] GET /api/v0.1/portfolio/accounts/b0d61a36-f329-4226-9d82-4494deaee5f5/symphony-stats-meta
[2026-05-18T15:51:04] Saved symphony-stats response to composer_symphony_stats_2026-05-18.json
[2026-05-18T15:51:04] --- BLEE - 186 2026 ALL in One (sRxc0F27TQYj10bWwIlO) ---
[2026-05-18T15:51:04]   Got 17 positions from symphony-stats-meta
[2026-05-18T15:51:04]   RSI override: DISABLED (symphony handles its own rotation)
[2026-05-18T15:51:04]   Saved today's slice to composer_allocations_2026-05-18.json
[2026-05-18T15:51:04]   Wrote 17 rows for 2026-05-18 to composer_allocations.csv (kept 125 prior rows, source=symphony-stats-meta)
[2026-05-18T15:51:04] Generated dashboard -> index_50.html (value=$39,729.40, days=9)
[2026-05-18T15:51:04] --- BLEE - 187 2026 SGOV Bond 20% Yield and Min Dual Reversal (qjmHJ3IR19kmaAlbgkNj) ---
[2026-05-18T15:51:04]   Got 4 positions from symphony-stats-meta
[2026-05-18T15:51:04]   RSI override: DISABLED (symphony handles its own rotation)
[2026-05-18T15:51:04]   Saved today's slice to composer_allocations_185_2026-05-18.json
[2026-05-18T15:51:04]   Wrote 4 rows for 2026-05-18 to composer_allocations_185.csv (kept 27 prior rows, source=symphony-stats-meta)
[2026-05-18T15:51:04] Generated dashboard -> index2.html (value=$1,004.59, days=9)
[2026-05-18T15:51:04]   Updated 2026-05-18 row in composer_allocations_185_3yr2.csv
[2026-05-18T15:51:04]   Updated today's row in Algorithm185History.html
[2026-05-18T15:51:04] --- BLEE - 185 Algorithm (uP4EOQmkexROiO18SaiN) ---
[2026-05-18T15:51:04]   WARN: symphony-stats-meta returned no positions for uP4EOQmkexROiO18SaiN (check 2026-05-18 JSON to verify the id matches one in the response)
[2026-05-18T15:51:04]   ERROR: no positions found for uP4EOQmkexROiO18SaiN; skipping CSV/HTML for this symphony
[2026-05-18T15:51:04] Published signal_latest.json (3 positions, date=2026-05-18)
[2026-05-18T15:51:04] === Done ===
[2026-05-18T15:51:05] Stamped last-updated (05/18/2026 03:51 PM ET) into index.html
[2026-05-18T15:51:05] Stamped last-updated (05/18/2026 03:51 PM ET) into performance1.html
[2026-05-18T15:51:05] Stamped last-updated (05/18/2026 03:51 PM ET) into Algorithm185History.html
[2026-05-18T15:51:05] --- Pushing updates to GitHub ---
[2026-05-18T15:51:05]   $ git -C "C:\Kei\ComposerInvest" add .
[2026-05-18T15:51:05]   $ git -C "C:\Kei\ComposerInvest" commit -m "daily auto update 2026-05-18"
[2026-05-18T15:51:05]   $ git -C "C:\Kei\ComposerInvest" push
[2026-05-18T15:51:10] GitHub push successful.
[2026-05-18T15:53:01] market_report: === Market report generation started ===
[2026-05-18T15:53:01] market_report: Loaded 15 ETF points from Index_50_point.csv
[2026-05-18T15:53:01] market_report: Loaded 17 ETF allocations from index_50.html
[2026-05-18T15:53:07] market_report:   RSI signal: Severely Overbought — strong bear lean (10d avg=76.03, adj=-20, new score=+10.90)
[2026-05-18T15:53:07] market_report:   RSI override condition met but DISABLED: Today RSI 76.2 > 76.0 AND 1 of last 2 days also exceeded 76.0 — override ACTIVE
[2026-05-18T15:53:07] market_report:   (no score adj, no banner — symphony handles rotation natively)
[2026-05-18T15:53:07] market_report: Composite score: +10.90 -> Partly Clear Sky Likely
[2026-05-18T15:53:08] market_report:   RSS WSJ: 20 items fetched
[2026-05-18T15:53:08] market_report:   Selected [WSJ] topic=EQUITY: Stocks Sink in Broad AI Rout Sparked by China's DeepSeek
[2026-05-18T15:53:09] market_report:   RSS Yahoo Finance: 48 items fetched
[2026-05-18T15:53:09] market_report:   Selected [Yahoo Finance] topic=OTHER: 170-year-old luxury fashion retailer quietly closes 21 stores
[2026-05-18T15:53:11] market_report:   RSS fetch failed (Barron's): HTTP Error 403: Forbidden
[2026-05-18T15:53:11] market_report:   Barron's: RSS unavailable, using hardcoded fallback
[2026-05-18T15:53:11] market_report:   Selected [Barron's] topic=MACRO: Trade Winds: Tariff Developments Continue to Reshape Global Supply Cha
[2026-05-18T15:53:11] market_report: Fetched 3 news items
[2026-05-18T15:53:11] market_report: Updated marketDailySummary.html with score=+10.90 (Partly Clear Sky Likely)
[2026-05-18T15:53:11] market_report: Stamped last-updated (05/18/2026 03:53 PM ET) into index.html
[2026-05-18T15:53:12] market_report: Stamped last-updated (05/18/2026 03:53 PM ET) into performance1.html
[2026-05-18T15:53:12] market_report: Stamped last-updated (05/18/2026 03:53 PM ET) into Algorithm185History.html
[2026-05-18T15:53:12] market_report: === Market report generation complete ===
[2026-05-18T20:18:54] market_report: === Market report generation started ===
[2026-05-18T20:18:54] market_report: Loaded 15 ETF points from Index_50_point.csv
[2026-05-18T20:18:54] market_report: Loaded 17 ETF allocations from index_50.html
[2026-05-18T20:18:54] market_report:   RSI signal: Severely Overbought — strong bear lean (10d avg=76.03, adj=-20, new score=+10.90)
[2026-05-18T20:18:54] market_report:   RSI override condition met but DISABLED: Today RSI 76.2 > 76.0 AND 1 of last 2 days also exceeded 76.0 — override ACTIVE
[2026-05-18T20:18:54] market_report:   (no score adj, no banner — symphony handles rotation natively)
[2026-05-18T20:18:54] market_report: Composite score: +10.90 -> Partly Clear Sky Likely
[2026-05-18T20:18:55] market_report:   RSS fetch failed (WSJ): <urlopen error Tunnel connection failed: 403 Forbidden>
[2026-05-18T20:18:55] market_report:   WSJ: RSS unavailable, using hardcoded fallback
[2026-05-18T20:18:55] market_report:   Selected [WSJ] topic=FED: Fed Signals Patience as Rate Path Stays Data-Dependent
[2026-05-18T20:18:55] market_report:   RSS fetch failed (Yahoo Finance): <urlopen error Tunnel connection failed: 403 Forbidden>
[2026-05-18T20:18:55] market_report:   Yahoo Finance: RSS unavailable, using hardcoded fallback
[2026-05-18T20:18:55] market_report:   Selected [Yahoo Finance] topic=EQUITY: S&P 500 Holds Near Highs as Investors Weigh Macro Crosscurrents
[2026-05-18T20:18:55] market_report:   RSS fetch failed (Barron's): <urlopen error Tunnel connection failed: 403 Forbidden>
[2026-05-18T20:18:55] market_report:   Barron's: RSS unavailable, using hardcoded fallback
[2026-05-18T20:18:55] market_report:   Selected [Barron's] topic=MACRO: Trade Winds: Tariff Developments Continue to Reshape Global Supply Cha
[2026-05-18T20:18:55] market_report: Fetched 3 news items
[2026-05-18T20:18:55] market_report: Updated marketDailySummary.html with score=+10.90 (Partly Clear Sky Likely)
[2026-05-18T20:18:55] market_report:   (stamp failed for index.html: 'utf-8' codec can't decode byte 0xeb in position 95692: unexpected end of data)
[2026-05-18T20:18:55] market_report: Stamped last-updated (05/18/2026 04:18 PM ET) into performance1.html
[2026-05-18T20:18:55] market_report: Stamped last-updated (05/18/2026 04:18 PM ET) into Algorithm185History.html
[2026-05-18T20:18:55] market_report: === Market report generation complete ===
[2026-05-19T15:51:00] archive: === Archive started ===
[2026-05-19T15:51:01] === Composer daily allocation pull ===
[2026-05-19T15:51:01] Configured symphonies: ['sRxc0F27TQYj10bWwIlO', 'qjmHJ3IR19kmaAlbgkNj', 'uP4EOQmkexROiO18SaiN']
[2026-05-19T15:51:01] No account_uuid in config; discovering via /accounts/list...
[2026-05-19T15:51:02] Using first account: b0d61a36-f329-4226-9d82-4494deaee5f5
[2026-05-19T15:51:02] (Tip: copy this account_uuid into composer_config.json to skip the lookup next run.)
[2026-05-19T15:51:02] Fetching per-symphony stats from /portfolio/.../symphony-stats-meta...
[2026-05-19T15:51:02] GET /api/v0.1/portfolio/accounts/b0d61a36-f329-4226-9d82-4494deaee5f5/symphony-stats-meta
[2026-05-19T15:51:03] Saved symphony-stats response to composer_symphony_stats_2026-05-19.json
[2026-05-19T15:51:03] --- BLEE - 186 2026 ALL in One (sRxc0F27TQYj10bWwIlO) ---
[2026-05-19T15:51:03]   WARN: symphony-stats-meta returned no positions for sRxc0F27TQYj10bWwIlO (check 2026-05-19 JSON to verify the id matches one in the response)
[2026-05-19T15:51:03]   ERROR: no positions found for sRxc0F27TQYj10bWwIlO; skipping CSV/HTML for this symphony
[2026-05-19T15:51:03] --- BLEE - 187 2026 SGOV Bond 20% Yield and Min Dual Reversal (qjmHJ3IR19kmaAlbgkNj) ---
[2026-05-19T15:51:03]   Got 4 positions from symphony-stats-meta
[2026-05-19T15:51:03]   RSI override: DISABLED (symphony handles its own rotation)
[2026-05-19T15:51:03]   Saved today's slice to composer_allocations_185_2026-05-19.json
[2026-05-19T15:51:03]   Wrote 4 rows for 2026-05-19 to composer_allocations_185.csv (kept 31 prior rows, source=symphony-stats-meta)
[2026-05-19T15:51:03] Generated dashboard -> index2.html (value=$1,001.76, days=10)
[2026-05-19T15:51:03]   Prepended 2026-05-19 row to composer_allocations_185_3yr2.csv
[2026-05-19T15:51:03]   Updated today's row in Algorithm185History.html
[2026-05-19T15:51:03] --- BLEE - 185 Algorithm (uP4EOQmkexROiO18SaiN) ---
[2026-05-19T15:51:03]   WARN: symphony-stats-meta returned no positions for uP4EOQmkexROiO18SaiN (check 2026-05-19 JSON to verify the id matches one in the response)
[2026-05-19T15:51:03]   ERROR: no positions found for uP4EOQmkexROiO18SaiN; skipping CSV/HTML for this symphony
[2026-05-19T15:51:03] Published signal_latest.json (3 positions, date=2026-05-19)
[2026-05-19T15:51:03] === Done ===
[2026-05-19T15:51:04] Stamped last-updated (05/19/2026 03:51 PM ET) into index.html
[2026-05-19T15:51:04] Stamped last-updated (05/19/2026 03:51 PM ET) into performance1.html
[2026-05-19T15:51:04] Stamped last-updated (05/19/2026 03:51 PM ET) into Algorithm185History.html
[2026-05-19T15:51:04] --- Pushing updates to GitHub ---
[2026-05-19T15:51:04]   $ git -C "C:\Kei\ComposerInvest" add .
[2026-05-19T15:52:00]   $ git -C "C:\Kei\ComposerInvest" commit -m "daily auto update 2026-05-19"
[2026-05-19T15:52:17]   $ git -C "C:\Kei\ComposerInvest" push
[2026-05-19T15:52:38]   WARNING: command exited with code 1
[2026-05-19T15:52:38] GitHub push failed � check remote/auth settings.
[2026-05-19T15:53:01] market_report: === Market report generation started ===
[2026-05-19T15:53:01] market_report: Loaded 15 ETF points from Index_50_point.csv
[2026-05-19T15:53:01] market_report: Loaded 17 ETF allocations from index_50.html
[2026-05-19T15:53:06] market_report:   RSI-14 fetched: 63.2 (SPY close=733.41)
[2026-05-19T15:53:06] market_report:   RSI signal: Overbought — moderate bear lean (10d avg=73.04, adj=-10, new score=+20.90)
[2026-05-19T15:53:06] market_report:   RSI override not triggered: Today RSI 63.2 ≤ 76.0 — override not triggered
[2026-05-19T15:53:06] market_report: Composite score: +20.90 -> Cloudy
[2026-05-19T15:53:07] market_report:   RSS WSJ: 20 items fetched
[2026-05-19T15:53:07] market_report:   Selected [WSJ] topic=EQUITY: Stocks Sink in Broad AI Rout Sparked by China's DeepSeek
[2026-05-19T15:53:09] market_report:   RSS Yahoo Finance: 50 items fetched
[2026-05-19T15:53:09] market_report:   Selected [Yahoo Finance] topic=OTHER: Morning Bid: Bonds spoil the AI party
[2026-05-19T15:53:10] market_report:   RSS fetch failed (Barron's): HTTP Error 403: Forbidden
[2026-05-19T15:53:10] market_report:   Barron's: RSS unavailable, using hardcoded fallback
[2026-05-19T15:53:10] market_report:   Selected [Barron's] topic=MACRO: Trade Winds: Tariff Developments Continue to Reshape Global Supply Cha
[2026-05-19T15:53:10] market_report: Fetched 3 news items
[2026-05-19T15:53:10] market_report: Updated marketDailySummary.html with score=+20.90 (Cloudy)
[2026-05-19T15:53:10] market_report: Stamped last-updated (05/19/2026 03:53 PM ET) into index.html
[2026-05-19T15:53:10] market_report: Stamped last-updated (05/19/2026 03:53 PM ET) into performance1.html
[2026-05-19T15:53:10] market_report: Stamped last-updated (05/19/2026 03:53 PM ET) into Algorithm185History.html
[2026-05-19T15:53:10] market_report: === Market report generation complete ===
[2026-05-19T20:18:19] market_report: === Market report generation started ===
[2026-05-19T20:18:19] market_report: Loaded 15 ETF points from Index_50_point.csv
[2026-05-19T20:18:19] market_report: Loaded 17 ETF allocations from index_50.html
[2026-05-19T20:18:19] market_report:   RSI signal: Mildly Overbought — slight bear lean (10d avg=61.72, adj=-5, new score=+25.90)
[2026-05-19T20:18:19] market_report:   RSI override not triggered: Today RSI 61.6 ≤ 76.0 — override not triggered
[2026-05-19T20:18:19] market_report: Composite score: +25.90 -> Cloudy
[2026-05-19T20:18:19] market_report:   RSS fetch failed (WSJ): <urlopen error Tunnel connection failed: 403 Forbidden>
[2026-05-19T20:18:19] market_report:   WSJ: RSS unavailable, using hardcoded fallback
[2026-05-19T20:18:19] market_report:   Selected [WSJ] topic=FED: Fed Signals Patience as Rate Path Stays Data-Dependent
[2026-05-19T20:18:19] market_report:   RSS fetch failed (Yahoo Finance): <urlopen error Tunnel connection failed: 403 Forbidden>
[2026-05-19T20:18:19] market_report:   Yahoo Finance: RSS unavailable, using hardcoded fallback
[2026-05-19T20:18:19] market_report:   Selected [Yahoo Finance] topic=EQUITY: S&P 500 Holds Near Highs as Investors Weigh Macro Crosscurrents
[2026-05-19T20:18:19] market_report:   RSS fetch failed (Barron's): <urlopen error Tunnel connection failed: 403 Forbidden>
[2026-05-19T20:18:19] market_report:   Barron's: RSS unavailable, using hardcoded fallback
[2026-05-19T20:18:19] market_report:   Selected [Barron's] topic=MACRO: Trade Winds: Tariff Developments Continue to Reshape Global Supply Cha
[2026-05-19T20:18:19] market_report: Fetched 3 news items
[2026-05-19T20:18:19] market_report: Updated marketDailySummary.html with score=+25.90 (Cloudy)
[2026-05-19T20:18:20] market_report: Stamped last-updated (05/19/2026 04:18 PM ET) into index.html
[2026-05-19T20:18:20] market_report: Stamped last-updated (05/19/2026 04:18 PM ET) into performance1.html
[2026-05-19T20:18:20] market_report: Stamped last-updated (05/19/2026 04:18 PM ET) into Algorithm185History.html
[2026-05-19T20:18:20] market_report: === Market report generation complete ===
[2026-05-20T15:51:01] archive: === Archive started ===
[2026-05-20T15:51:01] === Composer daily allocation pull ===
[2026-05-20T15:51:01] Configured symphonies: ['sRxc0F27TQYj10bWwIlO', 'qjmHJ3IR19kmaAlbgkNj', 'uP4EOQmkexROiO18SaiN']
[2026-05-20T15:51:01] No account_uuid in config; discovering via /accounts/list...
[2026-05-20T15:51:02] Using first account: b0d61a36-f329-4226-9d82-4494deaee5f5
[2026-05-20T15:51:02] (Tip: copy this account_uuid into composer_config.json to skip the lookup next run.)
[2026-05-20T15:51:03] Fetching per-symphony stats from /portfolio/.../symphony-stats-meta...
[2026-05-20T15:51:03] GET /api/v0.1/portfolio/accounts/b0d61a36-f329-4226-9d82-4494deaee5f5/symphony-stats-meta
[2026-05-20T15:51:04] Saved symphony-stats response to composer_symphony_stats_2026-05-20.json
[2026-05-20T15:51:04] --- BLEE - 186 2026 ALL in One (sRxc0F27TQYj10bWwIlO) ---
[2026-05-20T15:51:04]   WARN: symphony-stats-meta returned no positions for sRxc0F27TQYj10bWwIlO (check 2026-05-20 JSON to verify the id matches one in the response)
[2026-05-20T15:51:04]   ERROR: no positions found for sRxc0F27TQYj10bWwIlO; skipping CSV/HTML for this symphony
[2026-05-20T15:51:04] --- BLEE - 187 2026 SGOV Bond 20% Yield and Min Dual Reversal (qjmHJ3IR19kmaAlbgkNj) ---
[2026-05-20T15:51:04]   Got 4 positions from symphony-stats-meta
[2026-05-20T15:51:04]   RSI override: DISABLED (symphony handles its own rotation)
[2026-05-20T15:51:04]   Saved today's slice to composer_allocations_185_2026-05-20.json
[2026-05-20T15:51:04]   Wrote 4 rows for 2026-05-20 to composer_allocations_185.csv (kept 35 prior rows, source=symphony-stats-meta)
[2026-05-20T15:51:04] Generated dashboard -> index2.html (value=$15,075.36, days=11)
[2026-05-20T15:51:04]   Prepended 2026-05-20 row to composer_allocations_185_3yr2.csv
[2026-05-20T15:51:04]   Prepended 2026-05-20 row to Algorithm185History.html ALLOC_DATA
[2026-05-20T15:51:04] --- BLEE - 185 Algorithm (uP4EOQmkexROiO18SaiN) ---
[2026-05-20T15:51:04]   WARN: symphony-stats-meta returned no positions for uP4EOQmkexROiO18SaiN (check 2026-05-20 JSON to verify the id matches one in the response)
[2026-05-20T15:51:04]   ERROR: no positions found for uP4EOQmkexROiO18SaiN; skipping CSV/HTML for this symphony
[2026-05-20T15:51:04] Published signal_latest.json (3 positions, date=2026-05-20)
[2026-05-20T15:51:04] === Done ===
[2026-05-20T15:51:12] Stamped last-updated (05/20/2026 03:51 PM ET) into index.html
[2026-05-20T15:51:12] Stamped last-updated (05/20/2026 03:51 PM ET) into performance1.html
[2026-05-20T15:51:12] Stamped last-updated (05/20/2026 03:51 PM ET) into Algorithm185History.html
[2026-05-20T15:51:12] --- Pushing updates to GitHub ---
[2026-05-20T15:51:12]   $ git -C "C:\Kei\ComposerInvest" add .
[2026-05-20T15:51:45]   $ git -C "C:\Kei\ComposerInvest" commit -m "daily auto update 2026-05-20"
[2026-05-20T15:51:47]   $ git -C "C:\Kei\ComposerInvest" push
[2026-05-20T15:51:53] GitHub push successful.
[2026-05-20T15:53:01] market_report: === Market report generation started ===
[2026-05-20T15:53:01] market_report: Loaded 15 ETF points from Index_50_point.csv
[2026-05-20T15:53:02] market_report: Loaded 17 ETF allocations from index_50.html
[2026-05-20T15:53:06] market_report:   RSI-14 fetched: 67.19 (SPY close=741.28)
[2026-05-20T15:53:06] market_report:   RSI signal: Overbought — moderate bear lean (10d avg=72.44, adj=-10, new score=+20.90)
[2026-05-20T15:53:06] market_report:   RSI override not triggered: Today RSI 67.2 ≤ 76.0 — override not triggered
[2026-05-20T15:53:06] market_report: Composite score: +20.90 -> Cloudy
[2026-05-20T15:53:07] market_report:   RSS WSJ: 20 items fetched
[2026-05-20T15:53:07] market_report:   Selected [WSJ] topic=EQUITY: Stocks Sink in Broad AI Rout Sparked by China's DeepSeek
[2026-05-20T15:53:09] market_report:   RSS Yahoo Finance: 45 items fetched
[2026-05-20T15:53:09] market_report:   Selected [Yahoo Finance] topic=FED: Half of Fund Managers Still Expect Fed Rate Cut in Next 12 Months, Bof
[2026-05-20T15:53:10] market_report:   RSS fetch failed (Barron's): HTTP Error 403: Forbidden
[2026-05-20T15:53:10] market_report:   Barron's: RSS unavailable, using hardcoded fallback
[2026-05-20T15:53:10] market_report:   Selected [Barron's] topic=MACRO: Trade Winds: Tariff Developments Continue to Reshape Global Supply Cha
[2026-05-20T15:53:10] market_report: Fetched 3 news items
[2026-05-20T15:53:10] market_report: Updated marketDailySummary.html with score=+20.90 (Cloudy)
[2026-05-20T15:53:10] market_report: Stamped last-updated (05/20/2026 03:53 PM ET) into index.html
[2026-05-20T15:53:10] market_report: Stamped last-updated (05/20/2026 03:53 PM ET) into performance1.html
[2026-05-20T15:53:10] market_report: Stamped last-updated (05/20/2026 03:53 PM ET) into Algorithm185History.html
[2026-05-20T15:53:10] market_report: === Market report generation complete ===
[2026-05-20T20:18:25] market_report: === Market report generation started ===
[2026-05-20T20:18:25] market_report: Loaded 15 ETF points from Index_50_point.csv
[2026-05-20T20:18:25] market_report: Loaded 17 ETF allocations from index_50.html
[2026-05-20T20:18:25] market_report:   RSI signal: Overbought — moderate bear lean (10d avg=73.04, adj=-10, new score=+20.90)
[2026-05-20T20:18:25] market_report:   RSI override not triggered: Today RSI 63.2 ≤ 76.0 — override not triggered
[2026-05-20T20:18:25] market_report: Composite score: +20.90 -> Cloudy
[2026-05-20T20:18:25] market_report:   RSS fetch failed (WSJ): <urlopen error Tunnel connection failed: 403 Forbidden>
[2026-05-20T20:18:25] market_report:   WSJ: RSS unavailable, using hardcoded fallback
[2026-05-20T20:18:25] market_report:   Selected [WSJ] topic=FED: Fed Signals Patience as Rate Path Stays Data-Dependent
[2026-05-20T20:18:25] market_report:   RSS fetch failed (Yahoo Finance): <urlopen error Tunnel connection failed: 403 Forbidden>
[2026-05-20T20:18:25] market_report:   Yahoo Finance: RSS unavailable, using hardcoded fallback
[2026-05-20T20:18:25] market_report:   Selected [Yahoo Finance] topic=EQUITY: S&P 500 Holds Near Highs as Investors Weigh Macro Crosscurrents
[2026-05-20T20:18:25] market_report:   RSS fetch failed (Barron's): <urlopen error Tunnel connection failed: 403 Forbidden>
[2026-05-20T20:18:25] market_report:   Barron's: RSS unavailable, using hardcoded fallback
[2026-05-20T20:18:25] market_report:   Selected [Barron's] topic=MACRO: Trade Winds: Tariff Developments Continue to Reshape Global Supply Cha
[2026-05-20T20:18:25] market_report: Fetched 3 news items
[2026-05-20T20:18:25] market_report: Updated marketDailySummary.html with score=+20.90 (Cloudy)
[2026-05-20T20:18:25] market_report: Stamped last-updated (05/20/2026 04:18 PM ET) into index.html
[2026-05-20T20:18:25] market_report: Stamped last-updated (05/20/2026 04:18 PM ET) into performance1.html
[2026-05-20T20:18:26] market_report: Stamped last-updated (05/20/2026 04:18 PM ET) into Algorithm185History.html
[2026-05-20T20:18:26] market_report: === Market report generation complete ===
[2026-05-21T15:51:01] archive: === Archive started ===
[2026-05-21T15:51:01] archive:   Archived -> marketForecast_2026-05-21.html
[2026-05-21T15:51:01] archive:   Archived -> dailySignal_2026-05-21.html
[2026-05-21T15:51:01] archive: Rebuilt BackLog/index.html � 10 dates, 16 files
[2026-05-21T15:51:01] archive: === Archive complete ===
[2026-05-21T15:51:01] === Composer daily allocation pull ===
[2026-05-21T15:51:01] Configured symphonies: ['sRxc0F27TQYj10bWwIlO', 'qjmHJ3IR19kmaAlbgkNj', 'uP4EOQmkexROiO18SaiN']
[2026-05-21T15:51:01] No account_uuid in config; discovering via /accounts/list...
[2026-05-21T15:51:03] Using first account: b0d61a36-f329-4226-9d82-4494deaee5f5
[2026-05-21T15:51:03] (Tip: copy this account_uuid into composer_config.json to skip the lookup next run.)
[2026-05-21T15:51:03] Fetching per-symphony stats from /portfolio/.../symphony-stats-meta...
[2026-05-21T15:51:03] GET /api/v0.1/portfolio/accounts/b0d61a36-f329-4226-9d82-4494deaee5f5/symphony-stats-meta
[2026-05-21T15:51:04] Saved symphony-stats response to composer_symphony_stats_2026-05-21.json
[2026-05-21T15:51:04] --- BLEE - 186 2026 ALL in One (sRxc0F27TQYj10bWwIlO) ---
[2026-05-21T15:51:04]   WARN: symphony-stats-meta returned no positions for sRxc0F27TQYj10bWwIlO (check 2026-05-21 JSON to verify the id matches one in the response)
[2026-05-21T15:51:04]   ERROR: no positions found for sRxc0F27TQYj10bWwIlO; skipping CSV/HTML for this symphony
[2026-05-21T15:51:04] --- BLEE - 187 2026 SGOV Bond 20% Yield and Min Dual Reversal (qjmHJ3IR19kmaAlbgkNj) ---
[2026-05-21T15:51:04]   Got 4 positions from symphony-stats-meta
[2026-05-21T15:51:04]   RSI override: DISABLED (symphony handles its own rotation)
[2026-05-21T15:51:04]   Saved today's slice to composer_allocations_185_2026-05-21.json
[2026-05-21T15:51:04]   Wrote 4 rows for 2026-05-21 to composer_allocations_185.csv (kept 39 prior rows, source=symphony-stats-meta)
[2026-05-21T15:51:04] Generated dashboard -> index2.html (value=$15,086.70, days=12)
[2026-05-21T15:51:04]   Prepended 2026-05-21 row to composer_allocations_185_3yr2.csv
[2026-05-21T15:51:04]   Prepended 2026-05-21 row to Algorithm185History.html ALLOC_DATA
[2026-05-21T15:51:04] --- BLEE - 185 Algorithm (uP4EOQmkexROiO18SaiN) ---
[2026-05-21T15:51:04]   WARN: symphony-stats-meta returned no positions for uP4EOQmkexROiO18SaiN (check 2026-05-21 JSON to verify the id matches one in the response)
[2026-05-21T15:51:04]   ERROR: no positions found for uP4EOQmkexROiO18SaiN; skipping CSV/HTML for this symphony
[2026-05-21T15:51:04] Published signal_latest.json (3 positions, date=2026-05-21)
[2026-05-21T15:51:04] === Done ===
[2026-05-21T15:51:15] Stamped last-updated (05/21/2026 03:51 PM ET) into index.html
[2026-05-21T15:51:15] Stamped last-updated (05/21/2026 03:51 PM ET) into performance1.html
[2026-05-21T15:51:15] Stamped last-updated (05/21/2026 03:51 PM ET) into Algorithm185History.html
[2026-05-21T15:51:15] --- Pushing updates to GitHub ---
[2026-05-21T15:51:15]   $ git -C "C:\Kei\ComposerInvest" add .
[2026-05-21T15:51:16]   $ git -C "C:\Kei\ComposerInvest" commit -m "daily auto update 2026-05-21"
[2026-05-21T15:51:16]   $ git -C "C:\Kei\ComposerInvest" push
[2026-05-21T15:51:22] GitHub push successful.
[2026-05-21T20:19:16] market_report: === Market report generation started ===
[2026-05-21T20:19:16] market_report: Loaded 15 ETF points from Index_50_point.csv
[2026-05-21T20:19:16] market_report: Loaded 17 ETF allocations from index_50.html
[2026-05-21T20:19:16] market_report:   RSI signal: Overbought — moderate bear lean (10d avg=72.91, adj=-10, new score=+20.90)
[2026-05-21T20:19:16] market_report:   RSI override not triggered: Today RSI 62.2 ≤ 76.0 — override not triggered
[2026-05-21T20:19:16] market_report: Composite score: +20.90 -> Sunny and Partly Cloudy
[2026-05-21T20:19:16] market_report:   RSS fetch failed (WSJ): <urlopen error Tunnel connection failed: 403 Forbidden>
[2026-05-21T20:19:16] market_report:   WSJ: RSS unavailable, using hardcoded fallback
[2026-05-21T20:19:16] market_report:   Selected [WSJ] topic=FED: Fed Signals Patience as Rate Path Stays Data-Dependent
[2026-05-21T20:19:16] market_report:   RSS fetch failed (Yahoo Finance): <urlopen error Tunnel connection failed: 403 Forbidden>
[2026-05-21T20:19:16] market_report:   Yahoo Finance: RSS unavailable, using hardcoded fallback
[2026-05-21T20:19:16] market_report:   Selected [Yahoo Finance] topic=EQUITY: S&P 500 Holds Near Highs as Investors Weigh Macro Crosscurrents
[2026-05-21T20:19:16] market_report:   RSS fetch failed (Barron's): <urlopen error Tunnel connection failed: 403 Forbidden>
[2026-05-21T20:19:16] market_report:   Barron's: RSS unavailable, using hardcoded fallback
[2026-05-21T20:19:16] market_report:   Selected [Barron's] topic=MACRO: Trade Winds: Tariff Developments Continue to Reshape Global Supply Cha
[2026-05-21T20:19:16] market_report: Fetched 3 news items
[2026-05-21T20:19:16] market_report: Updated marketDailySummary.html with score=+20.90 (Sunny and Partly Cloudy)
[2026-05-21T20:19:16] market_report:   (stamp failed for index.html: 'utf-8' codec can't decode byte 0xe3 in position 91763: unexpected end of data)
[2026-05-21T20:19:16] market_report: Stamped last-updated (05/21/2026 04:19 PM ET) into performance1.html
[2026-05-21T20:19:17] market_report: Stamped last-updated (05/21/2026 04:19 PM ET) into Algorithm185History.html
[2026-05-21T20:19:17] market_report: === Market report generation complete ===
[2026-05-22T15:51:00] archive: === Archive started ===
[2026-05-22T15:51:01] archive:   Archived -> marketForecast_2026-05-22.html
[2026-05-22T15:51:01] archive:   Archived -> dailySignal_2026-05-22.html
[2026-05-22T15:51:01] archive:   Archived -> signal186_2026-05-22.html
[2026-05-22T15:51:01] archive:   SKIP (not found): index_185v2.html
[2026-05-22T15:51:01] archive:   SKIP (not found): index_kei186.html
[2026-05-22T15:51:01] archive:   SKIP (not found): index_187hi.html
[2026-05-22T15:51:01] archive: Rebuilt BackLog/index.html � 11 dates, 19 files
[2026-05-22T15:51:01] archive: === Archive complete ===
[2026-05-22T15:51:01] === Composer daily allocation pull ===
[2026-05-22T15:51:01] Configured symphonies: ['jtQvlI5wINrxpOfxgmgl', 'qjmHJ3IR19kmaAlbgkNj', 'ZGersOlsQFRHg7U2qnSw', 'g7WBkfIc6UWUWC6NiAdu', 'iPifD8uTozTr0sbu9qiB']
[2026-05-22T15:51:01] No account_uuid in config; discovering via /accounts/list...
[2026-05-22T15:51:02] Using first account: b0d61a36-f329-4226-9d82-4494deaee5f5
[2026-05-22T15:51:02] (Tip: copy this account_uuid into composer_config.json to skip the lookup next run.)
[2026-05-22T15:51:02] Fetching per-symphony stats from /portfolio/.../symphony-stats-meta...
[2026-05-22T15:51:02] GET /api/v0.1/portfolio/accounts/b0d61a36-f329-4226-9d82-4494deaee5f5/symphony-stats-meta
[2026-05-22T15:51:04] Saved symphony-stats response to composer_symphony_stats_2026-05-22.json
[2026-05-22T15:51:04] --- BLEE - 186 2026 ALL in One (jtQvlI5wINrxpOfxgmgl) ---
[2026-05-22T15:51:04]   Got 12 positions from symphony-stats-meta
[2026-05-22T15:51:04]   RSI override: DISABLED (symphony handles its own rotation)
[2026-05-22T15:51:04]   Saved today's slice to composer_allocations_2026-05-22.json
[2026-05-22T15:51:04]   Wrote 12 rows for 2026-05-22 to composer_allocations.csv (kept 142 prior rows, source=symphony-stats-meta)
[2026-05-22T15:51:04] Generated dashboard -> index_50.html (value=$179.77, days=10)
[2026-05-22T15:51:04] --- BLEE - 187 2026 SGOV Bond 20% Yield and Min Dual Reversal (qjmHJ3IR19kmaAlbgkNj) ---
[2026-05-22T15:51:04]   Got 4 positions from symphony-stats-meta
[2026-05-22T15:51:04]   RSI override: DISABLED (symphony handles its own rotation)
[2026-05-22T15:51:04]   Saved today's slice to composer_allocations_185_2026-05-22.json
[2026-05-22T15:51:04]   Wrote 4 rows for 2026-05-22 to composer_allocations_185.csv (kept 43 prior rows, source=symphony-stats-meta)
[2026-05-22T15:51:04] Generated dashboard -> index2.html (value=$15,120.57, days=13)
[2026-05-22T15:51:04]   Prepended 2026-05-22 row to composer_allocations_185_3yr2.csv
[2026-05-22T15:51:04]   Prepended 2026-05-22 row to Algorithm185History.html ALLOC_DATA
[2026-05-22T15:51:04] --- BLEE - 185 2026 SGOV and Dual Reversal (ZGersOlsQFRHg7U2qnSw) ---
[2026-05-22T15:51:04]   Got 4 positions from symphony-stats-meta
[2026-05-22T15:51:04]   RSI override: DISABLED (symphony handles its own rotation)
[2026-05-22T15:51:04]   Saved today's slice to composer_allocations_185v2_2026-05-22.json
[2026-05-22T15:51:04]   Wrote 4 rows for 2026-05-22 to composer_allocations_185v2.csv (kept 0 prior rows, source=symphony-stats-meta)
[2026-05-22T15:51:04] Generated dashboard -> index_185v2.html (value=$1,023.66, days=1)
[2026-05-22T15:51:04] --- BLEE A - 186 Part 1 Kei 90% NVDA (g7WBkfIc6UWUWC6NiAdu) ---
[2026-05-22T15:51:04]   Got 10 positions from symphony-stats-meta
[2026-05-22T15:51:04]   RSI override: DISABLED (symphony handles its own rotation)
[2026-05-22T15:51:04]   Saved today's slice to composer_allocations_kei186_2026-05-22.json
[2026-05-22T15:51:04]   Wrote 10 rows for 2026-05-22 to composer_allocations_kei186.csv (kept 0 prior rows, source=symphony-stats-meta)
[2026-05-22T15:51:04] Generated dashboard -> index_kei186.html (value=$6,016.21, days=1)
[2026-05-22T15:51:04] --- BLEE - 187 2026 ALL in One For High Interest Period (iPifD8uTozTr0sbu9qiB) ---
[2026-05-22T15:51:04]   Got 13 positions from symphony-stats-meta
[2026-05-22T15:51:04]   RSI override: DISABLED (symphony handles its own rotation)
[2026-05-22T15:51:04]   Saved today's slice to composer_allocations_187hi_2026-05-22.json
[2026-05-22T15:51:04]   Wrote 13 rows for 2026-05-22 to composer_allocations_187hi.csv (kept 0 prior rows, source=symphony-stats-meta)
[2026-05-22T15:51:04] Generated dashboard -> index_187hi.html (value=$30,152.84, days=1)
[2026-05-22T15:51:04] Published signal_latest.json (3 positions, date=2026-05-22)
[2026-05-22T15:51:04] Regenerated CurrentWatchSymphony.html (5 symphonies)
[2026-05-22T15:51:04] === Done ===
[2026-05-22T15:51:13] Stamped last-updated (05/22/2026 03:51 PM ET) into index.html
[2026-05-22T15:51:13] Stamped last-updated (05/22/2026 03:51 PM ET) into performance1.html
[2026-05-22T15:51:13] Stamped last-updated (05/22/2026 03:51 PM ET) into Algorithm185History.html
[2026-05-22T15:51:13] --- Pushing updates to GitHub ---
[2026-05-22T15:51:13]   $ git -C "C:\Kei\ComposerInvest" add .
[2026-05-22T15:51:14]   $ git -C "C:\Kei\ComposerInvest" commit -m "daily auto update 2026-05-22"
[2026-05-22T15:51:14]   $ git -C "C:\Kei\ComposerInvest" push
[2026-05-22T15:51:20] GitHub push successful.
[2026-05-22T15:53:01] market_report: === Market report generation started ===
[2026-05-22T15:53:01] market_report: Loaded 15 ETF points from Index_50_point.csv
[2026-05-22T15:53:01] market_report: Loaded 12 ETF allocations from index_50.html
[2026-05-22T15:53:05] market_report:   RSI-14 fetched: 69.39 (SPY close=745.525)
[2026-05-22T15:53:05] market_report:   RSI signal: Overbought — moderate bear lean (10d avg=71.64, adj=-10, new score=+28.73)
[2026-05-22T15:53:05] market_report:   RSI override not triggered: Today RSI 69.4 ≤ 76.0 — override not triggered
[2026-05-22T15:53:05] market_report: Composite score: +28.73 -> Sunny and Partly Cloudy
[2026-05-22T15:53:07] market_report:   RSS WSJ: 20 items fetched
[2026-05-22T15:53:07] market_report:   Selected [WSJ] topic=EQUITY: Stocks Sink in Broad AI Rout Sparked by China's DeepSeek
[2026-05-22T15:53:08] market_report:   RSS Yahoo Finance: 46 items fetched
[2026-05-22T15:53:08] market_report:   Selected [Yahoo Finance] topic=OTHER: Avis Car Rental could owe you up to $5K. When's the claim deadline?
[2026-05-22T15:53:09] market_report:   RSS fetch failed (Barron's): HTTP Error 403: Forbidden
[2026-05-22T15:53:09] market_report:   Barron's: RSS unavailable, using hardcoded fallback
[2026-05-22T15:53:09] market_report:   Selected [Barron's] topic=MACRO: Trade Winds: Tariff Developments Continue to Reshape Global Supply Cha
[2026-05-22T15:53:09] market_report: Fetched 3 news items
[2026-05-22T15:53:09] market_report: Updated marketDailySummary.html with score=+28.73 (Sunny and Partly Cloudy)
[2026-05-22T15:53:10] market_report: Stamped last-updated (05/22/2026 03:53 PM ET) into index.html
[2026-05-22T15:53:10] market_report: Stamped last-updated (05/22/2026 03:53 PM ET) into performance1.html
[2026-05-22T15:53:10] market_report: Stamped last-updated (05/22/2026 03:53 PM ET) into Algorithm185History.html
[2026-05-22T15:53:10] market_report: === Market report generation complete ===
[2026-05-22T20:18:32] market_report: === Market report generation started ===
[2026-05-22T20:18:32] market_report: Loaded 15 ETF points from Index_50_point.csv
[2026-05-22T20:18:32] market_report: Loaded 12 ETF allocations from index_50.html
[2026-05-22T20:18:32] market_report:   RSI-14 fetched: 69.39 (SPY close=745.525)
[2026-05-22T20:18:32] market_report:   RSI signal: Overbought — moderate bear lean (10d avg=71.64, adj=-10, new score=+28.73)
[2026-05-22T20:18:32] market_report:   RSI override not triggered: Today RSI 69.4 ≤ 76.0 — override not triggered
[2026-05-22T20:18:32] market_report: Composite score: +28.73 -> Sunny and Partly Cloudy
[2026-05-22T20:18:32] market_report:   RSS fetch failed (WSJ): <urlopen error Tunnel connection failed: 403 Forbidden>
[2026-05-22T20:18:32] market_report:   WSJ: RSS unavailable, using hardcoded fallback
[2026-05-22T20:18:32] market_report:   Selected [WSJ] topic=FED: Fed Signals Patience as Rate Path Stays Data-Dependent
[2026-05-22T20:18:32] market_report:   RSS fetch failed (Yahoo Finance): <urlopen error Tunnel connection failed: 403 Forbidden>
[2026-05-22T20:18:32] market_report:   Yahoo Finance: RSS unavailable, using hardcoded fallback
[2026-05-22T20:18:32] market_report:   Selected [Yahoo Finance] topic=EQUITY: S&P 500 Holds Near Highs as Investors Weigh Macro Crosscurrents
[2026-05-22T20:18:32] market_report:   RSS fetch failed (Barron's): <urlopen error Tunnel connection failed: 403 Forbidden>
[2026-05-22T20:18:32] market_report:   Barron's: RSS unavailable, using hardcoded fallback
[2026-05-22T20:18:32] market_report:   Selected [Barron's] topic=MACRO: Trade Winds: Tariff Developments Continue to Reshape Global Supply Cha
[2026-05-22T20:18:32] market_report: Fetched 3 news items
[2026-05-22T20:18:32] market_report: Updated marketDailySummary.html with score=+28.73 (Sunny and Partly Cloudy)
[2026-05-22T20:18:32] market_report: Stamped last-updated (05/22/2026 04:18 PM ET) into index.html
[2026-05-22T20:18:33] market_report: Stamped last-updated (05/22/2026 04:18 PM ET) into performance1.html
[2026-05-22T20:18:33] market_report: Stamped last-updated (05/22/2026 04:18 PM ET) into Algorithm185History.html
[2026-05-22T20:18:33] market_report: === Market report generation complete ===
[2026-05-23T15:53:02] market_report: === Market report generation started ===
[2026-05-23T15:53:02] market_report: Loaded 15 ETF points from Index_50_point.csv
[2026-05-23T15:53:02] market_report: Loaded 12 ETF allocations from index_50.html
[2026-05-23T15:53:20] market_report:   RSI-14 fetched: 69.73 (SPY close=745.64)
[2026-05-23T15:53:20] market_report:   RSI signal: Overbought — moderate bear lean (10d avg=71.64, adj=-10, new score=+28.73)
[2026-05-23T15:53:20] market_report:   RSI override not triggered: Today RSI 69.4 ≤ 76.0 — override not triggered
[2026-05-23T15:53:20] market_report: Composite score: +28.73 -> Sunny and Partly Cloudy
[2026-05-23T15:53:21] market_report:   RSS WSJ: 20 items fetched
[2026-05-23T15:53:21] market_report:   Selected [WSJ] topic=EQUITY: Stocks Sink in Broad AI Rout Sparked by China's DeepSeek
[2026-05-23T15:53:23] market_report:   RSS Yahoo Finance: 44 items fetched
[2026-05-23T15:53:23] market_report:   Selected [Yahoo Finance] topic=OTHER: Amazon allegedly made millions from this now illegal policy
[2026-05-23T15:53:24] market_report:   RSS fetch failed (Barron's): HTTP Error 403: Forbidden
[2026-05-23T15:53:24] market_report:   Barron's: RSS unavailable, using hardcoded fallback
[2026-05-23T15:53:24] market_report:   Selected [Barron's] topic=MACRO: Trade Winds: Tariff Developments Continue to Reshape Global Supply Cha
[2026-05-23T15:53:24] market_report: Fetched 3 news items
[2026-05-23T15:53:24] market_report: Updated marketDailySummary.html with score=+28.73 (Sunny and Partly Cloudy)
[2026-05-23T15:53:25] market_report: Stamped last-updated (05/23/2026 03:53 PM ET) into index.html
[2026-05-23T15:53:25] market_report: Stamped last-updated (05/23/2026 03:53 PM ET) into performance1.html
[2026-05-23T15:53:25] market_report: Stamped last-updated (05/23/2026 03:53 PM ET) into Algorithm185History.html
[2026-05-23T15:53:25] market_report: === Market report generation complete ===
[2026-05-24T15:51:00] archive: === Archive started ===
[2026-05-24T15:51:00] archive:   Archived -> marketForecast_2026-05-24.html
[2026-05-24T15:51:01] archive:   Archived -> dailySignal_2026-05-24.html
[2026-05-24T15:51:01] archive:   SKIP (not found): index_186main.html
[2026-05-24T15:51:01] archive:   Archived -> signal185_2026-05-24.html
[2026-05-24T15:51:01] archive:   Archived -> signalKei186_2026-05-24.html
[2026-05-24T15:51:01] archive:   Archived -> signal187hi_2026-05-24.html
[2026-05-24T15:51:01] archive: Rebuilt BackLog/index.html � 12 dates, 23 files
[2026-05-24T15:51:01] archive: === Archive complete ===
[2026-05-24T15:51:01] === Composer daily allocation pull ===
[2026-05-24T15:51:01] Configured symphonies: ['7GJZdYouz3l3acrmUPOD', 'jtQvlI5wINrxpOfxgmgl', 'qjmHJ3IR19kmaAlbgkNj', 'ZGersOlsQFRHg7U2qnSw', 'g7WBkfIc6UWUWC6NiAdu', 'iPifD8uTozTr0sbu9qiB']
[2026-05-24T15:51:01] No account_uuid in config; discovering via /accounts/list...
[2026-05-24T15:51:03] Using first account: b0d61a36-f329-4226-9d82-4494deaee5f5
[2026-05-24T15:51:03] (Tip: copy this account_uuid into composer_config.json to skip the lookup next run.)
[2026-05-24T15:51:03] Fetching per-symphony stats from /portfolio/.../symphony-stats-meta...
[2026-05-24T15:51:03] GET /api/v0.1/portfolio/accounts/b0d61a36-f329-4226-9d82-4494deaee5f5/symphony-stats-meta
[2026-05-24T15:51:05] Saved symphony-stats response to composer_symphony_stats_2026-05-24.json
[2026-05-24T15:51:05] --- BLEE - 186 2026 ALL in One 57% Max-Down SGOV Bond (7GJZdYouz3l3acrmUPOD) ---
[2026-05-24T15:51:05]   WARN: symphony-stats-meta returned no positions for 7GJZdYouz3l3acrmUPOD (check 2026-05-24 JSON to verify the id matches one in the response)
[2026-05-24T15:51:05]   ERROR: no positions found for 7GJZdYouz3l3acrmUPOD; skipping CSV/HTML for this symphony
[2026-05-24T15:51:05] --- BLEE - 186 2026 ALL in One (jtQvlI5wINrxpOfxgmgl) ---
[2026-05-24T15:51:05]   Got 16 positions from symphony-stats-meta
[2026-05-24T15:51:05]   RSI override: DISABLED (symphony handles its own rotation)
[2026-05-24T15:51:05]   Saved today's slice to composer_allocations_2026-05-24.json
[2026-05-24T15:51:05]   Updated stable file: composer_allocations_186.json
[2026-05-24T15:51:05]   Wrote 16 rows for 2026-05-24 to composer_allocations.csv (kept 154 prior rows, source=symphony-stats-meta)
[2026-05-24T15:51:05] Generated dashboard -> index_50.html (value=$35,180.04, days=11)
[2026-05-24T15:51:05] --- BLEE - 187 2026 SGOV Bond 20% Yield and Min Dual Reversal (qjmHJ3IR19kmaAlbgkNj) ---
[2026-05-24T15:51:05]   Got 4 positions from symphony-stats-meta
[2026-05-24T15:51:05]   RSI override: DISABLED (symphony handles its own rotation)
[2026-05-24T15:51:05]   Saved today's slice to composer_allocations_185_2026-05-24.json
[2026-05-24T15:51:05]   Updated stable file: composer_allocations_187.json
[2026-05-24T15:51:05]   Wrote 4 rows for 2026-05-24 to composer_allocations_185.csv (kept 47 prior rows, source=symphony-stats-meta)
[2026-05-24T15:51:05] Generated dashboard -> index2.html (value=$5,119.46, days=14)
[2026-05-24T15:51:05]   Prepended 2026-05-24 row to composer_allocations_185_3yr2.csv
[2026-05-24T15:51:05]   Prepended 2026-05-24 row to Algorithm185History.html ALLOC_DATA
[2026-05-24T15:51:05] --- BLEE - 185 2026 SGOV and Dual Reversal (ZGersOlsQFRHg7U2qnSw) ---
[2026-05-24T15:51:05]   Got 4 positions from symphony-stats-meta
[2026-05-24T15:51:05]   RSI override: DISABLED (symphony handles its own rotation)
[2026-05-24T15:51:05]   Saved today's slice to composer_allocations_185v2_2026-05-24.json
[2026-05-24T15:51:05]   Updated stable file: composer_allocations_185.json
[2026-05-24T15:51:05]   Wrote 4 rows for 2026-05-24 to composer_allocations_185v2.csv (kept 4 prior rows, source=symphony-stats-meta)
[2026-05-24T15:51:05] Generated dashboard -> index_185v2.html (value=$1,023.68, days=2)
[2026-05-24T15:51:05] --- BLEE A - 186 Part 1 Kei 90% NVDA (g7WBkfIc6UWUWC6NiAdu) ---
[2026-05-24T15:51:05]   Got 10 positions from symphony-stats-meta
[2026-05-24T15:51:05]   RSI override: DISABLED (symphony handles its own rotation)
[2026-05-24T15:51:05]   Saved today's slice to composer_allocations_kei186_2026-05-24.json
[2026-05-24T15:51:05]   Updated stable file: composer_allocations_kei186.json
[2026-05-24T15:51:05]   Wrote 10 rows for 2026-05-24 to composer_allocations_kei186.csv (kept 10 prior rows, source=symphony-stats-meta)
[2026-05-24T15:51:05] Generated dashboard -> index_kei186.html (value=$6,014.67, days=2)
[2026-05-24T15:51:05] --- BLEE - 187 2026 ALL in One For High Interest Period (iPifD8uTozTr0sbu9qiB) ---
[2026-05-24T15:51:05]   Got 13 positions from symphony-stats-meta
[2026-05-24T15:51:05]   RSI override: DISABLED (symphony handles its own rotation)
[2026-05-24T15:51:05]   Saved today's slice to composer_allocations_187hi_2026-05-24.json
[2026-05-24T15:51:05]   Updated stable file: composer_allocations_187hi.json
[2026-05-24T15:51:05]   Wrote 13 rows for 2026-05-24 to composer_allocations_187hi.csv (kept 13 prior rows, source=symphony-stats-meta)
[2026-05-24T15:51:05] Generated dashboard -> index_187hi.html (value=$5,147.17, days=2)
[2026-05-24T15:51:05] Published signal_latest.json (3 positions, date=2026-05-24)
[2026-05-24T15:51:05] Regenerated CurrentWatchSymphony.html (5 symphonies)
[2026-05-24T15:51:05] === Done ===
[2026-05-24T15:51:12] Stamped last-updated (05/24/2026 03:51 PM ET) into index.html
[2026-05-24T15:51:13] Stamped last-updated (05/24/2026 03:51 PM ET) into performance1.html
[2026-05-24T15:51:13] Stamped last-updated (05/24/2026 03:51 PM ET) into Algorithm185History.html
[2026-05-24T15:51:13] --- Pushing updates to GitHub ---
[2026-05-24T15:51:13]   $ git -C "C:\Kei\ComposerInvest" add .
[2026-05-24T15:51:14]   $ git -C "C:\Kei\ComposerInvest" commit -m "daily auto update 2026-05-24"
[2026-05-24T15:51:15]   $ git -C "C:\Kei\ComposerInvest" push
[2026-05-24T15:51:20] GitHub push successful.
[2026-05-24T15:53:02] market_report: === Market report generation started ===
[2026-05-24T15:53:02] market_report: Loaded 15 ETF points from Index_50_point.csv
[2026-05-24T15:53:02] market_report: Loaded 16 ETF allocations from index_50.html
[2026-05-24T15:53:08] market_report:   RSI-14 fetched: 69.54 (SPY close=745.64)
[2026-05-24T15:53:08] market_report:   RSI signal: Overbought — moderate bear lean (10d avg=71.64, adj=-10, new score=+34.91)
[2026-05-24T15:53:08] market_report:   RSI override not triggered: Today RSI 69.4 ≤ 76.0 — override not triggered
[2026-05-24T15:53:08] market_report: Composite score: +34.91 -> Sunny and Partly Cloudy
[2026-05-24T15:53:09] market_report:   RSS WSJ: 20 items fetched
[2026-05-24T15:53:09] market_report:   Selected [WSJ] topic=EQUITY: Stocks Sink in Broad AI Rout Sparked by China's DeepSeek
[2026-05-24T15:53:11] market_report:   RSS Yahoo Finance: 49 items fetched
[2026-05-24T15:53:11] market_report:   Selected [Yahoo Finance] topic=OTHER: Another pet supplies store operator files Chapter 11 bankruptcy
[2026-05-24T15:53:12] market_report:   RSS fetch failed (Barron's): HTTP Error 403: Forbidden
[2026-05-24T15:53:12] market_report:   Barron's: RSS unavailable, using hardcoded fallback
[2026-05-24T15:53:12] market_report:   Selected [Barron's] topic=MACRO: Trade Winds: Tariff Developments Continue to Reshape Global Supply Cha
[2026-05-24T15:53:12] market_report: Fetched 3 news items
[2026-05-24T15:53:12] market_report: Updated marketDailySummary.html with score=+34.91 (Sunny and Partly Cloudy)
[2026-05-24T15:53:13] market_report: Stamped last-updated (05/24/2026 03:53 PM ET) into index.html
[2026-05-24T15:53:13] market_report: Stamped last-updated (05/24/2026 03:53 PM ET) into performance1.html
[2026-05-24T15:53:13] market_report: Stamped last-updated (05/24/2026 03:53 PM ET) into Algorithm185History.html
[2026-05-24T15:53:13] market_report: === Market report generation complete ===
[2026-05-25T15:51:00] archive: === Archive started ===
[2026-05-25T15:51:00] archive:   Archived -> marketForecast_2026-05-25.html
[2026-05-25T15:51:00] archive:   Archived -> dailySignal_2026-05-25.html
[2026-05-25T15:51:00] archive:   SKIP (not found): index_186main.html
[2026-05-25T15:51:00] archive:   Archived -> signal185_2026-05-25.html
[2026-05-25T15:51:00] archive:   Archived -> signalKei186_2026-05-25.html
[2026-05-25T15:51:00] archive:   Archived -> signal187hi_2026-05-25.html
[2026-05-25T15:51:00] archive: Rebuilt BackLog/index.html � 13 dates, 28 files
[2026-05-25T15:51:00] archive: === Archive complete ===
[2026-05-25T15:51:01] === Composer daily allocation pull ===
[2026-05-25T15:51:01] Configured symphonies: ['7GJZdYouz3l3acrmUPOD', 'jtQvlI5wINrxpOfxgmgl', 'qjmHJ3IR19kmaAlbgkNj', 'ZGersOlsQFRHg7U2qnSw', 'g7WBkfIc6UWUWC6NiAdu', 'iPifD8uTozTr0sbu9qiB']
[2026-05-25T15:51:01] No account_uuid in config; discovering via /accounts/list...
[2026-05-25T15:51:02] Using first account: b0d61a36-f329-4226-9d82-4494deaee5f5
[2026-05-25T15:51:02] (Tip: copy this account_uuid into composer_config.json to skip the lookup next run.)
[2026-05-25T15:51:02] Fetching per-symphony stats from /portfolio/.../symphony-stats-meta...
[2026-05-25T15:51:02] GET /api/v0.1/portfolio/accounts/b0d61a36-f329-4226-9d82-4494deaee5f5/symphony-stats-meta
[2026-05-25T15:51:04] Saved symphony-stats response to composer_symphony_stats_2026-05-25.json
[2026-05-25T15:51:04] --- BLEE - 186 2026 ALL in One 57% Max-Down SGOV Bond (7GJZdYouz3l3acrmUPOD) ---
[2026-05-25T15:51:04]   WARN: symphony-stats-meta returned no positions for 7GJZdYouz3l3acrmUPOD (check 2026-05-25 JSON to verify the id matches one in the response)
[2026-05-25T15:51:04]   ERROR: no positions found for 7GJZdYouz3l3acrmUPOD; skipping CSV/HTML for this symphony
[2026-05-25T15:51:04] --- BLEE - 186 2026 ALL in One (jtQvlI5wINrxpOfxgmgl) ---
[2026-05-25T15:51:04]   Got 16 positions from symphony-stats-meta
[2026-05-25T15:51:04]   RSI override: DISABLED (symphony handles its own rotation)
[2026-05-25T15:51:04]   Saved today's slice to composer_allocations_2026-05-25.json
[2026-05-25T15:51:04]   Updated stable file: composer_allocations_186.json
[2026-05-25T15:51:04]   Wrote 16 rows for 2026-05-25 to composer_allocations.csv (kept 170 prior rows, source=symphony-stats-meta)
[2026-05-25T15:51:04] Generated dashboard -> index_50.html (value=$35,180.04, days=12)
[2026-05-25T15:51:04] --- BLEE - 187 2026 SGOV Bond 20% Yield and Min Dual Reversal (qjmHJ3IR19kmaAlbgkNj) ---
[2026-05-25T15:51:04]   Got 4 positions from symphony-stats-meta
[2026-05-25T15:51:04]   RSI override: DISABLED (symphony handles its own rotation)
[2026-05-25T15:51:04]   Saved today's slice to composer_allocations_185_2026-05-25.json
[2026-05-25T15:51:04]   Updated stable file: composer_allocations_187.json
[2026-05-25T15:51:04]   Wrote 4 rows for 2026-05-25 to composer_allocations_185.csv (kept 51 prior rows, source=symphony-stats-meta)
[2026-05-25T15:51:04] Generated dashboard -> index2.html (value=$5,119.46, days=15)
[2026-05-25T15:51:04]   Prepended 2026-05-25 row to composer_allocations_185_3yr2.csv
[2026-05-25T15:51:04]   Prepended 2026-05-25 row to Algorithm185History.html ALLOC_DATA
[2026-05-25T15:51:04] --- BLEE - 185 2026 SGOV and Dual Reversal (ZGersOlsQFRHg7U2qnSw) ---
[2026-05-25T15:51:04]   Got 4 positions from symphony-stats-meta
[2026-05-25T15:51:04]   RSI override: DISABLED (symphony handles its own rotation)
[2026-05-25T15:51:04]   Saved today's slice to composer_allocations_185v2_2026-05-25.json
[2026-05-25T15:51:04]   Updated stable file: composer_allocations_185.json
[2026-05-25T15:51:04]   Wrote 4 rows for 2026-05-25 to composer_allocations_185v2.csv (kept 8 prior rows, source=symphony-stats-meta)
[2026-05-25T15:51:04] Generated dashboard -> index_185v2.html (value=$1,023.68, days=3)
[2026-05-25T15:51:04] --- BLEE A - 186 Part 1 Kei 90% NVDA (g7WBkfIc6UWUWC6NiAdu) ---
[2026-05-25T15:51:04]   Got 10 positions from symphony-stats-meta
[2026-05-25T15:51:04]   RSI override: DISABLED (symphony handles its own rotation)
[2026-05-25T15:51:04]   Saved today's slice to composer_allocations_kei186_2026-05-25.json
[2026-05-25T15:51:05]   Updated stable file: composer_allocations_kei186.json
[2026-05-25T15:51:05]   Wrote 10 rows for 2026-05-25 to composer_allocations_kei186.csv (kept 20 prior rows, source=symphony-stats-meta)
[2026-05-25T15:51:05] Generated dashboard -> index_kei186.html (value=$6,014.67, days=3)
[2026-05-25T15:51:05] --- BLEE - 187 2026 ALL in One For High Interest Period (iPifD8uTozTr0sbu9qiB) ---
[2026-05-25T15:51:05]   Got 13 positions from symphony-stats-meta
[2026-05-25T15:51:05]   RSI override: DISABLED (symphony handles its own rotation)
[2026-05-25T15:51:05]   Saved today's slice to composer_allocations_187hi_2026-05-25.json
[2026-05-25T15:51:05]   Updated stable file: composer_allocations_187hi.json
[2026-05-25T15:51:05]   Wrote 13 rows for 2026-05-25 to composer_allocations_187hi.csv (kept 26 prior rows, source=symphony-stats-meta)
[2026-05-25T15:51:05] Generated dashboard -> index_187hi.html (value=$5,147.17, days=3)
[2026-05-25T15:51:05] Published signal_latest.json (3 positions, date=2026-05-25)
[2026-05-25T15:51:05] Regenerated CurrentWatchSymphony.html (5 symphonies)
[2026-05-25T15:51:05] === Done ===
[2026-05-25T15:51:12] Stamped last-updated (05/25/2026 03:51 PM ET) into index.html
[2026-05-25T15:51:12] Stamped last-updated (05/25/2026 03:51 PM ET) into performance1.html
[2026-05-25T15:51:12] Stamped last-updated (05/25/2026 03:51 PM ET) into Algorithm185History.html
[2026-05-25T15:51:12] --- Pushing updates to GitHub ---
[2026-05-25T15:51:12]   $ git -C "C:\Kei\ComposerInvest" add .
[2026-05-25T15:51:13]   $ git -C "C:\Kei\ComposerInvest" commit -m "daily auto update 2026-05-25"
[2026-05-25T15:51:13]   $ git -C "C:\Kei\ComposerInvest" push
[2026-05-25T15:51:21] GitHub push successful.
[2026-05-25T15:53:02] market_report: === Market report generation started ===
[2026-05-25T15:53:02] market_report: Loaded 15 ETF points from Index_50_point.csv
[2026-05-25T15:53:02] market_report: Loaded 16 ETF allocations from index_50.html
[2026-05-25T15:53:06] market_report:   RSI-14 fetched: 71.5 (SPY close=745.64)
[2026-05-25T15:53:06] market_report:   RSI signal: Overbought — moderate bear lean (10d avg=71.64, adj=-10, new score=+34.91)
[2026-05-25T15:53:06] market_report:   RSI override not triggered: Today RSI 69.4 ≤ 76.0 — override not triggered
[2026-05-25T15:53:06] market_report: Composite score: +34.91 -> Sunny and Partly Cloudy
[2026-05-25T15:53:07] market_report:   RSS WSJ: 20 items fetched
[2026-05-25T15:53:07] market_report:   Selected [WSJ] topic=EQUITY: Stocks Sink in Broad AI Rout Sparked by China's DeepSeek
[2026-05-25T15:53:09] market_report:   RSS Yahoo Finance: 49 items fetched
[2026-05-25T15:53:09] market_report:   Selected [Yahoo Finance] topic=OTHER: Lowe’s sounds the alarm as customers change their tune
[2026-05-25T15:53:10] market_report:   RSS fetch failed (Barron's): HTTP Error 403: Forbidden
[2026-05-25T15:53:10] market_report:   Barron's: RSS unavailable, using hardcoded fallback
[2026-05-25T15:53:10] market_report:   Selected [Barron's] topic=MACRO: Trade Winds: Tariff Developments Continue to Reshape Global Supply Cha
[2026-05-25T15:53:10] market_report: Fetched 3 news items
[2026-05-25T15:53:10] market_report: Updated marketDailySummary.html with score=+34.91 (Sunny and Partly Cloudy)
[2026-05-25T15:53:10] market_report: Stamped last-updated (05/25/2026 03:53 PM ET) into index.html
[2026-05-25T15:53:10] market_report: Stamped last-updated (05/25/2026 03:53 PM ET) into performance1.html
[2026-05-25T15:53:11] market_report: Stamped last-updated (05/25/2026 03:53 PM ET) into Algorithm185History.html
[2026-05-25T15:53:11] market_report: === Market report generation complete ===
[2026-05-25T20:17:55] market_report: === Market report generation started ===
[2026-05-25T20:17:55] market_report: Loaded 15 ETF points from Index_50_point.csv
[2026-05-25T20:17:55] market_report: Loaded 16 ETF allocations from index_50.html
[2026-05-25T20:17:55] market_report:   RSI signal: Overbought — moderate bear lean (10d avg=71.64, adj=-10, new score=+34.91)
[2026-05-25T20:17:55] market_report:   RSI override not triggered: Today RSI 69.4 ≤ 76.0 — override not triggered
[2026-05-25T20:17:55] market_report: Composite score: +34.91 -> Sunny and Partly Cloudy
[2026-05-25T20:17:55] market_report:   RSS fetch failed (WSJ): <urlopen error Tunnel connection failed: 403 Forbidden>
[2026-05-25T20:17:55] market_report:   WSJ: RSS unavailable, using hardcoded fallback
[2026-05-25T20:17:55] market_report:   Selected [WSJ] topic=FED: Fed Signals Patience as Rate Path Stays Data-Dependent
[2026-05-25T20:17:55] market_report:   RSS fetch failed (Yahoo Finance): <urlopen error Tunnel connection failed: 403 Forbidden>
[2026-05-25T20:17:55] market_report:   Yahoo Finance: RSS unavailable, using hardcoded fallback
[2026-05-25T20:17:55] market_report:   Selected [Yahoo Finance] topic=EQUITY: S&P 500 Holds Near Highs as Investors Weigh Macro Crosscurrents
[2026-05-25T20:17:55] market_report:   RSS fetch failed (Barron's): <urlopen error Tunnel connection failed: 403 Forbidden>
[2026-05-25T20:17:55] market_report:   Barron's: RSS unavailable, using hardcoded fallback
[2026-05-25T20:17:55] market_report:   Selected [Barron's] topic=MACRO: Trade Winds: Tariff Developments Continue to Reshape Global Supply Cha
[2026-05-25T20:17:55] market_report: Fetched 3 news items
[2026-05-25T20:17:55] market_report: Updated marketDailySummary.html with score=+34.91 (Sunny and Partly Cloudy)
[2026-05-25T20:17:56] market_report: Stamped last-updated (05/25/2026 04:17 PM ET) into index.html
[2026-05-25T20:17:56] market_report: Stamped last-updated (05/25/2026 04:17 PM ET) into performance1.html
[2026-05-25T20:17:56] market_report: Stamped last-updated (05/25/2026 04:17 PM ET) into Algorithm185History.html
[2026-05-25T20:17:56] market_report: === Market report generation complete ===
[2026-05-26T15:51:00] archive: === Archive started ===
[2026-05-26T15:51:00] archive:   Archived -> marketForecast_2026-05-26.html
[2026-05-26T15:51:00] archive:   Archived -> dailySignal_2026-05-26.html
[2026-05-26T15:51:00] archive:   SKIP (not found): index_186main.html
[2026-05-26T15:51:00] archive:   Archived -> signal185_2026-05-26.html
[2026-05-26T15:51:00] archive:   Archived -> signalKei186_2026-05-26.html
[2026-05-26T15:51:00] archive:   Archived -> signal187hi_2026-05-26.html
[2026-05-26T15:51:00] archive: Rebuilt BackLog/index.html � 14 dates, 33 files
[2026-05-26T15:51:00] archive: === Archive complete ===
[2026-05-26T15:51:00] === Composer daily allocation pull ===
[2026-05-26T15:51:00] Configured symphonies: ['7GJZdYouz3l3acrmUPOD', 'jtQvlI5wINrxpOfxgmgl', 'qjmHJ3IR19kmaAlbgkNj', 'ZGersOlsQFRHg7U2qnSw', 'g7WBkfIc6UWUWC6NiAdu', 'iPifD8uTozTr0sbu9qiB']
[2026-05-26T15:51:00] No account_uuid in config; discovering via /accounts/list...
[2026-05-26T15:51:01] Using first account: b0d61a36-f329-4226-9d82-4494deaee5f5
[2026-05-26T15:51:01] (Tip: copy this account_uuid into composer_config.json to skip the lookup next run.)
[2026-05-26T15:51:01] Fetching per-symphony stats from /portfolio/.../symphony-stats-meta...
[2026-05-26T15:51:01] GET /api/v0.1/portfolio/accounts/b0d61a36-f329-4226-9d82-4494deaee5f5/symphony-stats-meta
[2026-05-26T15:51:03] Saved symphony-stats response to composer_symphony_stats_2026-05-26.json
[2026-05-26T15:51:03] --- BLEE - 186 2026 ALL in One 57% Max-Down SGOV Bond (7GJZdYouz3l3acrmUPOD) ---
[2026-05-26T15:51:03]   WARN: symphony-stats-meta returned no positions for 7GJZdYouz3l3acrmUPOD (check 2026-05-26 JSON to verify the id matches one in the response)
[2026-05-26T15:51:03]   ERROR: no positions found for 7GJZdYouz3l3acrmUPOD; skipping CSV/HTML for this symphony
[2026-05-26T15:51:03] --- BLEE - 186 2026 ALL in One (jtQvlI5wINrxpOfxgmgl) ---
[2026-05-26T15:51:03]   Got 16 positions from symphony-stats-meta
[2026-05-26T15:51:03]   RSI override: DISABLED (symphony handles its own rotation)
[2026-05-26T15:51:03]   Saved today's slice to composer_allocations_2026-05-26.json
[2026-05-26T15:51:03]   Updated stable file: composer_allocations_186.json
[2026-05-26T15:51:03]   Wrote 16 rows for 2026-05-26 to composer_allocations.csv (kept 186 prior rows, source=symphony-stats-meta)
[2026-05-26T15:51:03] Generated dashboard -> index_50.html (value=$36,034.42, days=13)
[2026-05-26T15:51:03] --- BLEE - 187 2026 SGOV Bond 20% Yield and Min Dual Reversal (qjmHJ3IR19kmaAlbgkNj) ---
[2026-05-26T15:51:03]   Got 4 positions from symphony-stats-meta
[2026-05-26T15:51:03]   RSI override: DISABLED (symphony handles its own rotation)
[2026-05-26T15:51:03]   Saved today's slice to composer_allocations_185_2026-05-26.json
[2026-05-26T15:51:03]   Updated stable file: composer_allocations_187.json
[2026-05-26T15:51:03]   Wrote 4 rows for 2026-05-26 to composer_allocations_185.csv (kept 55 prior rows, source=symphony-stats-meta)
[2026-05-26T15:51:03] Generated dashboard -> index2.html (value=$5,152.75, days=16)
[2026-05-26T15:51:03]   Prepended 2026-05-26 row to composer_allocations_185_3yr2.csv
[2026-05-26T15:51:03]   Prepended 2026-05-26 row to Algorithm185History.html ALLOC_DATA
[2026-05-26T15:51:03] --- BLEE - 185 2026 SGOV and Dual Reversal (ZGersOlsQFRHg7U2qnSw) ---
[2026-05-26T15:51:03]   Got 4 positions from symphony-stats-meta
[2026-05-26T15:51:03]   RSI override: DISABLED (symphony handles its own rotation)
[2026-05-26T15:51:03]   Saved today's slice to composer_allocations_185v2_2026-05-26.json
[2026-05-26T15:51:03]   Updated stable file: composer_allocations_185.json
[2026-05-26T15:51:03]   Wrote 4 rows for 2026-05-26 to composer_allocations_185v2.csv (kept 12 prior rows, source=symphony-stats-meta)
[2026-05-26T15:51:03] Generated dashboard -> index_185v2.html (value=$1,032.17, days=4)
[2026-05-26T15:51:03] --- BLEE A - 186 Part 1 Kei 90% NVDA (g7WBkfIc6UWUWC6NiAdu) ---
[2026-05-26T15:51:03]   Got 10 positions from symphony-stats-meta
[2026-05-26T15:51:03]   RSI override: DISABLED (symphony handles its own rotation)
[2026-05-26T15:51:03]   Saved today's slice to composer_allocations_kei186_2026-05-26.json
[2026-05-26T15:51:03]   Updated stable file: composer_allocations_kei186.json
[2026-05-26T15:51:03]   Wrote 10 rows for 2026-05-26 to composer_allocations_kei186.csv (kept 30 prior rows, source=symphony-stats-meta)
[2026-05-26T15:51:03] Generated dashboard -> index_kei186.html (value=$6,250.11, days=4)
[2026-05-26T15:51:03] --- BLEE - 187 2026 ALL in One For High Interest Period (iPifD8uTozTr0sbu9qiB) ---
[2026-05-26T15:51:03]   Got 13 positions from symphony-stats-meta
[2026-05-26T15:51:03]   RSI override: DISABLED (symphony handles its own rotation)
[2026-05-26T15:51:03]   Saved today's slice to composer_allocations_187hi_2026-05-26.json
[2026-05-26T15:51:03]   Updated stable file: composer_allocations_187hi.json
[2026-05-26T15:51:03]   Wrote 13 rows for 2026-05-26 to composer_allocations_187hi.csv (kept 39 prior rows, source=symphony-stats-meta)
[2026-05-26T15:51:04] Generated dashboard -> index_187hi.html (value=$5,248.31, days=4)
[2026-05-26T15:51:04] Published signal_latest.json (3 positions, date=2026-05-26)
[2026-05-26T15:51:04] Regenerated CurrentWatchSymphony.html (5 symphonies)
[2026-05-26T15:51:04] === Done ===
[2026-05-26T15:51:12] Stamped last-updated (05/26/2026 03:51 PM ET) into index.html
[2026-05-26T15:51:12] Stamped last-updated (05/26/2026 03:51 PM ET) into performance1.html
[2026-05-26T15:51:12] Stamped last-updated (05/26/2026 03:51 PM ET) into Algorithm185History.html
[2026-05-26T15:51:12] --- Pushing updates to GitHub ---
[2026-05-26T15:51:12]   $ git -C "C:\Kei\ComposerInvest" add .
[2026-05-26T15:52:01]   $ git -C "C:\Kei\ComposerInvest" commit -m "daily auto update 2026-05-26"
[2026-05-26T15:52:03]   $ git -C "C:\Kei\ComposerInvest" push
[2026-05-26T15:52:12] GitHub push successful.
[2026-05-26T15:53:02] market_report: === Market report generation started ===
[2026-05-26T15:53:02] market_report: Loaded 15 ETF points from Index_50_point.csv
[2026-05-26T15:53:02] market_report: Loaded 16 ETF allocations from index_50.html
[2026-05-26T15:53:06] market_report:   RSI-14 fetched: 75.88 (SPY close=750.7593)
[2026-05-26T15:53:06] market_report:   RSI signal: Overbought — moderate bear lean (10d avg=71.57, adj=-10, new score=+37.68)
[2026-05-26T15:53:06] market_report:   RSI override not triggered: Today RSI 75.9 ≤ 76.0 — override not triggered
[2026-05-26T15:53:06] market_report: Composite score: +37.68 -> Sunny Sky
[2026-05-26T15:53:07] market_report:   RSS WSJ: 20 items fetched
[2026-05-26T15:53:07] market_report:   Selected [WSJ] topic=EQUITY: Stocks Sink in Broad AI Rout Sparked by China's DeepSeek
[2026-05-26T15:53:08] market_report:   RSS Yahoo Finance: 46 items fetched
[2026-05-26T15:53:08] market_report:   Selected [Yahoo Finance] topic=OTHER: BJ’s Wholesale plans major store changes as customers pull back
[2026-05-26T15:53:09] market_report:   RSS fetch failed (Barron's): HTTP Error 403: Forbidden
[2026-05-26T15:53:09] market_report:   Barron's: RSS unavailable, using hardcoded fallback
[2026-05-26T15:53:09] market_report:   Selected [Barron's] topic=MACRO: Trade Winds: Tariff Developments Continue to Reshape Global Supply Cha
[2026-05-26T15:53:09] market_report: Fetched 3 news items
[2026-05-26T15:53:09] market_report: Updated marketDailySummary.html with score=+37.68 (Sunny Sky)
[2026-05-26T15:53:10] market_report: Stamped last-updated (05/26/2026 03:53 PM ET) into index.html
[2026-05-26T15:53:10] market_report: Stamped last-updated (05/26/2026 03:53 PM ET) into performance1.html
[2026-05-26T15:53:10] market_report: Stamped last-updated (05/26/2026 03:53 PM ET) into Algorithm185History.html
[2026-05-26T15:53:10] market_report: === Market report generation complete ===
[2026-05-26T20:18:44] market_report: === Market report generation started ===
[2026-05-26T20:18:44] market_report: Loaded 15 ETF points from Index_50_point.csv
[2026-05-26T20:18:44] market_report: Loaded 16 ETF allocations from index_50.html
[2026-05-26T20:18:44] market_report:   RSI signal: Overbought — moderate bear lean (10d avg=71.64, adj=-10, new score=+37.68)
[2026-05-26T20:18:44] market_report:   RSI override not triggered: Today RSI 69.4 ≤ 76.0 — override not triggered
[2026-05-26T20:18:44] market_report: Composite score: +37.68 -> Sunny Sky
[2026-05-26T20:18:44] market_report:   RSS fetch failed (WSJ): <urlopen error Tunnel connection failed: 403 Forbidden>
[2026-05-26T20:18:44] market_report:   WSJ: RSS unavailable, using hardcoded fallback
[2026-05-26T20:18:44] market_report:   Selected [WSJ] topic=FED: Fed Signals Patience as Rate Path Stays Data-Dependent
[2026-05-26T20:18:44] market_report:   RSS fetch failed (Yahoo Finance): <urlopen error Tunnel connection failed: 403 Forbidden>
[2026-05-26T20:18:44] market_report:   Yahoo Finance: RSS unavailable, using hardcoded fallback
[2026-05-26T20:18:44] market_report:   Selected [Yahoo Finance] topic=EQUITY: S&P 500 Holds Near Highs as Investors Weigh Macro Crosscurrents
[2026-05-26T20:18:44] market_report:   RSS fetch failed (Barron's): <urlopen error Tunnel connection failed: 403 Forbidden>
[2026-05-26T20:18:44] market_report:   Barron's: RSS unavailable, using hardcoded fallback
[2026-05-26T20:18:44] market_report:   Selected [Barron's] topic=MACRO: Trade Winds: Tariff Developments Continue to Reshape Global Supply Cha
[2026-05-26T20:18:44] market_report: Fetched 3 news items
[2026-05-26T20:18:44] market_report: Updated marketDailySummary.html with score=+37.68 (Sunny Sky)
[2026-05-26T20:18:45] market_report: Stamped last-updated (05/26/2026 04:18 PM ET) into index.html
[2026-05-26T20:18:45] market_report: Stamped last-updated (05/26/2026 04:18 PM ET) into performance1.html
[2026-05-26T20:18:45] market_report: Stamped last-updated (05/26/2026 04:18 PM ET) into Algorithm185History.html
[2026-05-26T20:18:45] market_report: === Market report generation complete ===
[2026-05-27T15:51:00] archive: === Archive started ===
[2026-05-27T15:51:00] archive:   Archived -> marketForecast_2026-05-27.html
[2026-05-27T15:51:00] archive:   Archived -> dailySignal_2026-05-27.html
[2026-05-27T15:51:00] archive:   SKIP (not found): index_186main.html
[2026-05-27T15:51:00] archive:   Archived -> signal185_2026-05-27.html
[2026-05-27T15:51:01] archive:   Archived -> signalKei186_2026-05-27.html
[2026-05-27T15:51:01] archive:   Archived -> signal187hi_2026-05-27.html
[2026-05-27T15:51:01] archive: Rebuilt BackLog/index.html � 15 dates, 38 files
[2026-05-27T15:51:01] archive: === Archive complete ===
[2026-05-27T15:51:01] === Composer daily allocation pull ===
[2026-05-27T15:51:01] Configured symphonies: ['7GJZdYouz3l3acrmUPOD', 'jtQvlI5wINrxpOfxgmgl', 'qjmHJ3IR19kmaAlbgkNj', 'ZGersOlsQFRHg7U2qnSw', 'g7WBkfIc6UWUWC6NiAdu', 'iPifD8uTozTr0sbu9qiB']
[2026-05-27T15:51:01] No account_uuid in config; discovering via /accounts/list...
[2026-05-27T15:51:02] Using first account: b0d61a36-f329-4226-9d82-4494deaee5f5
[2026-05-27T15:51:02] (Tip: copy this account_uuid into composer_config.json to skip the lookup next run.)
[2026-05-27T15:51:02] Fetching per-symphony stats from /portfolio/.../symphony-stats-meta...
[2026-05-27T15:51:02] GET /api/v0.1/portfolio/accounts/b0d61a36-f329-4226-9d82-4494deaee5f5/symphony-stats-meta
[2026-05-27T15:51:03] Saved symphony-stats response to composer_symphony_stats_2026-05-27.json
[2026-05-27T15:51:03] --- BLEE - 186 2026 ALL in One 57% Max-Down SGOV Bond (7GJZdYouz3l3acrmUPOD) ---
[2026-05-27T15:51:03]   WARN: symphony-stats-meta returned no positions for 7GJZdYouz3l3acrmUPOD (check 2026-05-27 JSON to verify the id matches one in the response)
[2026-05-27T15:51:03]   ERROR: no positions found for 7GJZdYouz3l3acrmUPOD; skipping CSV/HTML for this symphony
[2026-05-27T15:51:03] --- BLEE - 186 2026 ALL in One (jtQvlI5wINrxpOfxgmgl) ---
[2026-05-27T15:51:03]   Got 1 positions from symphony-stats-meta
[2026-05-27T15:51:03]   RSI override: DISABLED (symphony handles its own rotation)
[2026-05-27T15:51:03]   Saved today's slice to composer_allocations_2026-05-27.json
[2026-05-27T15:51:04]   Updated stable file: composer_allocations_186.json
[2026-05-27T15:51:04]   Wrote 1 rows for 2026-05-27 to composer_allocations.csv (kept 202 prior rows, source=symphony-stats-meta)
[2026-05-27T15:51:04] Generated dashboard -> index_50.html (value=$35,792.47, days=14)
[2026-05-27T15:51:04] --- BLEE - 187 2026 SGOV Bond 20% Yield and Min Dual Reversal (qjmHJ3IR19kmaAlbgkNj) ---
[2026-05-27T15:51:04]   Got 4 positions from symphony-stats-meta
[2026-05-27T15:51:04]   RSI override: DISABLED (symphony handles its own rotation)
[2026-05-27T15:51:04]   Saved today's slice to composer_allocations_185_2026-05-27.json
[2026-05-27T15:51:04]   Updated stable file: composer_allocations_187.json
[2026-05-27T15:51:04]   Wrote 4 rows for 2026-05-27 to composer_allocations_185.csv (kept 59 prior rows, source=symphony-stats-meta)
[2026-05-27T15:51:04] Generated dashboard -> index2.html (value=$5,147.04, days=17)
[2026-05-27T15:51:04]   Prepended 2026-05-27 row to composer_allocations_185_3yr2.csv
[2026-05-27T15:51:04]   Prepended 2026-05-27 row to Algorithm185History.html ALLOC_DATA
[2026-05-27T15:51:04] --- BLEE - 185 2026 SGOV and Dual Reversal (ZGersOlsQFRHg7U2qnSw) ---
[2026-05-27T15:51:04]   Got 4 positions from symphony-stats-meta
[2026-05-27T15:51:04]   RSI override: DISABLED (symphony handles its own rotation)
[2026-05-27T15:51:04]   Saved today's slice to composer_allocations_185v2_2026-05-27.json
[2026-05-27T15:51:04]   Updated stable file: composer_allocations_185.json
[2026-05-27T15:51:04]   Wrote 4 rows for 2026-05-27 to composer_allocations_185v2.csv (kept 16 prior rows, source=symphony-stats-meta)
[2026-05-27T15:51:04] Generated dashboard -> index_185v2.html (value=$1,029.45, days=5)
[2026-05-27T15:51:04] --- BLEE A - 186 Part 1 Kei 90% NVDA (g7WBkfIc6UWUWC6NiAdu) ---
[2026-05-27T15:51:04]   Got 1 positions from symphony-stats-meta
[2026-05-27T15:51:04]   RSI override: DISABLED (symphony handles its own rotation)
[2026-05-27T15:51:04]   Saved today's slice to composer_allocations_kei186_2026-05-27.json
[2026-05-27T15:51:04]   Updated stable file: composer_allocations_kei186.json
[2026-05-27T15:51:04]   Wrote 1 rows for 2026-05-27 to composer_allocations_kei186.csv (kept 40 prior rows, source=symphony-stats-meta)
[2026-05-27T15:51:04] Generated dashboard -> index_kei186.html (value=$6,142.56, days=5)
[2026-05-27T15:51:04] --- BLEE - 187 2026 ALL in One For High Interest Period (iPifD8uTozTr0sbu9qiB) ---
[2026-05-27T15:51:04]   Got 13 positions from symphony-stats-meta
[2026-05-27T15:51:04]   RSI override: DISABLED (symphony handles its own rotation)
[2026-05-27T15:51:04]   Saved today's slice to composer_allocations_187hi_2026-05-27.json
[2026-05-27T15:51:04]   Updated stable file: composer_allocations_187hi.json
[2026-05-27T15:51:04]   Wrote 13 rows for 2026-05-27 to composer_allocations_187hi.csv (kept 52 prior rows, source=symphony-stats-meta)
[2026-05-27T15:51:04] Generated dashboard -> index_187hi.html (value=$5,220.86, days=5)
[2026-05-27T15:51:04] Published signal_latest.json (3 positions, date=2026-05-27)
[2026-05-27T15:51:04] Regenerated CurrentWatchSymphony.html (5 symphonies)
[2026-05-27T15:51:04] === Done ===
[2026-05-27T15:51:14] Stamped last-updated (05/27/2026 03:51 PM ET) into index.html
[2026-05-27T15:51:14] Stamped last-updated (05/27/2026 03:51 PM ET) into performance1.html
[2026-05-27T15:51:14] Stamped last-updated (05/27/2026 03:51 PM ET) into Algorithm185History.html
[2026-05-27T15:51:14] --- Pushing updates to GitHub ---
[2026-05-27T15:51:14]   $ git -C "C:\Kei\ComposerInvest" add .
[2026-05-27T15:51:15]   $ git -C "C:\Kei\ComposerInvest" commit -m "daily auto update 2026-05-27"
[2026-05-27T15:51:15]   $ git -C "C:\Kei\ComposerInvest" push
[2026-05-27T15:51:19] GitHub push successful.
[2026-05-27T15:53:02] market_report: === Market report generation started ===
[2026-05-27T15:53:02] market_report: Loaded 15 ETF points from Index_50_point.csv
[2026-05-27T15:53:02] market_report: Loaded 1 ETF allocations from index_50.html
[2026-05-27T15:53:06] market_report:   RSI-14 fetched: 76.52 (SPY close=750.59)
[2026-05-27T15:53:06] market_report:   RSI signal: Overbought — moderate bear lean (10d avg=71.61, adj=-10, new score=-10.00)
[2026-05-27T15:53:06] market_report:   RSI override condition met but DISABLED: Today RSI 76.5 > 76.0 AND 3 of last 10 days also exceeded 76.0 — override ACTIVE
[2026-05-27T15:53:06] market_report:   (no score adj, no banner — symphony handles rotation natively)
[2026-05-27T15:53:06] market_report: Composite score: -10.00 -> Rain in the Forecast
[2026-05-27T15:53:07] market_report:   RSS WSJ: 20 items fetched
[2026-05-27T15:53:07] market_report:   Selected [WSJ] topic=EQUITY: Stocks Sink in Broad AI Rout Sparked by China's DeepSeek
[2026-05-27T15:53:09] market_report:   RSS Yahoo Finance: 49 items fetched
[2026-05-27T15:53:09] market_report:   Selected [Yahoo Finance] topic=OTHER: Pembina approves $412.8m Heartland Extraction Plant in Alberta
[2026-05-27T15:53:10] market_report:   RSS fetch failed (Barron's): HTTP Error 403: Forbidden
[2026-05-27T15:53:10] market_report:   Barron's: RSS unavailable, using hardcoded fallback
[2026-05-27T15:53:10] market_report:   Selected [Barron's] topic=MACRO: Trade Winds: Tariff Developments Continue to Reshape Global Supply Cha
[2026-05-27T15:53:10] market_report: Fetched 3 news items
[2026-05-27T15:53:10] market_report: Updated marketDailySummary.html with score=-10.00 (Rain in the Forecast)
[2026-05-27T15:53:10] market_report: Stamped last-updated (05/27/2026 03:53 PM ET) into index.html
[2026-05-27T15:53:10] market_report: Stamped last-updated (05/27/2026 03:53 PM ET) into performance1.html
[2026-05-27T15:53:10] market_report: Stamped last-updated (05/27/2026 03:53 PM ET) into Algorithm185History.html
[2026-05-27T15:53:10] market_report: === Market report generation complete ===
[2026-05-27T20:18:02] market_report: === Market report generation started ===
[2026-05-27T20:18:02] market_report: Loaded 15 ETF points from Index_50_point.csv
[2026-05-27T20:18:02] market_report: Loaded 1 ETF allocations from index_50.html
[2026-05-27T20:18:02] market_report:   RSI signal: Overbought — moderate bear lean (10d avg=71.64, adj=-10, new score=-10.00)
[2026-05-27T20:18:02] market_report:   RSI override not triggered: Today RSI 69.4 ≤ 76.0 — override not triggered
[2026-05-27T20:18:02] market_report: Composite score: -10.00 -> Rain in the Forecast
[2026-05-27T20:18:02] market_report:   RSS fetch failed (WSJ): <urlopen error Tunnel connection failed: 403 Forbidden>
[2026-05-27T20:18:02] market_report:   WSJ: RSS unavailable, using hardcoded fallback
[2026-05-27T20:18:02] market_report:   Selected [WSJ] topic=FED: Fed Signals Patience as Rate Path Stays Data-Dependent
[2026-05-27T20:18:02] market_report:   RSS fetch failed (Yahoo Finance): <urlopen error Tunnel connection failed: 403 Forbidden>
[2026-05-27T20:18:02] market_report:   Yahoo Finance: RSS unavailable, using hardcoded fallback
[2026-05-27T20:18:02] market_report:   Selected [Yahoo Finance] topic=EQUITY: S&P 500 Holds Near Highs as Investors Weigh Macro Crosscurrents
[2026-05-27T20:18:02] market_report:   RSS fetch failed (Barron's): <urlopen error Tunnel connection failed: 403 Forbidden>
[2026-05-27T20:18:02] market_report:   Barron's: RSS unavailable, using hardcoded fallback
[2026-05-27T20:18:02] market_report:   Selected [Barron's] topic=MACRO: Trade Winds: Tariff Developments Continue to Reshape Global Supply Cha
[2026-05-27T20:18:02] market_report: Fetched 3 news items
[2026-05-27T20:18:02] market_report: Updated marketDailySummary.html with score=-10.00 (Rain in the Forecast)
[2026-05-27T20:18:02] market_report: Stamped last-updated (05/27/2026 04:18 PM ET) into index.html
[2026-05-27T20:18:03] market_report: Stamped last-updated (05/27/2026 04:18 PM ET) into performance1.html
[2026-05-27T20:18:03] market_report: Stamped last-updated (05/27/2026 04:18 PM ET) into Algorithm185History.html
[2026-05-27T20:18:03] market_report: === Market report generation complete ===
[2026-05-28T02:10:01] market_report: === Market report generation started ===
[2026-05-28T02:10:01] market_report: Loaded 15 ETF points from Index_50_point.csv
[2026-05-28T02:10:01] market_report: Loaded 1 ETF allocations from index_50.html
[2026-05-28T02:10:03] market_report:   RSI signal: Overbought — moderate bear lean (10d avg=71.64, adj=-10, new score=-10.00)
[2026-05-28T02:10:03] market_report:   RSI override not triggered: Today RSI 69.4 ≤ 76.0 — override not triggered
[2026-05-28T02:10:03] market_report: Composite score: -10.00 -> Rain in the Forecast
[2026-05-28T02:10:03] market_report:   RSS fetch failed (WSJ): <urlopen error Tunnel connection failed: 403 Forbidden>
[2026-05-28T02:10:03] market_report:   WSJ: RSS unavailable, using hardcoded fallback
[2026-05-28T02:10:03] market_report:   Selected [WSJ] topic=FED: Fed Signals Patience as Rate Path Stays Data-Dependent
[2026-05-28T02:10:03] market_report:   RSS fetch failed (Yahoo Finance): <urlopen error Tunnel connection failed: 403 Forbidden>
[2026-05-28T02:10:03] market_report:   Yahoo Finance: RSS unavailable, using hardcoded fallback
[2026-05-28T02:10:03] market_report:   Selected [Yahoo Finance] topic=EQUITY: S&P 500 Holds Near Highs as Investors Weigh Macro Crosscurrents
[2026-05-28T02:10:03] market_report:   RSS fetch failed (Barron's): <urlopen error Tunnel connection failed: 403 Forbidden>
[2026-05-28T02:10:03] market_report:   Barron's: RSS unavailable, using hardcoded fallback
[2026-05-28T02:10:03] market_report:   Selected [Barron's] topic=MACRO: Trade Winds: Tariff Developments Continue to Reshape Global Supply Cha
[2026-05-28T02:10:03] market_report: Fetched 3 news items
[2026-05-28T02:10:03] market_report: Updated marketDailySummary.html with score=-10.00 (Rain in the Forecast)
[2026-05-28T02:10:03] market_report: Stamped last-updated (05/27/2026 10:10 PM ET) into index.html
[2026-05-28T02:10:03] market_report: Stamped last-updated (05/27/2026 10:10 PM ET) into performance1.html
[2026-05-28T02:10:03] market_report: Stamped last-updated (05/27/2026 10:10 PM ET) into Algorithm185History.html
[2026-05-28T02:10:03] market_report: === Market report generation complete ===
[2026-05-27T22:11:09] market_report: === Market report generation started ===
[2026-05-27T22:11:09] market_report: Loaded 15 ETF points from Index_50_point.csv
[2026-05-27T22:11:09] market_report: Loaded 1 ETF allocations from index_50.html
[2026-05-27T22:11:09] market_report:   RSI-14 fetched: 76.52 (SPY close=750.59)
[2026-05-27T22:11:09] market_report:   RSI signal: Overbought — moderate bear lean (10d avg=71.61, adj=-10, new score=-10.00)
[2026-05-27T22:11:09] market_report:   RSI override condition met but DISABLED: Today RSI 76.5 > 76.0 AND 3 of last 10 days also exceeded 76.0 — override ACTIVE
[2026-05-27T22:11:09] market_report:   (no score adj, no banner — symphony handles rotation natively)
[2026-05-27T22:11:09] market_report: Composite score: -10.00 -> Rain in the Forecast
[2026-05-27T22:11:10] market_report:   RSS WSJ: 20 items fetched
[2026-05-27T22:11:10] market_report:   Selected [WSJ] topic=EQUITY: Stocks Sink in Broad AI Rout Sparked by China's DeepSeek
[2026-05-27T22:11:12] market_report:   RSS Yahoo Finance: 41 items fetched
[2026-05-27T22:11:12] market_report:   Selected [Yahoo Finance] topic=OTHER: Spotify’s Next Big Bet: AI Remixes for Paying Fans
[2026-05-27T22:11:13] market_report:   RSS fetch failed (Barron's): HTTP Error 403: Forbidden
[2026-05-27T22:11:13] market_report:   Barron's: RSS unavailable, using hardcoded fallback
[2026-05-27T22:11:13] market_report:   Selected [Barron's] topic=MACRO: Trade Winds: Tariff Developments Continue to Reshape Global Supply Cha
[2026-05-27T22:11:13] market_report: Fetched 3 news items
[2026-05-27T22:11:13] market_report: Updated marketDailySummary.html with score=-10.00 (Rain in the Forecast)
[2026-05-27T22:11:18] market_report: Stamped last-updated (05/27/2026 10:11 PM ET) into index.html
[2026-05-27T22:11:18] market_report: Stamped last-updated (05/27/2026 10:11 PM ET) into performance1.html
[2026-05-27T22:11:18] market_report: Stamped last-updated (05/27/2026 10:11 PM ET) into Algorithm185History.html
[2026-05-27T22:11:18] market_report: === Market report generation complete ===
[2026-05-28T15:51:00] archive: === Archive started ===
[2026-05-28T15:51:00] archive:   Archived -> marketForecast_2026-05-28.html
[2026-05-28T15:51:00] archive:   Archived -> dailySignal_2026-05-28.html
[2026-05-28T15:51:00] archive:   SKIP (not found): index_186main.html
[2026-05-28T15:51:01] archive:   Archived -> signal185_2026-05-28.html
[2026-05-28T15:51:01] archive:   Archived -> signalKei186_2026-05-28.html
[2026-05-28T15:51:01] archive:   Archived -> signal187hi_2026-05-28.html
[2026-05-28T15:51:01] archive: Rebuilt BackLog/index.html � 16 dates, 43 files
[2026-05-28T15:51:01] archive: === Archive complete ===
[2026-05-28T15:51:01] === Composer daily allocation pull ===
[2026-05-28T15:51:01] Configured symphonies: ['7GJZdYouz3l3acrmUPOD', 'jtQvlI5wINrxpOfxgmgl', 'qjmHJ3IR19kmaAlbgkNj', 'ZGersOlsQFRHg7U2qnSw', 'g7WBkfIc6UWUWC6NiAdu', 'iPifD8uTozTr0sbu9qiB']
[2026-05-28T15:51:01] No account_uuid in config; discovering via /accounts/list...
[2026-05-28T15:51:02] Using first account: b0d61a36-f329-4226-9d82-4494deaee5f5
[2026-05-28T15:51:02] (Tip: copy this account_uuid into composer_config.json to skip the lookup next run.)
[2026-05-28T15:51:02] Fetching per-symphony stats from /portfolio/.../symphony-stats-meta...
[2026-05-28T15:51:02] GET /api/v0.1/portfolio/accounts/b0d61a36-f329-4226-9d82-4494deaee5f5/symphony-stats-meta
[2026-05-28T15:51:04] Saved symphony-stats response to composer_symphony_stats_2026-05-28.json
[2026-05-28T15:51:04] --- BLEE - 186 2026 ALL in One 57% Max-Down SGOV Bond (7GJZdYouz3l3acrmUPOD) ---
[2026-05-28T15:51:04]   WARN: symphony-stats-meta returned no positions for 7GJZdYouz3l3acrmUPOD (check 2026-05-28 JSON to verify the id matches one in the response)
[2026-05-28T15:51:04]   ERROR: no positions found for 7GJZdYouz3l3acrmUPOD; skipping CSV/HTML for this symphony
[2026-05-28T15:51:04] --- BLEE - 186 2026 ALL in One (jtQvlI5wINrxpOfxgmgl) ---
[2026-05-28T15:51:04]   WARN: symphony-stats-meta returned no positions for jtQvlI5wINrxpOfxgmgl (check 2026-05-28 JSON to verify the id matches one in the response)
[2026-05-28T15:51:04]   ERROR: no positions found for jtQvlI5wINrxpOfxgmgl; skipping CSV/HTML for this symphony
[2026-05-28T15:51:04] --- BLEE - 187 2026 SGOV Bond 20% Yield and Min Dual Reversal (qjmHJ3IR19kmaAlbgkNj) ---
[2026-05-28T15:51:04]   Got 4 positions from symphony-stats-meta
[2026-05-28T15:51:04]   RSI override: DISABLED (symphony handles its own rotation)
[2026-05-28T15:51:04]   Saved today's slice to composer_allocations_185_2026-05-28.json
[2026-05-28T15:51:04]   Updated stable file: composer_allocations_187.json
[2026-05-28T15:51:04]   Wrote 4 rows for 2026-05-28 to composer_allocations_185.csv (kept 63 prior rows, source=symphony-stats-meta)
[2026-05-28T15:51:04] Generated dashboard -> index2.html (value=$5,155.58, days=18)
[2026-05-28T15:51:04]   Prepended 2026-05-28 row to composer_allocations_185_3yr2.csv
[2026-05-28T15:51:04]   Updated today's row in Algorithm185History.html
[2026-05-28T15:51:04] --- BLEE - 185 2026 SGOV and Dual Reversal (ZGersOlsQFRHg7U2qnSw) ---
[2026-05-28T15:51:04]   Got 4 positions from symphony-stats-meta
[2026-05-28T15:51:04]   RSI override: DISABLED (symphony handles its own rotation)
[2026-05-28T15:51:04]   Saved today's slice to composer_allocations_185v2_2026-05-28.json
[2026-05-28T15:51:04]   Updated stable file: composer_allocations_185.json
[2026-05-28T15:51:04]   Wrote 4 rows for 2026-05-28 to composer_allocations_185v2.csv (kept 20 prior rows, source=symphony-stats-meta)
[2026-05-28T15:51:04] Generated dashboard -> index_185v2.html (value=$1,032.91, days=6)
[2026-05-28T15:51:04] --- BLEE A - 186 Part 1 Kei 90% NVDA (g7WBkfIc6UWUWC6NiAdu) ---
[2026-05-28T15:51:04]   Got 10 positions from symphony-stats-meta
[2026-05-28T15:51:04]   RSI override: DISABLED (symphony handles its own rotation)
[2026-05-28T15:51:04]   Saved today's slice to composer_allocations_kei186_2026-05-28.json
[2026-05-28T15:51:04]   Updated stable file: composer_allocations_kei186.json
[2026-05-28T15:51:04]   Wrote 10 rows for 2026-05-28 to composer_allocations_kei186.csv (kept 41 prior rows, source=symphony-stats-meta)
[2026-05-28T15:51:04] Generated dashboard -> index_kei186.html (value=$6,267.99, days=6)
[2026-05-28T15:51:04] --- BLEE - 187 2026 ALL in One For High Interest Period (iPifD8uTozTr0sbu9qiB) ---
[2026-05-28T15:51:04]   Got 13 positions from symphony-stats-meta
[2026-05-28T15:51:04]   RSI override: DISABLED (symphony handles its own rotation)
[2026-05-28T15:51:04]   Saved today's slice to composer_allocations_187hi_2026-05-28.json
[2026-05-28T15:51:04]   Updated stable file: composer_allocations_187hi.json
[2026-05-28T15:51:04]   Wrote 13 rows for 2026-05-28 to composer_allocations_187hi.csv (kept 65 prior rows, source=symphony-stats-meta)
[2026-05-28T15:51:04] Generated dashboard -> index_187hi.html (value=$5,281.97, days=6)
[2026-05-28T15:51:05] Published signal_latest.json (3 positions, date=2026-05-28)
[2026-05-28T15:51:05] Regenerated CurrentWatchSymphony.html (4 symphonies)
[2026-05-28T15:51:05] === Done ===
[2026-05-28T15:51:15] Stamped last-updated (05/28/2026 03:51 PM ET) into index.html
[2026-05-28T15:51:15] Stamped last-updated (05/28/2026 03:51 PM ET) into performance1.html
[2026-05-28T15:51:15] Stamped last-updated (05/28/2026 03:51 PM ET) into Algorithm185History.html
[2026-05-28T15:51:15] --- Pushing updates to GitHub ---
[2026-05-28T15:51:15]   $ git -C "C:\Kei\ComposerInvest" add .
[2026-05-28T15:51:16]   $ git -C "C:\Kei\ComposerInvest" commit -m "daily auto update 2026-05-28"
[2026-05-28T15:51:16]   $ git -C "C:\Kei\ComposerInvest" push
[2026-05-28T15:51:24] GitHub push successful.
[2026-05-28T15:53:01] market_report: === Market report generation started ===
[2026-05-28T15:53:01] market_report: Loaded 15 ETF points from Index_50_point.csv
[2026-05-28T15:53:01] market_report: Loaded 1 ETF allocations from index_50.html
[2026-05-28T15:53:05] market_report:   RSI-14 fetched: 78.05 (SPY close=754.635)
[2026-05-28T15:53:05] market_report:   RSI signal: Overbought — moderate bear lean (10d avg=71.94, adj=-10, new score=-10.00)
[2026-05-28T15:53:05] market_report:   RSI override condition met but DISABLED: Today RSI 78.0 > 76.0 AND 3 of last 10 days also exceeded 76.0 — override ACTIVE
[2026-05-28T15:53:05] market_report:   (no score adj, no banner — symphony handles rotation natively)
[2026-05-28T15:53:05] market_report: Composite score: -10.00 -> Rain in the Forecast
[2026-05-28T15:53:06] market_report:   RSS WSJ: 20 items fetched
[2026-05-28T15:53:06] market_report:   Selected [WSJ] topic=EQUITY: Stocks Sink in Broad AI Rout Sparked by China's DeepSeek
[2026-05-28T15:53:08] market_report:   RSS Yahoo Finance: 48 items fetched
[2026-05-28T15:53:08] market_report:   Selected [Yahoo Finance] topic=RISK: ‘Holy cow!’: Andrew Yang warns ‘American way’ being destroyed — says p
[2026-05-28T15:53:09] market_report:   RSS fetch failed (Barron's): HTTP Error 403: Forbidden
[2026-05-28T15:53:09] market_report:   Barron's: RSS unavailable, using hardcoded fallback
[2026-05-28T15:53:09] market_report:   Selected [Barron's] topic=MACRO: Trade Winds: Tariff Developments Continue to Reshape Global Supply Cha
[2026-05-28T15:53:09] market_report: Fetched 3 news items
[2026-05-28T15:53:09] market_report: Updated marketDailySummary.html with score=-10.00 (Rain in the Forecast)
[2026-05-28T15:53:09] market_report: Stamped last-updated (05/28/2026 03:53 PM ET) into index.html
[2026-05-28T15:53:09] market_report: Stamped last-updated (05/28/2026 03:53 PM ET) into performance1.html
[2026-05-28T15:53:09] market_report: Stamped last-updated (05/28/2026 03:53 PM ET) into Algorithm185History.html
[2026-05-28T15:53:09] market_report: === Market report generation complete ===
[2026-05-28T19:58:17] market_report: === Market report generation started ===
[2026-05-28T19:58:17] market_report: Loaded 15 ETF points from Index_50_point.csv
[2026-05-28T19:58:17] market_report: Loaded 1 ETF allocations from index_50.html
[2026-05-28T19:58:17] market_report:   RSI signal: Overbought — moderate bear lean (10d avg=71.64, adj=-10, new score=-10.00)
[2026-05-28T19:58:17] market_report:   RSI override not triggered: Today RSI 69.4 ≤ 76.0 — override not triggered
[2026-05-28T19:58:17] market_report: Composite score: -10.00 -> Rain in the Forecast
[2026-05-28T19:58:17] market_report:   RSS fetch failed (WSJ): <urlopen error Tunnel connection failed: 403 Forbidden>
[2026-05-28T19:58:17] market_report:   WSJ: RSS unavailable, using hardcoded fallback
[2026-05-28T19:58:17] market_report:   Selected [WSJ] topic=FED: Fed Signals Patience as Rate Path Stays Data-Dependent
[2026-05-28T19:58:17] market_report:   RSS fetch failed (Yahoo Finance): <urlopen error Tunnel connection failed: 403 Forbidden>
[2026-05-28T19:58:17] market_report:   Yahoo Finance: RSS unavailable, using hardcoded fallback
[2026-05-28T19:58:17] market_report:   Selected [Yahoo Finance] topic=EQUITY: S&P 500 Holds Near Highs as Investors Weigh Macro Crosscurrents
[2026-05-28T19:58:17] market_report:   RSS fetch failed (Barron's): <urlopen error Tunnel connection failed: 403 Forbidden>
[2026-05-28T19:58:17] market_report:   Barron's: RSS unavailable, using hardcoded fallback
[2026-05-28T19:58:17] market_report:   Selected [Barron's] topic=MACRO: Trade Winds: Tariff Developments Continue to Reshape Global Supply Cha
[2026-05-28T19:58:17] market_report: Fetched 3 news items
[2026-05-28T19:58:17] market_report: Updated marketDailySummary.html with score=-10.00 (Rain in the Forecast)
[2026-05-28T19:58:18] market_report: Stamped last-updated (05/28/2026 03:58 PM ET) into index.html
[2026-05-28T19:58:18] market_report: Stamped last-updated (05/28/2026 03:58 PM ET) into performance1.html
[2026-05-28T19:58:18] market_report: Stamped last-updated (05/28/2026 03:58 PM ET) into Algorithm185History.html
[2026-05-28T19:58:18] market_report: === Market report generation complete ===
[2026-05-28T20:08:39] === Composer daily allocation pull ===
[2026-05-28T20:08:39] Configured symphonies: ['7GJZdYouz3l3acrmUPOD', 'jtQvlI5wINrxpOfxgmgl', 'qjmHJ3IR19kmaAlbgkNj', 'ZGersOlsQFRHg7U2qnSw', 'g7WBkfIc6UWUWC6NiAdu', 'iPifD8uTozTr0sbu9qiB']
[2026-05-28T20:08:39] No account_uuid in config; discovering via /accounts/list...
[2026-05-28T20:08:39] Network error on GET /api/v0.1/accounts/list: <urlopen error Tunnel connection failed: 403 Forbidden>
[2026-05-28T20:08:39] FATAL: URLError: <urlopen error Tunnel connection failed: 403 Forbidden>
[2026-05-29T04:07:53] market_report: === Market report generation started ===
[2026-05-29T04:07:53] market_report: Loaded 21 ETF points from Index_50_point.csv
[2026-05-29T04:07:53] market_report: Loaded 13 ETF allocations from composer_allocations_187hi.json (BLEE - 187 2026 ALL in One For High Interest Period)
[2026-05-29T04:07:56] market_report:   RSI signal: Overbought — moderate bear lean (10d avg=71.64, adj=-10, new score=+79.08)
[2026-05-29T04:07:56] market_report:   RSI override not triggered: Today RSI 69.4 ≤ 76.0 — override not triggered
[2026-05-29T04:07:56] market_report: Composite score: +79.08 -> Clear Sky
[2026-05-29T04:07:56] market_report:   RSS fetch failed (WSJ): <urlopen error Tunnel connection failed: 403 Forbidden>
[2026-05-29T04:07:56] market_report:   WSJ: RSS unavailable, using hardcoded fallback
[2026-05-29T04:07:56] market_report:   Selected [WSJ] topic=FED: Fed Signals Patience as Rate Path Stays Data-Dependent
[2026-05-29T04:07:56] market_report:   RSS fetch failed (Yahoo Finance): <urlopen error Tunnel connection failed: 403 Forbidden>
[2026-05-29T04:07:56] market_report:   Yahoo Finance: RSS unavailable, using hardcoded fallback
[2026-05-29T04:07:56] market_report:   Selected [Yahoo Finance] topic=EQUITY: S&P 500 Holds Near Highs as Investors Weigh Macro Crosscurrents
[2026-05-29T04:07:56] market_report:   RSS fetch failed (Barron's): <urlopen error Tunnel connection failed: 403 Forbidden>
[2026-05-29T04:07:56] market_report:   Barron's: RSS unavailable, using hardcoded fallback
[2026-05-29T04:07:56] market_report:   Selected [Barron's] topic=MACRO: Trade Winds: Tariff Developments Continue to Reshape Global Supply Cha
[2026-05-29T04:07:56] market_report: Fetched 3 news items
[2026-05-29T04:07:56] market_report: Updated marketDailySummary.html with score=+79.08 (Clear Sky)
[2026-05-29T04:07:56] market_report: Stamped last-updated (05/29/2026 12:07 AM ET) into index.html
[2026-05-29T04:07:56] market_report: Stamped last-updated (05/29/2026 12:07 AM ET) into performance1.html
[2026-05-29T04:07:57] market_report: Stamped last-updated (05/29/2026 12:07 AM ET) into Algorithm185History.html
[2026-05-29T04:07:57] market_report: === Market report generation complete ===
[2026-05-29T15:51:00] archive: === Archive started ===
[2026-05-29T15:51:00] archive:   Archived -> marketForecast_2026-05-29.html
[2026-05-29T15:51:00] archive:   Archived -> dailySignal_2026-05-29.html
[2026-05-29T15:51:00] archive:   SKIP (not found): index_186main.html
[2026-05-29T15:51:00] archive:   Archived -> signal185_2026-05-29.html
[2026-05-29T15:51:00] archive:   Archived -> signalKei186_2026-05-29.html
[2026-05-29T15:51:01] archive:   Archived -> signal187hi_2026-05-29.html
[2026-05-29T15:51:01] archive: Rebuilt BackLog/index.html � 17 dates, 30 files
[2026-05-29T15:51:01] archive: === Archive complete ===
[2026-05-29T15:51:01] === Composer daily allocation pull ===
[2026-05-29T15:51:01] Configured symphonies: ['7GJZdYouz3l3acrmUPOD', 'jtQvlI5wINrxpOfxgmgl', 'qjmHJ3IR19kmaAlbgkNj', 'ZGersOlsQFRHg7U2qnSw', 'g7WBkfIc6UWUWC6NiAdu', 'iPifD8uTozTr0sbu9qiB']
[2026-05-29T15:51:01] No account_uuid in config; discovering via /accounts/list...
[2026-05-29T15:51:03] Using first account: b0d61a36-f329-4226-9d82-4494deaee5f5
[2026-05-29T15:51:03] (Tip: copy this account_uuid into composer_config.json to skip the lookup next run.)
[2026-05-29T15:51:03] Fetching per-symphony stats from /portfolio/.../symphony-stats-meta...
[2026-05-29T15:51:03] GET /api/v0.1/portfolio/accounts/b0d61a36-f329-4226-9d82-4494deaee5f5/symphony-stats-meta
[2026-05-29T15:51:04] Saved symphony-stats response to composer_symphony_stats_2026-05-29.json
[2026-05-29T15:51:04] True Composer account total (all symphonies): $53,377.19
[2026-05-29T15:51:04] --- BLEE - 186 2026 ALL in One 57% Max-Down SGOV Bond (7GJZdYouz3l3acrmUPOD) ---
[2026-05-29T15:51:04]   WARN: symphony-stats-meta returned no positions for 7GJZdYouz3l3acrmUPOD (check 2026-05-29 JSON to verify the id matches one in the response)
[2026-05-29T15:51:04]   ERROR: no positions found for 7GJZdYouz3l3acrmUPOD; skipping CSV/HTML for this symphony
[2026-05-29T15:51:04] --- BLEE - 186 2026 ALL in One (jtQvlI5wINrxpOfxgmgl) ---
[2026-05-29T15:51:04]   WARN: symphony-stats-meta returned no positions for jtQvlI5wINrxpOfxgmgl (check 2026-05-29 JSON to verify the id matches one in the response)
[2026-05-29T15:51:04]   ERROR: no positions found for jtQvlI5wINrxpOfxgmgl; skipping CSV/HTML for this symphony
[2026-05-29T15:51:04] --- BLEE - 187 2026 SGOV Bond 20% Yield and Min Dual Reversal (qjmHJ3IR19kmaAlbgkNj) ---
[2026-05-29T15:51:04]   Got 4 positions from symphony-stats-meta
[2026-05-29T15:51:04]   RSI override: DISABLED (symphony handles its own rotation)
[2026-05-29T15:51:04]   Saved today's slice to composer_allocations_185_2026-05-29.json
[2026-05-29T15:51:04]   Updated stable file: composer_allocations_187.json
[2026-05-29T15:51:04]   Wrote 4 rows for 2026-05-29 to composer_allocations_185.csv (kept 67 prior rows, source=symphony-stats-meta)
[2026-05-29T15:51:04] Generated dashboard -> index2.html (value=$5,163.80, days=19)
[2026-05-29T15:51:04]   Prepended 2026-05-29 row to composer_allocations_185_3yr2.csv
[2026-05-29T15:51:05]   Prepended 2026-05-29 row to Algorithm185History.html ALLOC_DATA
[2026-05-29T15:51:05] --- BLEE - 185 2026 SGOV and Dual Reversal (ZGersOlsQFRHg7U2qnSw) ---
[2026-05-29T15:51:05]   Got 4 positions from symphony-stats-meta
[2026-05-29T15:51:05]   RSI override: DISABLED (symphony handles its own rotation)
[2026-05-29T15:51:05]   Saved today's slice to composer_allocations_185v2_2026-05-29.json
[2026-05-29T15:51:05]   Updated stable file: composer_allocations_185.json
[2026-05-29T15:51:05]   Wrote 4 rows for 2026-05-29 to composer_allocations_185v2.csv (kept 24 prior rows, source=symphony-stats-meta)
[2026-05-29T15:51:05] Generated dashboard -> index_185v2.html (value=$1,040.90, days=7)
[2026-05-29T15:51:05] --- BLEE A - 186 Part 1 Kei 90% NVDA (g7WBkfIc6UWUWC6NiAdu) ---
[2026-05-29T15:51:05]   Got 1 positions from symphony-stats-meta
[2026-05-29T15:51:05]   RSI override: DISABLED (symphony handles its own rotation)
[2026-05-29T15:51:05]   Saved today's slice to composer_allocations_kei186_2026-05-29.json
[2026-05-29T15:51:05]   Updated stable file: composer_allocations_kei186.json
[2026-05-29T15:51:05]   Wrote 1 rows for 2026-05-29 to composer_allocations_kei186.csv (kept 51 prior rows, source=symphony-stats-meta)
[2026-05-29T15:51:05] Generated dashboard -> index_kei186.html (value=$14,572.23, days=7)
[2026-05-29T15:51:05] --- BLEE - 187 2026 ALL in One For High Interest Period (iPifD8uTozTr0sbu9qiB) ---
[2026-05-29T15:51:05]   Got 1 positions from symphony-stats-meta
[2026-05-29T15:51:05]   RSI override: DISABLED (symphony handles its own rotation)
[2026-05-29T15:51:05]   Saved today's slice to composer_allocations_187hi_2026-05-29.json
[2026-05-29T15:51:05]   Updated stable file: composer_allocations_187hi.json
[2026-05-29T15:51:05]   Wrote 1 rows for 2026-05-29 to composer_allocations_187hi.csv (kept 78 prior rows, source=symphony-stats-meta)
[2026-05-29T15:51:05] Generated dashboard -> index_187hi.html (value=$32,600.26, days=7)
[2026-05-29T15:51:05] Published signal_latest.json (3 positions, date=2026-05-29)
[2026-05-29T15:51:05] Regenerated CurrentWatchSymphony.html (4 symphonies)
[2026-05-29T15:51:05] === Done ===
[2026-05-29T15:51:12] Stamped last-updated (05/29/2026 03:51 PM ET) into index.html
[2026-05-29T15:51:12] Stamped last-updated (05/29/2026 03:51 PM ET) into performance1.html
[2026-05-29T15:51:12] Stamped last-updated (05/29/2026 03:51 PM ET) into Algorithm185History.html
[2026-05-29T15:51:12] --- Pushing updates to GitHub ---
[2026-05-29T15:51:12]   $ git -C "C:\Kei\ComposerInvest" add .
[2026-05-29T15:51:13]   $ git -C "C:\Kei\ComposerInvest" commit -m "daily auto update 2026-05-29"
[2026-05-29T15:51:14]   $ git -C "C:\Kei\ComposerInvest" push
[2026-05-29T15:51:22] GitHub push successful.
[2026-05-29T15:53:01] market_report: === Market report generation started ===
[2026-05-29T15:53:01] market_report: Loaded 21 ETF points from Index_50_point.csv
[2026-05-29T15:53:01] market_report: Loaded 1 ETF allocations from composer_allocations_187hi.json (BLEE - 187 2026 ALL in One For High Interest Period)
[2026-05-29T15:53:06] market_report:   RSI-14 fetched: 78.86 (SPY close=756.71)
[2026-05-29T15:53:06] market_report:   RSI signal: Overbought — moderate bear lean (10d avg=72.17, adj=-10, new score=-10.00)
[2026-05-29T15:53:06] market_report:   RSI override condition met but DISABLED: Today RSI 78.9 > 76.0 AND 4 of last 10 days also exceeded 76.0 — override ACTIVE
[2026-05-29T15:53:06] market_report:   (no score adj, no banner — symphony handles rotation natively)
[2026-05-29T15:53:06] market_report: Composite score: -10.00 -> Rain in the Forecast
[2026-05-29T15:53:07] market_report:   RSS WSJ: 20 items fetched
[2026-05-29T15:53:07] market_report:   Selected [WSJ] topic=EQUITY: Stocks Sink in Broad AI Rout Sparked by China's DeepSeek
[2026-05-29T15:53:09] market_report:   RSS Yahoo Finance: 49 items fetched
[2026-05-29T15:53:09] market_report:   Selected [Yahoo Finance] topic=OTHER: 47-year-old high-end steak and seafood chain closes 80 locations
[2026-05-29T15:53:11] market_report:   RSS fetch failed (Barron's): HTTP Error 403: Forbidden
[2026-05-29T15:53:11] market_report:   Barron's: RSS unavailable, using hardcoded fallback
[2026-05-29T15:53:11] market_report:   Selected [Barron's] topic=MACRO: Trade Winds: Tariff Developments Continue to Reshape Global Supply Cha
[2026-05-29T15:53:11] market_report: Fetched 3 news items
[2026-05-29T15:53:11] market_report: Updated marketDailySummary.html with score=-10.00 (Rain in the Forecast)
[2026-05-29T15:53:11] market_report: Stamped last-updated (05/29/2026 03:53 PM ET) into index.html
[2026-05-29T15:53:11] market_report: Stamped last-updated (05/29/2026 03:53 PM ET) into performance1.html
[2026-05-29T15:53:11] market_report: Stamped last-updated (05/29/2026 03:53 PM ET) into Algorithm185History.html
[2026-05-29T15:53:11] market_report: === Market report generation complete ===
[2026-05-29T19:58:32] market_report: === Market report generation started ===
[2026-05-29T19:58:32] market_report: Loaded 21 ETF points from Index_50_point.csv
[2026-05-29T19:58:32] market_report: Loaded 1 ETF allocations from composer_allocations_187hi.json (BLEE - 187 2026 ALL in One For High Interest Period)
[2026-05-29T19:58:32] market_report:   RSI signal: Overbought — moderate bear lean (10d avg=71.64, adj=-10, new score=-10.00)
[2026-05-29T19:58:32] market_report:   RSI override not triggered: Today RSI 69.4 ≤ 76.0 — override not triggered
[2026-05-29T19:58:32] market_report: Composite score: -10.00 -> Rain in the Forecast
[2026-05-29T19:58:32] market_report:   RSS fetch failed (WSJ): <urlopen error Tunnel connection failed: 403 Forbidden>
[2026-05-29T19:58:32] market_report:   WSJ: RSS unavailable, using hardcoded fallback
[2026-05-29T19:58:32] market_report:   Selected [WSJ] topic=FED: Fed Signals Patience as Rate Path Stays Data-Dependent
[2026-05-29T19:58:32] market_report:   RSS fetch failed (Yahoo Finance): <urlopen error Tunnel connection failed: 403 Forbidden>
[2026-05-29T19:58:32] market_report:   Yahoo Finance: RSS unavailable, using hardcoded fallback
[2026-05-29T19:58:32] market_report:   Selected [Yahoo Finance] topic=EQUITY: S&P 500 Holds Near Highs as Investors Weigh Macro Crosscurrents
[2026-05-29T19:58:32] market_report:   RSS fetch failed (Barron's): <urlopen error Tunnel connection failed: 403 Forbidden>
[2026-05-29T19:58:32] market_report:   Barron's: RSS unavailable, using hardcoded fallback
[2026-05-29T19:58:32] market_report:   Selected [Barron's] topic=MACRO: Trade Winds: Tariff Developments Continue to Reshape Global Supply Cha
[2026-05-29T19:58:32] market_report: Fetched 3 news items
[2026-05-29T19:58:32] market_report: FATAL: RuntimeError: patch_html: marketDailySummary.html is already truncated before patch — aborting to avoid data loss
[2026-05-29T19:58:57] market_report: === Market report generation started ===
[2026-05-29T19:58:57] market_report: Loaded 21 ETF points from Index_50_point.csv
[2026-05-29T19:58:57] market_report: Loaded 1 ETF allocations from composer_allocations_187hi.json (BLEE - 187 2026 ALL in One For High Interest Period)
[2026-05-29T19:58:57] market_report:   RSI signal: Overbought — moderate bear lean (10d avg=71.64, adj=-10, new score=-10.00)
[2026-05-29T19:58:57] market_report:   RSI override not triggered: Today RSI 69.4 ≤ 76.0 — override not triggered
[2026-05-29T19:58:57] market_report: Composite score: -10.00 -> Rain in the Forecast
[2026-05-29T19:58:57] market_report:   RSS fetch failed (WSJ): <urlopen error Tunnel connection failed: 403 Forbidden>
[2026-05-29T19:58:57] market_report:   WSJ: RSS unavailable, using hardcoded fallback
[2026-05-29T19:58:57] market_report:   Selected [WSJ] topic=FED: Fed Signals Patience as Rate Path Stays Data-Dependent
[2026-05-29T19:58:57] market_report:   RSS fetch failed (Yahoo Finance): <urlopen error Tunnel connection failed: 403 Forbidden>
[2026-05-29T19:58:57] market_report:   Yahoo Finance: RSS unavailable, using hardcoded fallback
[2026-05-29T19:58:57] market_report:   Selected [Yahoo Finance] topic=EQUITY: S&P 500 Holds Near Highs as Investors Weigh Macro Crosscurrents
[2026-05-29T19:58:57] market_report:   RSS fetch failed (Barron's): <urlopen error Tunnel connection failed: 403 Forbidden>
[2026-05-29T19:58:57] market_report:   Barron's: RSS unavailable, using hardcoded fallback
[2026-05-29T19:58:57] market_report:   Selected [Barron's] topic=MACRO: Trade Winds: Tariff Developments Continue to Reshape Global Supply Cha
[2026-05-29T19:58:57] market_report: Fetched 3 news items
[2026-05-29T19:58:57] market_report: Updated marketDailySummary.html with score=-10.00 (Rain in the Forecast)
[2026-05-29T19:58:57] market_report: Stamped last-updated (05/29/2026 03:58 PM ET) into index.html
[2026-05-29T19:58:58] market_report: Stamped last-updated (05/29/2026 03:58 PM ET) into Algorithm185History.html
[2026-05-29T19:58:58] market_report: === Market report generation complete ===
[2026-05-29T20:09:02] === Composer daily allocation pull ===
[2026-05-29T20:09:02] Configured symphonies: ['7GJZdYouz3l3acrmUPOD', 'jtQvlI5wINrxpOfxgmgl', 'qjmHJ3IR19kmaAlbgkNj', 'ZGersOlsQFRHg7U2qnSw', 'g7WBkfIc6UWUWC6NiAdu', 'iPifD8uTozTr0sbu9qiB']
[2026-05-29T20:09:02] No account_uuid in config; discovering via /accounts/list...
[2026-05-29T20:09:02] Network error on GET /api/v0.1/accounts/list: <urlopen error Tunnel connection failed: 403 Forbidden>
[2026-05-29T20:09:02] FATAL: URLError: <urlopen error Tunnel connection failed: 403 Forbidden>
[2026-05-30T03:10:55] market_report: === Market report generation started ===
[2026-05-30T03:10:55] market_report: Loaded 21 ETF points from Index_50_point.csv
[2026-05-30T03:10:55] market_report: Loaded 12 ETF allocations from composer_allocations_187hi.json (BLEE - 187 2026 ALL in One For High Interest Period)
[2026-05-30T03:10:57] market_report:   RSI signal: Overbought — moderate bear lean (10d avg=72.17, adj=-10, new score=+79.08)
[2026-05-30T03:10:57] market_report:   RSI override condition met but DISABLED: Today RSI 78.9 > 76.0 AND 4 of last 10 days also exceeded 76.0 — override ACTIVE
[2026-05-30T03:10:57] market_report:   (no score adj, no banner — symphony handles rotation natively)
[2026-05-30T03:10:57] market_report: Composite score: +79.08 -> Clear Sky
[2026-05-30T03:10:58] market_report:   RSS fetch failed (WSJ): <urlopen error Tunnel connection failed: 403 Forbidden>
[2026-05-30T03:10:58] market_report:   WSJ: RSS unavailable, using hardcoded fallback
[2026-05-30T03:10:58] market_report:   Selected [WSJ] topic=FED: Fed Signals Patience as Rate Path Stays Data-Dependent
[2026-05-30T03:10:58] market_report:   RSS fetch failed (Yahoo Finance): <urlopen error Tunnel connection failed: 403 Forbidden>
[2026-05-30T03:10:58] market_report:   Yahoo Finance: RSS unavailable, using hardcoded fallback
[2026-05-30T03:10:58] market_report:   Selected [Yahoo Finance] topic=EQUITY: S&P 500 Holds Near Highs as Investors Weigh Macro Crosscurrents
[2026-05-30T03:10:58] market_report:   RSS fetch failed (Barron's): <urlopen error Tunnel connection failed: 403 Forbidden>
[2026-05-30T03:10:58] market_report:   Barron's: RSS unavailable, using hardcoded fallback
[2026-05-30T03:10:58] market_report:   Selected [Barron's] topic=MACRO: Trade Winds: Tariff Developments Continue to Reshape Global Supply Cha
[2026-05-30T03:10:58] market_report: Fetched 3 news items
[2026-05-30T03:10:58] market_report: Updated marketDailySummary.html with score=+79.08 (Clear Sky)
[2026-05-30T03:10:58] market_report: Stamped last-updated (05/29/2026 11:10 PM ET) into index.html
[2026-05-30T03:10:58] market_report: Stamped last-updated (05/29/2026 11:10 PM ET) into performance1.html
[2026-05-30T03:10:58] market_report: Stamped last-updated (05/29/2026 11:10 PM ET) into Algorithm185History.html
[2026-05-30T03:10:58] market_report: === Market report generation complete ===
[2026-05-30T03:15:49] market_report: === Market report generation started ===
[2026-05-30T03:15:49] market_report: Loaded 21 ETF points from Index_50_point.csv
[2026-05-30T03:15:49] market_report: Loaded 12 ETF allocations from composer_allocations_187hi.json (BLEE - 187 2026 ALL in One For High Interest Period)
[2026-05-30T03:15:50] market_report:   RSI signal: Overbought — moderate bear lean (10d avg=72.17, adj=-10, new score=+20.91)
[2026-05-30T03:15:50] market_report:   RSI override condition met but DISABLED: Today RSI 78.9 > 76.0 AND 4 of last 10 days also exceeded 76.0 — override ACTIVE
[2026-05-30T03:15:50] market_report:   (no score adj, no banner — symphony handles rotation natively)
[2026-05-30T03:15:50] market_report: Composite score: +20.91 -> Sunny and Partly Cloudy
[2026-05-30T03:15:50] market_report:   RSS fetch failed (WSJ): <urlopen error Tunnel connection failed: 403 Forbidden>
[2026-05-30T03:15:50] market_report:   WSJ: RSS unavailable, using hardcoded fallback
[2026-05-30T03:15:50] market_report:   Selected [WSJ] topic=FED: Fed Signals Patience as Rate Path Stays Data-Dependent
[2026-05-30T03:15:50] market_report:   RSS fetch failed (Yahoo Finance): <urlopen error Tunnel connection failed: 403 Forbidden>
[2026-05-30T03:15:50] market_report:   Yahoo Finance: RSS unavailable, using hardcoded fallback
[2026-05-30T03:15:50] market_report:   Selected [Yahoo Finance] topic=EQUITY: S&P 500 Holds Near Highs as Investors Weigh Macro Crosscurrents
[2026-05-30T03:15:50] market_report:   RSS fetch failed (Barron's): <urlopen error Tunnel connection failed: 403 Forbidden>
[2026-05-30T03:15:50] market_report:   Barron's: RSS unavailable, using hardcoded fallback
[2026-05-30T03:15:50] market_report:   Selected [Barron's] topic=MACRO: Trade Winds: Tariff Developments Continue to Reshape Global Supply Cha
[2026-05-30T03:15:50] market_report: Fetched 3 news items
[2026-05-30T03:15:50] market_report: Updated marketDailySummary.html with score=+20.91 (Sunny and Partly Cloudy)
[2026-05-30T03:15:50] market_report: Stamped last-updated (05/29/2026 11:15 PM ET) into index.html
[2026-05-30T03:15:51] market_report: Stamped last-updated (05/29/2026 11:15 PM ET) into performance1.html
[2026-05-30T03:15:51] market_report: Stamped last-updated (05/29/2026 11:15 PM ET) into Algorithm185History.html
[2026-05-30T03:15:51] market_report: === Market report generation complete ===
[2026-05-30T03:26:17] market_report: === Market report generation started ===
[2026-05-30T03:26:17] market_report: Loaded 21 ETF points from Index_50_point.csv
[2026-05-30T03:26:17] market_report: Loaded 12 ETF allocations from composer_allocations_187hi.json (BLEE - 187 2026 ALL in One For High Interest Period)
[2026-05-30T03:26:18] market_report:   RSI signal: Overbought — moderate bear lean (10d avg=72.17, adj=-10, new score=+20.91)
[2026-05-30T03:26:18] market_report:   RSI override condition met but DISABLED: Today RSI 78.9 > 76.0 AND 4 of last 10 days also exceeded 76.0 — override ACTIVE
[2026-05-30T03:26:18] market_report:   (no score adj, no banner — symphony handles rotation natively)
[2026-05-30T03:26:18] market_report: Composite score: +20.91 -> Sunny and Partly Cloudy
[2026-05-30T03:26:18] market_report:   RSS fetch failed (WSJ): <urlopen error Tunnel connection failed: 403 Forbidden>
[2026-05-30T03:26:18] market_report:   WSJ: RSS unavailable, using hardcoded fallback
[2026-05-30T03:26:18] market_report:   Selected [WSJ] topic=FED: Fed Signals Patience as Rate Path Stays Data-Dependent
[2026-05-30T03:26:18] market_report:   RSS fetch failed (Yahoo Finance): <urlopen error Tunnel connection failed: 403 Forbidden>
[2026-05-30T03:26:18] market_report:   Yahoo Finance: RSS unavailable, using hardcoded fallback
[2026-05-30T03:26:18] market_report:   Selected [Yahoo Finance] topic=EQUITY: S&P 500 Holds Near Highs as Investors Weigh Macro Crosscurrents
[2026-05-30T03:26:18] market_report:   RSS fetch failed (Barron's): <urlopen error Tunnel connection failed: 403 Forbidden>
[2026-05-30T03:26:18] market_report:   Barron's: RSS unavailable, using hardcoded fallback
[2026-05-30T03:26:18] market_report:   Selected [Barron's] topic=MACRO: Trade Winds: Tariff Developments Continue to Reshape Global Supply Cha
[2026-05-30T03:26:18] market_report: Fetched 3 news items
[2026-05-30T03:26:19] market_report: Updated marketDailySummary.html with score=+20.91 (Sunny and Partly Cloudy)
[2026-05-30T03:26:19] market_report: Stamped last-updated (05/29/2026 11:26 PM ET) into index.html
[2026-05-30T03:26:19] market_report: Stamped last-updated (05/29/2026 11:26 PM ET) into performance1.html
[2026-05-30T03:26:19] market_report: Stamped last-updated (05/29/2026 11:26 PM ET) into Algorithm185History.html
[2026-05-30T03:26:19] market_report: === Market report generation complete ===
[2026-05-30T15:53:01] market_report: === Market report generation started ===
[2026-05-30T15:53:01] market_report: Loaded 21 ETF points from Index_50_point.csv
[2026-05-30T15:53:01] market_report: Loaded 12 ETF allocations from composer_allocations_187hi.json (BLEE - 187 2026 ALL in One For High Interest Period)
[2026-05-30T15:53:24] market_report:   RSI-14 fetched: 78.07 (SPY close=756.48)
[2026-05-30T15:53:24] market_report:   RSI signal: Overbought — moderate bear lean (10d avg=72.17, adj=-10, new score=+20.91)
[2026-05-30T15:53:24] market_report:   RSI override condition met but DISABLED: Today RSI 78.9 > 76.0 AND 4 of last 10 days also exceeded 76.0 — override ACTIVE
[2026-05-30T15:53:24] market_report:   (no score adj, no banner — symphony handles rotation natively)
[2026-05-30T15:53:24] market_report: Composite score: +20.91 -> Sunny and Partly Cloudy
[2026-05-30T15:53:26] market_report:   RSS WSJ: 20 items fetched
[2026-05-30T15:53:26] market_report:   Selected [WSJ] topic=EQUITY: Stocks Sink in Broad AI Rout Sparked by China's DeepSeek
[2026-05-30T15:53:29] market_report:   RSS Yahoo Finance: 42 items fetched
[2026-05-30T15:53:29] market_report:   Selected [Yahoo Finance] topic=OTHER: Infosys Limited (INFY): Leopold Aschenbrenner Is Bearish on This Firm
[2026-05-30T15:53:31] market_report:   RSS fetch failed (Barron's): HTTP Error 403: Forbidden
[2026-05-30T15:53:31] market_report:   Barron's: RSS unavailable, using hardcoded fallback
[2026-05-30T15:53:31] market_report:   Selected [Barron's] topic=MACRO: Trade Winds: Tariff Developments Continue to Reshape Global Supply Cha
[2026-05-30T15:53:31] market_report: Fetched 3 news items
[2026-05-30T15:53:32] market_report: Updated marketDailySummary.html with score=+20.91 (Sunny and Partly Cloudy)
[2026-05-30T15:53:32] market_report: Stamped last-updated (05/30/2026 03:53 PM ET) into index.html
[2026-05-30T15:53:32] market_report: Stamped last-updated (05/30/2026 03:53 PM ET) into performance1.html
[2026-05-30T15:53:32] market_report: Stamped last-updated (05/30/2026 03:53 PM ET) into Algorithm185History.html
[2026-05-30T15:53:32] market_report: === Market report generation complete ===
[2026-05-31T15:51:01] archive: === Archive started ===
[2026-05-31T15:51:01] archive:   Archived -> marketForecast_2026-05-31.html
[2026-05-31T15:51:01] archive:   Archived -> dailySignal_2026-05-31.html
[2026-05-31T15:51:01] archive:   SKIP (not found): index_186main.html
[2026-05-31T15:51:01] archive:   Archived -> signal185_2026-05-31.html
[2026-05-31T15:51:01] archive:   Archived -> signalKei186_2026-05-31.html
[2026-05-31T15:51:01] archive:   Archived -> signal187hi_2026-05-31.html
[2026-05-31T15:51:01] archive: Rebuilt BackLog/index.html � 18 dates, 32 files
[2026-05-31T15:51:01] archive: === Archive complete ===
[2026-05-31T15:51:01] === Composer daily allocation pull ===
[2026-05-31T15:51:02] Configured symphonies: ['7GJZdYouz3l3acrmUPOD', 'jtQvlI5wINrxpOfxgmgl', 'qjmHJ3IR19kmaAlbgkNj', 'ZGersOlsQFRHg7U2qnSw', 'g7WBkfIc6UWUWC6NiAdu', 'iPifD8uTozTr0sbu9qiB']
[2026-05-31T15:51:02] No account_uuid in config; discovering via /accounts/list...
[2026-05-31T15:51:04] Using first account: b0d61a36-f329-4226-9d82-4494deaee5f5
[2026-05-31T15:51:04] (Tip: copy this account_uuid into composer_config.json to skip the lookup next run.)
[2026-05-31T15:51:04] Fetching per-symphony stats from /portfolio/.../symphony-stats-meta...
[2026-05-31T15:51:04] GET /api/v0.1/portfolio/accounts/b0d61a36-f329-4226-9d82-4494deaee5f5/symphony-stats-meta
[2026-05-31T15:51:06] Saved symphony-stats response to composer_symphony_stats_2026-05-31.json
[2026-05-31T15:51:06] True Composer account total (all symphonies): $54,140.38
[2026-05-31T15:51:06] --- BLEE - 186 2026 ALL in One 57% Max-Down SGOV Bond (7GJZdYouz3l3acrmUPOD) ---
[2026-05-31T15:51:06]   WARN: symphony-stats-meta returned no positions for 7GJZdYouz3l3acrmUPOD (check 2026-05-31 JSON to verify the id matches one in the response)
[2026-05-31T15:51:06]   ERROR: no positions found for 7GJZdYouz3l3acrmUPOD; skipping CSV/HTML for this symphony
[2026-05-31T15:51:06] --- BLEE - 186 2026 ALL in One (jtQvlI5wINrxpOfxgmgl) ---
[2026-05-31T15:51:06]   WARN: symphony-stats-meta returned no positions for jtQvlI5wINrxpOfxgmgl (check 2026-05-31 JSON to verify the id matches one in the response)
[2026-05-31T15:51:06]   ERROR: no positions found for jtQvlI5wINrxpOfxgmgl; skipping CSV/HTML for this symphony
[2026-05-31T15:51:06] --- BLEE - 187 2026 SGOV Bond 20% Yield and Min Dual Reversal (qjmHJ3IR19kmaAlbgkNj) ---
[2026-05-31T15:51:06]   Got 4 positions from symphony-stats-meta
[2026-05-31T15:51:06]   RSI override: DISABLED (symphony handles its own rotation)
[2026-05-31T15:51:06]   Saved today's slice to composer_allocations_185_2026-05-31.json
[2026-05-31T15:51:06]   Updated stable file: composer_allocations_187.json
[2026-05-31T15:51:06]   Wrote 4 rows for 2026-05-31 to composer_allocations_185.csv (kept 71 prior rows, source=symphony-stats-meta)
[2026-05-31T15:51:07] Generated dashboard -> index2.html (value=$5,162.92, days=20)
[2026-05-31T15:51:07]   Prepended 2026-05-31 row to composer_allocations_185_3yr2.csv
[2026-05-31T15:51:07]   Prepended 2026-05-31 row to Algorithm185History.html ALLOC_DATA
[2026-05-31T15:51:07] --- BLEE - 185 2026 SGOV and Dual Reversal (ZGersOlsQFRHg7U2qnSw) ---
[2026-05-31T15:51:07]   Got 4 positions from symphony-stats-meta
[2026-05-31T15:51:07]   RSI override: DISABLED (symphony handles its own rotation)
[2026-05-31T15:51:07]   Saved today's slice to composer_allocations_185v2_2026-05-31.json
[2026-05-31T15:51:07]   Updated stable file: composer_allocations_185.json
[2026-05-31T15:51:07]   Wrote 4 rows for 2026-05-31 to composer_allocations_185v2.csv (kept 28 prior rows, source=symphony-stats-meta)
[2026-05-31T15:51:07] Generated dashboard -> index_185v2.html (value=$1,830.76, days=8)
[2026-05-31T15:51:07] --- BLEE A - 186 Part 1 Kei 90% NVDA (g7WBkfIc6UWUWC6NiAdu) ---
[2026-05-31T15:51:07]   Got 11 positions from symphony-stats-meta
[2026-05-31T15:51:07]   RSI override: DISABLED (symphony handles its own rotation)
[2026-05-31T15:51:07]   Saved today's slice to composer_allocations_kei186_2026-05-31.json
[2026-05-31T15:51:07]   Updated stable file: composer_allocations_kei186.json
[2026-05-31T15:51:07]   Wrote 11 rows for 2026-05-31 to composer_allocations_kei186.csv (kept 52 prior rows, source=symphony-stats-meta)
[2026-05-31T15:51:07] Generated dashboard -> index_kei186.html (value=$14,560.37, days=8)
[2026-05-31T15:51:07] --- BLEE - 187 2026 ALL in One For High Interest Period (iPifD8uTozTr0sbu9qiB) ---
[2026-05-31T15:51:07]   Got 14 positions from symphony-stats-meta
[2026-05-31T15:51:07]   RSI override: DISABLED (symphony handles its own rotation)
[2026-05-31T15:51:07]   Saved today's slice to composer_allocations_187hi_2026-05-31.json
[2026-05-31T15:51:07]   Updated stable file: composer_allocations_187hi.json
[2026-05-31T15:51:07]   Wrote 14 rows for 2026-05-31 to composer_allocations_187hi.csv (kept 79 prior rows, source=symphony-stats-meta)
[2026-05-31T15:51:07] Generated dashboard -> index_187hi.html (value=$32,586.33, days=8)
[2026-05-31T15:51:07] Published signal_latest.json (3 positions, date=2026-05-31)
[2026-05-31T15:51:07] Regenerated CurrentWatchSymphony.html (4 symphonies)
[2026-05-31T15:51:07] === Done ===
[2026-05-31T15:51:14] Stamped last-updated (05/31/2026 03:51 PM ET) into index.html
[2026-05-31T15:51:14] Stamped last-updated (05/31/2026 03:51 PM ET) into performance1.html
[2026-05-31T15:51:15] Stamped last-updated (05/31/2026 03:51 PM ET) into Algorithm185History.html
[2026-05-31T15:51:15] --- Pushing updates to GitHub ---
[2026-05-31T15:51:15]   $ git -C "C:\Kei\ComposerInvest" add .
[2026-05-31T15:51:16]   $ git -C "C:\Kei\ComposerInvest" commit -m "daily auto update 2026-05-31"
[2026-05-31T15:51:16]   $ git -C "C:\Kei\ComposerInvest" push
[2026-05-31T15:51:25] GitHub push successful.
[2026-05-31T15:53:01] market_report: === Market report generation started ===
[2026-05-31T15:53:01] market_report: Loaded 21 ETF points from Index_50_point.csv
[2026-05-31T15:53:01] market_report: Loaded 14 ETF allocations from composer_allocations_187hi.json (BLEE - 187 2026 ALL in One For High Interest Period)
[2026-05-31T15:53:08] market_report:   RSI-14 fetched: 77.94 (SPY close=756.48)
[2026-05-31T15:53:08] market_report:   RSI signal: Overbought — moderate bear lean (10d avg=72.17, adj=-10, new score=+6.85)
[2026-05-31T15:53:08] market_report:   RSI override condition met but DISABLED: Today RSI 78.9 > 76.0 AND 4 of last 10 days also exceeded 76.0 — override ACTIVE
[2026-05-31T15:53:08] market_report:   (no score adj, no banner — symphony handles rotation natively)
[2026-05-31T15:53:08] market_report: Composite score: +6.85 -> Mostly Cloudy
[2026-05-31T15:53:10] market_report:   RSS WSJ: 20 items fetched
[2026-05-31T15:53:10] market_report:   Selected [WSJ] topic=EQUITY: Stocks Sink in Broad AI Rout Sparked by China's DeepSeek
[2026-05-31T15:53:12] market_report:   RSS Yahoo Finance: 50 items fetched
[2026-05-31T15:53:12] market_report:   Selected [Yahoo Finance] topic=OTHER: Another company shuts down Bitcoin treasury
[2026-05-31T15:53:14] market_report:   RSS fetch failed (Barron's): HTTP Error 403: Forbidden
[2026-05-31T15:53:14] market_report:   Barron's: RSS unavailable, using hardcoded fallback
[2026-05-31T15:53:14] market_report:   Selected [Barron's] topic=MACRO: Trade Winds: Tariff Developments Continue to Reshape Global Supply Cha
[2026-05-31T15:53:14] market_report: Fetched 3 news items
[2026-05-31T15:53:14] market_report: Updated marketDailySummary.html with score=+6.85 (Mostly Cloudy)
[2026-05-31T15:53:15] market_report: Stamped last-updated (05/31/2026 03:53 PM ET) into index.html
[2026-05-31T15:53:15] market_report: Stamped last-updated (05/31/2026 03:53 PM ET) into performance1.html
[2026-05-31T15:53:15] market_report: Stamped last-updated (05/31/2026 03:53 PM ET) into Algorithm185History.html
[2026-05-31T15:53:15] market_report: === Market report generation complete ===
[2026-06-01T15:51:00] archive: === Archive started ===
[2026-06-01T15:51:00] archive:   Archived -> marketForecast_2026-06-01.html
[2026-06-01T15:51:01] archive:   Archived -> dailySignal_2026-06-01.html
[2026-06-01T15:51:01] archive:   SKIP (not found): index_186main.html
[2026-06-01T15:51:01] archive:   Archived -> signal185_2026-06-01.html
[2026-06-01T15:51:01] archive:   Archived -> signalKei186_2026-06-01.html
[2026-06-01T15:51:01] archive:   Archived -> signal187hi_2026-06-01.html
[2026-06-01T15:51:01] archive: Rebuilt BackLog/index.html � 19 dates, 34 files
[2026-06-01T15:51:01] archive: === Archive complete ===
[2026-06-01T15:51:02] === Composer daily allocation pull ===
[2026-06-01T15:51:02] Configured symphonies: ['7GJZdYouz3l3acrmUPOD', 'jtQvlI5wINrxpOfxgmgl', 'qjmHJ3IR19kmaAlbgkNj', 'ZGersOlsQFRHg7U2qnSw', 'g7WBkfIc6UWUWC6NiAdu', 'iPifD8uTozTr0sbu9qiB']
[2026-06-01T15:51:02] No account_uuid in config; discovering via /accounts/list...
[2026-06-01T15:51:04] Using first account: b0d61a36-f329-4226-9d82-4494deaee5f5
[2026-06-01T15:51:04] (Tip: copy this account_uuid into composer_config.json to skip the lookup next run.)
[2026-06-01T15:51:04] Fetching per-symphony stats from /portfolio/.../symphony-stats-meta...
[2026-06-01T15:51:04] GET /api/v0.1/portfolio/accounts/b0d61a36-f329-4226-9d82-4494deaee5f5/symphony-stats-meta
[2026-06-01T15:51:06] Saved symphony-stats response to composer_symphony_stats_2026-06-01.json
[2026-06-01T15:51:06] True Composer account total (all symphonies): $54,233.98
[2026-06-01T15:51:06] --- BLEE - 186 2026 ALL in One 57% Max-Down SGOV Bond (7GJZdYouz3l3acrmUPOD) ---
[2026-06-01T15:51:06]   WARN: symphony-stats-meta returned no positions for 7GJZdYouz3l3acrmUPOD (check 2026-06-01 JSON to verify the id matches one in the response)
[2026-06-01T15:51:06]   ERROR: no positions found for 7GJZdYouz3l3acrmUPOD; skipping CSV/HTML for this symphony
[2026-06-01T15:51:06] --- BLEE - 186 2026 ALL in One (jtQvlI5wINrxpOfxgmgl) ---
[2026-06-01T15:51:06]   WARN: symphony-stats-meta returned no positions for jtQvlI5wINrxpOfxgmgl (check 2026-06-01 JSON to verify the id matches one in the response)
[2026-06-01T15:51:06]   ERROR: no positions found for jtQvlI5wINrxpOfxgmgl; skipping CSV/HTML for this symphony
[2026-06-01T15:51:06] --- BLEE - 187 2026 SGOV Bond 20% Yield and Min Dual Reversal (qjmHJ3IR19kmaAlbgkNj) ---
[2026-06-01T15:51:06]   Got 4 positions from symphony-stats-meta
[2026-06-01T15:51:06]   RSI override: DISABLED (symphony handles its own rotation)
[2026-06-01T15:51:06]   Saved today's slice to composer_allocations_185_2026-06-01.json
[2026-06-01T15:51:06]   Updated stable file: composer_allocations_187.json
[2026-06-01T15:51:06]   Wrote 4 rows for 2026-06-01 to composer_allocations_185.csv (kept 75 prior rows, source=symphony-stats-meta)
[2026-06-01T15:51:06] Generated dashboard -> index2.html (value=$5,147.00, days=21)
[2026-06-01T15:51:06]   Prepended 2026-06-01 row to composer_allocations_185_3yr2.csv
[2026-06-01T15:51:06]   Prepended 2026-06-01 row to Algorithm185History.html ALLOC_DATA
[2026-06-01T15:51:06] --- BLEE - 185 2026 SGOV and Dual Reversal (ZGersOlsQFRHg7U2qnSw) ---
[2026-06-01T15:51:06]   Got 4 positions from symphony-stats-meta
[2026-06-01T15:51:06]   RSI override: DISABLED (symphony handles its own rotation)
[2026-06-01T15:51:06]   Saved today's slice to composer_allocations_185v2_2026-06-01.json
[2026-06-01T15:51:06]   Updated stable file: composer_allocations_185.json
[2026-06-01T15:51:06]   Wrote 4 rows for 2026-06-01 to composer_allocations_185v2.csv (kept 32 prior rows, source=symphony-stats-meta)
[2026-06-01T15:51:06] Generated dashboard -> index_185v2.html (value=$1,836.90, days=9)
[2026-06-01T15:51:06] --- BLEE A - 186 Part 1 Kei 90% NVDA (g7WBkfIc6UWUWC6NiAdu) ---
[2026-06-01T15:51:06]   Got 11 positions from symphony-stats-meta
[2026-06-01T15:51:06]   RSI override: DISABLED (symphony handles its own rotation)
[2026-06-01T15:51:06]   Saved today's slice to composer_allocations_kei186_2026-06-01.json
[2026-06-01T15:51:06]   Updated stable file: composer_allocations_kei186.json
[2026-06-01T15:51:06]   Wrote 11 rows for 2026-06-01 to composer_allocations_kei186.csv (kept 63 prior rows, source=symphony-stats-meta)
[2026-06-01T15:51:06] Generated dashboard -> index_kei186.html (value=$14,658.98, days=9)
[2026-06-01T15:51:06] --- BLEE - 187 2026 ALL in One For High Interest Period (iPifD8uTozTr0sbu9qiB) ---
[2026-06-01T15:51:06]   Got 14 positions from symphony-stats-meta
[2026-06-01T15:51:06]   RSI override: DISABLED (symphony handles its own rotation)
[2026-06-01T15:51:06]   Saved today's slice to composer_allocations_187hi_2026-06-01.json
[2026-06-01T15:51:06]   Updated stable file: composer_allocations_187hi.json
[2026-06-01T15:51:07]   Wrote 14 rows for 2026-06-01 to composer_allocations_187hi.csv (kept 93 prior rows, source=symphony-stats-meta)
[2026-06-01T15:51:07] Generated dashboard -> index_187hi.html (value=$32,591.10, days=9)
[2026-06-01T15:51:07] Published signal_latest.json (3 positions, date=2026-06-01)
[2026-06-01T15:51:07] Regenerated CurrentWatchSymphony.html (4 symphonies)
[2026-06-01T15:51:07] === Done ===
[2026-06-01T15:51:15] Stamped last-updated (06/01/2026 03:51 PM ET) into index.html
[2026-06-01T15:51:15] Stamped last-updated (06/01/2026 03:51 PM ET) into performance1.html
[2026-06-01T15:51:15] Stamped last-updated (06/01/2026 03:51 PM ET) into Algorithm185History.html
[2026-06-01T15:51:15] --- Pushing updates to GitHub ---
[2026-06-01T15:51:15]   $ git -C "C:\Kei\ComposerInvest" add .
[2026-06-01T15:51:16]   $ git -C "C:\Kei\ComposerInvest" commit -m "daily auto update 2026-06-01"
[2026-06-01T15:51:17]   $ git -C "C:\Kei\ComposerInvest" push
[2026-06-01T15:51:26] GitHub push successful.
[2026-06-01T15:53:01] market_report: === Market report generation started ===
[2026-06-01T15:53:01] market_report: Loaded 21 ETF points from Index_50_point.csv
[2026-06-01T15:53:01] market_report: Loaded 14 ETF allocations from composer_allocations_187hi.json (BLEE - 187 2026 ALL in One For High Interest Period)
[2026-06-01T15:53:07] market_report:   RSI-14 fetched: 78.87 (SPY close=758.375)
[2026-06-01T15:53:07] market_report:   RSI signal: Overbought — moderate bear lean (10d avg=72.19, adj=-10, new score=+7.28)
[2026-06-01T15:53:07] market_report:   RSI override condition met but DISABLED: Today RSI 78.9 > 76.0 AND 4 of last 10 days also exceeded 76.0 — override ACTIVE
[2026-06-01T15:53:07] market_report:   (no score adj, no banner — symphony handles rotation natively)
[2026-06-01T15:53:07] market_report: Composite score: +7.28 -> Mostly Cloudy
[2026-06-01T15:53:09] market_report:   RSS WSJ: 20 items fetched
[2026-06-01T15:53:09] market_report:   Selected [WSJ] topic=EQUITY: Stocks Sink in Broad AI Rout Sparked by China's DeepSeek
[2026-06-01T15:53:11] market_report:   RSS Yahoo Finance: 46 items fetched
[2026-06-01T15:53:11] market_report:   Selected [Yahoo Finance] topic=MACRO: A jobs report, more big chip earnings, and sticky inflation: What to w
[2026-06-01T15:53:14] market_report:   RSS fetch failed (Barron's): HTTP Error 403: Forbidden
[2026-06-01T15:53:14] market_report:   Barron's: RSS unavailable, using hardcoded fallback
[2026-06-01T15:53:14] market_report:   Selected [Barron's] topic=MACRO: Trade Winds: Tariff Developments Continue to Reshape Global Supply Cha
[2026-06-01T15:53:14] market_report: Fetched 3 news items
[2026-06-01T15:53:14] market_report: Updated marketDailySummary.html with score=+7.28 (Mostly Cloudy)
[2026-06-01T15:53:14] market_report: Stamped last-updated (06/01/2026 03:53 PM ET) into index.html
[2026-06-01T15:53:14] market_report: Stamped last-updated (06/01/2026 03:53 PM ET) into performance1.html
[2026-06-01T15:53:14] market_report: Stamped last-updated (06/01/2026 03:53 PM ET) into Algorithm185History.html
[2026-06-01T15:53:14] market_report: === Market report generation complete ===
[2026-06-01T19:58:02] market_report: === Market report generation started ===
[2026-06-01T19:58:02] market_report: Loaded 21 ETF points from Index_50_point.csv
[2026-06-01T19:58:02] market_report: FATAL: JSONDecodeError: Expecting ',' delimiter: line 75 column 24 (char 1695)
[2026-06-01T19:59:06] market_report: === Market report generation started ===
[2026-06-01T19:59:06] market_report: Loaded 21 ETF points from Index_50_point.csv
[2026-06-01T19:59:06] market_report: Loaded 13 ETF allocations from composer_allocations_187hi.json (BLEE - 187 2026 ALL in One For High Interest Period)
[2026-06-01T19:59:06] market_report:   RSI signal: Overbought — moderate bear lean (10d avg=72.17, adj=-10, new score=+7.28)
[2026-06-01T19:59:06] market_report:   RSI override condition met but DISABLED: Today RSI 78.9 > 76.0 AND 4 of last 10 days also exceeded 76.0 — override ACTIVE
[2026-06-01T19:59:06] market_report:   (no score adj, no banner — symphony handles rotation natively)
[2026-06-01T19:59:06] market_report: Composite score: +7.28 -> Mostly Cloudy
[2026-06-01T19:59:06] market_report:   RSS fetch failed (WSJ): <urlopen error Tunnel connection failed: 403 Forbidden>
[2026-06-01T19:59:06] market_report:   WSJ: RSS unavailable, using hardcoded fallback
[2026-06-01T19:59:06] market_report:   Selected [WSJ] topic=FED: Fed Signals Patience as Rate Path Stays Data-Dependent
[2026-06-01T19:59:06] market_report:   RSS fetch failed (Yahoo Finance): <urlopen error Tunnel connection failed: 403 Forbidden>
[2026-06-01T19:59:06] market_report:   Yahoo Finance: RSS unavailable, using hardcoded fallback
[2026-06-01T19:59:06] market_report:   Selected [Yahoo Finance] topic=EQUITY: S&P 500 Holds Near Highs as Investors Weigh Macro Crosscurrents
[2026-06-01T19:59:06] market_report:   RSS fetch failed (Barron's): <urlopen error Tunnel connection failed: 403 Forbidden>
[2026-06-01T19:59:06] market_report:   Barron's: RSS unavailable, using hardcoded fallback
[2026-06-01T19:59:06] market_report:   Selected [Barron's] topic=MACRO: Trade Winds: Tariff Developments Continue to Reshape Global Supply Cha
[2026-06-01T19:59:06] market_report: Fetched 3 news items
[2026-06-01T19:59:06] market_report: FATAL: RuntimeError: patch_html: marketDailySummary.html is already truncated before patch — aborting to avoid data loss
[2026-06-01T19:59:25] market_report: === Market report generation started ===
[2026-06-01T19:59:25] market_report: Loaded 21 ETF points from Index_50_point.csv
[2026-06-01T19:59:25] market_report: Loaded 13 ETF allocations from composer_allocations_187hi.json (BLEE - 187 2026 ALL in One For High Interest Period)
[2026-06-01T19:59:25] market_report:   RSI signal: Overbought — moderate bear lean (10d avg=72.17, adj=-10, new score=+7.28)
[2026-06-01T19:59:25] market_report:   RSI override condition met but DISABLED: Today RSI 78.9 > 76.0 AND 4 of last 10 days also exceeded 76.0 — override ACTIVE
[2026-06-01T19:59:25] market_report:   (no score adj, no banner — symphony handles rotation natively)
[2026-06-01T19:59:25] market_report: Composite score: +7.28 -> Mostly Cloudy
[2026-06-01T19:59:25] market_report:   RSS fetch failed (WSJ): <urlopen error Tunnel connection failed: 403 Forbidden>
[2026-06-01T19:59:25] market_report:   WSJ: RSS unavailable, using hardcoded fallback
[2026-06-01T19:59:25] market_report:   Selected [WSJ] topic=FED: Fed Signals Patience as Rate Path Stays Data-Dependent
[2026-06-01T19:59:25] market_report:   RSS fetch failed (Yahoo Finance): <urlopen error Tunnel connection failed: 403 Forbidden>
[2026-06-01T19:59:25] market_report:   Yahoo Finance: RSS unavailable, using hardcoded fallback
[2026-06-01T19:59:25] market_report:   Selected [Yahoo Finance] topic=EQUITY: S&P 500 Holds Near Highs as Investors Weigh Macro Crosscurrents
[2026-06-01T19:59:25] market_report:   RSS fetch failed (Barron's): <urlopen error Tunnel connection failed: 403 Forbidden>
[2026-06-01T19:59:25] market_report:   Barron's: RSS unavailable, using hardcoded fallback
[2026-06-01T19:59:25] market_report:   Selected [Barron's] topic=MACRO: Trade Winds: Tariff Developments Continue to Reshape Global Supply Cha
[2026-06-01T19:59:25] market_report: Fetched 3 news items
[2026-06-01T19:59:25] market_report: Updated marketDailySummary.html with score=+7.28 (Mostly Cloudy)
[2026-06-01T19:59:25] market_report: Stamped last-updated (06/01/2026 03:59 PM ET) into index.html
[2026-06-01T19:59:25] market_report: Stamped last-updated (06/01/2026 03:59 PM ET) into performance1.html
[2026-06-01T19:59:26] market_report: Stamped last-updated (06/01/2026 03:59 PM ET) into Algorithm185History.html
[2026-06-01T19:59:26] market_report: === Market report generation complete ===
[2026-06-02T15:51:00] archive: === Archive started ===
[2026-06-02T15:51:00] archive:   Archived -> marketForecast_2026-06-02.html
[2026-06-02T15:51:00] archive:   Archived -> dailySignal_2026-06-02.html
[2026-06-02T15:51:00] archive:   SKIP (not found): index_186main.html
[2026-06-02T15:51:01] archive:   Archived -> signal185_2026-06-02.html
[2026-06-02T15:51:01] archive:   Archived -> signalKei186_2026-06-02.html
[2026-06-02T15:51:01] archive:   Archived -> signal187hi_2026-06-02.html
[2026-06-02T15:51:01] archive: Rebuilt BackLog/index.html � 20 dates, 36 files
[2026-06-02T15:51:01] archive: === Archive complete ===
[2026-06-02T15:51:01] === Composer daily allocation pull ===
[2026-06-02T15:51:01] Configured symphonies: ['7GJZdYouz3l3acrmUPOD', 'jtQvlI5wINrxpOfxgmgl', 'qjmHJ3IR19kmaAlbgkNj', 'ZGersOlsQFRHg7U2qnSw', 'g7WBkfIc6UWUWC6NiAdu', 'iPifD8uTozTr0sbu9qiB']
[2026-06-02T15:51:01] No account_uuid in config; discovering via /accounts/list...
[2026-06-02T15:51:03] Using first account: b0d61a36-f329-4226-9d82-4494deaee5f5
[2026-06-02T15:51:03] (Tip: copy this account_uuid into composer_config.json to skip the lookup next run.)
[2026-06-02T15:51:03] Fetching per-symphony stats from /portfolio/.../symphony-stats-meta...
[2026-06-02T15:51:03] GET /api/v0.1/portfolio/accounts/b0d61a36-f329-4226-9d82-4494deaee5f5/symphony-stats-meta
[2026-06-02T15:51:04] Saved symphony-stats response to composer_symphony_stats_2026-06-02.json
[2026-06-02T15:51:04] True Composer account total (all symphonies): $54,377.28
[2026-06-02T15:51:04] --- BLEE - 186 2026 ALL in One 57% Max-Down SGOV Bond (7GJZdYouz3l3acrmUPOD) ---
[2026-06-02T15:51:04]   WARN: symphony-stats-meta returned no positions for 7GJZdYouz3l3acrmUPOD (check 2026-06-02 JSON to verify the id matches one in the response)
[2026-06-02T15:51:04]   ERROR: no positions found for 7GJZdYouz3l3acrmUPOD; skipping CSV/HTML for this symphony
[2026-06-02T15:51:04] --- BLEE - 186 2026 ALL in One (jtQvlI5wINrxpOfxgmgl) ---
[2026-06-02T15:51:04]   WARN: symphony-stats-meta returned no positions for jtQvlI5wINrxpOfxgmgl (check 2026-06-02 JSON to verify the id matches one in the response)
[2026-06-02T15:51:04]   ERROR: no positions found for jtQvlI5wINrxpOfxgmgl; skipping CSV/HTML for this symphony
[2026-06-02T15:51:04] --- BLEE - 187 2026 SGOV Bond 20% Yield and Min Dual Reversal (qjmHJ3IR19kmaAlbgkNj) ---
[2026-06-02T15:51:04]   Got 4 positions from symphony-stats-meta
[2026-06-02T15:51:04]   RSI override: DISABLED (symphony handles its own rotation)
[2026-06-02T15:51:04]   Saved today's slice to composer_allocations_185_2026-06-02.json
[2026-06-02T15:51:04]   Updated stable file: composer_allocations_187.json
[2026-06-02T15:51:04]   Wrote 4 rows for 2026-06-02 to composer_allocations_185.csv (kept 79 prior rows, source=symphony-stats-meta)
[2026-06-02T15:51:04] Generated dashboard -> index2.html (value=$1,147.49, days=22)
[2026-06-02T15:51:04]   Prepended 2026-06-02 row to composer_allocations_185_3yr2.csv
[2026-06-02T15:51:04]   Prepended 2026-06-02 row to Algorithm185History.html ALLOC_DATA
[2026-06-02T15:51:04] --- BLEE - 185 2026 SGOV and Dual Reversal (ZGersOlsQFRHg7U2qnSw) ---
[2026-06-02T15:51:04]   Got 4 positions from symphony-stats-meta
[2026-06-02T15:51:04]   RSI override: DISABLED (symphony handles its own rotation)
[2026-06-02T15:51:04]   Saved today's slice to composer_allocations_185v2_2026-06-02.json
[2026-06-02T15:51:04]   Updated stable file: composer_allocations_185.json
[2026-06-02T15:51:04]   Wrote 4 rows for 2026-06-02 to composer_allocations_185v2.csv (kept 36 prior rows, source=symphony-stats-meta)
[2026-06-02T15:51:04] Generated dashboard -> index_185v2.html (value=$5,859.17, days=10)
[2026-06-02T15:51:04] --- BLEE A - 186 Part 1 Kei 90% NVDA (g7WBkfIc6UWUWC6NiAdu) ---
[2026-06-02T15:51:04]   Got 11 positions from symphony-stats-meta
[2026-06-02T15:51:04]   RSI override: DISABLED (symphony handles its own rotation)
[2026-06-02T15:51:04]   Saved today's slice to composer_allocations_kei186_2026-06-02.json
[2026-06-02T15:51:04]   Updated stable file: composer_allocations_kei186.json
[2026-06-02T15:51:04]   Wrote 11 rows for 2026-06-02 to composer_allocations_kei186.csv (kept 74 prior rows, source=symphony-stats-meta)
[2026-06-02T15:51:04] Generated dashboard -> index_kei186.html (value=$14,738.88, days=10)
[2026-06-02T15:51:04] --- BLEE - 187 2026 ALL in One For High Interest Period (iPifD8uTozTr0sbu9qiB) ---
[2026-06-02T15:51:04]   Got 15 positions from symphony-stats-meta
[2026-06-02T15:51:04]   RSI override: DISABLED (symphony handles its own rotation)
[2026-06-02T15:51:04]   Saved today's slice to composer_allocations_187hi_2026-06-02.json
[2026-06-02T15:51:04]   Updated stable file: composer_allocations_187hi.json
[2026-06-02T15:51:04]   Wrote 15 rows for 2026-06-02 to composer_allocations_187hi.csv (kept 107 prior rows, source=symphony-stats-meta)
[2026-06-02T15:51:04] Generated dashboard -> index_187hi.html (value=$32,631.74, days=10)
[2026-06-02T15:51:05] Published signal_latest.json (3 positions, date=2026-06-02)
[2026-06-02T15:51:05] Regenerated CurrentWatchSymphony.html (4 symphonies)
[2026-06-02T15:51:05] === Done ===
[2026-06-02T15:51:13] Stamped last-updated (06/02/2026 03:51 PM ET) into index.html
[2026-06-02T15:51:14] Stamped last-updated (06/02/2026 03:51 PM ET) into performance1.html
[2026-06-02T15:51:14] Stamped last-updated (06/02/2026 03:51 PM ET) into Algorithm185History.html
[2026-06-02T15:51:14] --- Pushing updates to GitHub ---
[2026-06-02T15:51:14]   $ git -C "C:\Kei\ComposerInvest" add .
[2026-06-02T15:51:14]   $ git -C "C:\Kei\ComposerInvest" commit -m "daily auto update 2026-06-02"
[2026-06-02T15:51:15]   $ git -C "C:\Kei\ComposerInvest" push
[2026-06-02T15:51:21] GitHub push successful.
[2026-06-02T15:53:01] market_report: === Market report generation started ===
[2026-06-02T15:53:01] market_report: Loaded 21 ETF points from Index_50_point.csv
[2026-06-02T15:53:01] market_report: Loaded 15 ETF allocations from composer_allocations_187hi.json (BLEE - 187 2026 ALL in One For High Interest Period)
[2026-06-02T15:53:05] market_report:   RSI-14 fetched: 79.3 (SPY close=759.5905)
[2026-06-02T15:53:05] market_report:   RSI signal: Overbought — moderate bear lean (10d avg=73.31, adj=-10, new score=-2.68)
[2026-06-02T15:53:05] market_report:   RSI override condition met but DISABLED: Today RSI 79.3 > 76.0 AND 4 of last 10 days also exceeded 76.0 — override ACTIVE
[2026-06-02T15:53:05] market_report:   (no score adj, no banner — symphony handles rotation natively)
[2026-06-02T15:53:05] market_report: Composite score: -2.68 -> Rain in the Forecast
[2026-06-02T15:53:06] market_report:   RSS WSJ: 20 items fetched
[2026-06-02T15:53:06] market_report:   Selected [WSJ] topic=EQUITY: Stocks Sink in Broad AI Rout Sparked by China's DeepSeek
[2026-06-02T15:53:08] market_report:   RSS Yahoo Finance: 45 items fetched
[2026-06-02T15:53:08] market_report:   Selected [Yahoo Finance] topic=OTHER: PayPal CEO leans on AI chief
[2026-06-02T15:53:09] market_report:   RSS fetch failed (Barron's): HTTP Error 403: Forbidden
[2026-06-02T15:53:09] market_report:   Barron's: RSS unavailable, using hardcoded fallback
[2026-06-02T15:53:09] market_report:   Selected [Barron's] topic=MACRO: Trade Winds: Tariff Developments Continue to Reshape Global Supply Cha
[2026-06-02T15:53:09] market_report: Fetched 3 news items
[2026-06-02T15:53:09] market_report: Updated marketDailySummary.html with score=-2.68 (Rain in the Forecast)
[2026-06-02T15:53:09] market_report: Stamped last-updated (06/02/2026 03:53 PM ET) into index.html
[2026-06-02T15:53:09] market_report: Stamped last-updated (06/02/2026 03:53 PM ET) into performance1.html
[2026-06-02T15:53:09] market_report: Stamped last-updated (06/02/2026 03:53 PM ET) into Algorithm185History.html
[2026-06-02T15:53:09] market_report: === Market report generation complete ===
[2026-06-02T19:59:16] market_report: === Market report generation started ===
[2026-06-02T19:59:16] market_report: Loaded 21 ETF points from Index_50_point.csv
[2026-06-02T19:59:17] market_report: FATAL: JSONDecodeError: Unterminated string starting at: line 81 column 7 (char 1816)
[2026-06-02T20:00:01] market_report: === Market report generation started ===
[2026-06-02T20:00:01] market_report: Loaded 21 ETF points from Index_50_point.csv
[2026-06-02T20:00:01] market_report: Loaded 15 ETF allocations from composer_allocations_187hi.json (BLEE - 187 2026 ALL in One For High Interest Period)
[2026-06-02T20:00:01] market_report:   RSI signal: Overbought — moderate bear lean (10d avg=72.19, adj=-10, new score=-2.68)
[2026-06-02T20:00:01] market_report:   RSI override condition met but DISABLED: Today RSI 78.9 > 76.0 AND 4 of last 10 days also exceeded 76.0 — override ACTIVE
[2026-06-02T20:00:01] market_report:   (no score adj, no banner — symphony handles rotation natively)
[2026-06-02T20:00:01] market_report: Composite score: -2.68 -> Rain in the Forecast
[2026-06-02T20:00:01] market_report:   RSS fetch failed (WSJ): <urlopen error Tunnel connection failed: 403 Forbidden>
[2026-06-02T20:00:01] market_report:   WSJ: RSS unavailable, using hardcoded fallback
[2026-06-02T20:00:01] market_report:   Selected [WSJ] topic=FED: Fed Signals Patience as Rate Path Stays Data-Dependent
[2026-06-02T20:00:01] market_report:   RSS fetch failed (Yahoo Finance): <urlopen error Tunnel connection failed: 403 Forbidden>
[2026-06-02T20:00:01] market_report:   Yahoo Finance: RSS unavailable, using hardcoded fallback
[2026-06-02T20:00:01] market_report:   Selected [Yahoo Finance] topic=EQUITY: S&P 500 Holds Near Highs as Investors Weigh Macro Crosscurrents
[2026-06-02T20:00:01] market_report:   RSS fetch failed (Barron's): <urlopen error Tunnel connection failed: 403 Forbidden>
[2026-06-02T20:00:01] market_report:   Barron's: RSS unavailable, using hardcoded fallback
[2026-06-02T20:00:01] market_report:   Selected [Barron's] topic=MACRO: Trade Winds: Tariff Developments Continue to Reshape Global Supply Cha
[2026-06-02T20:00:01] market_report: Fetched 3 news items
[2026-06-02T20:00:01] market_report: FATAL: RuntimeError: patch_html: marketDailySummary.html is already truncated before patch — aborting to avoid data loss
[2026-06-02T20:01:28] market_report: === Market report generation started ===
[2026-06-02T20:01:28] market_report: Loaded 21 ETF points from Index_50_point.csv
[2026-06-02T20:01:28] market_report: Loaded 15 ETF allocations from composer_allocations_187hi.json (BLEE - 187 2026 ALL in One For High Interest Period)
[2026-06-02T20:01:28] market_report:   RSI signal: Overbought — moderate bear lean (10d avg=72.19, adj=-10, new score=-2.68)
[2026-06-02T20:01:28] market_report:   RSI override condition met but DISABLED: Today RSI 78.9 > 76.0 AND 4 of last 10 days also exceeded 76.0 — override ACTIVE
[2026-06-02T20:01:28] market_report:   (no score adj, no banner — symphony handles rotation natively)
[2026-06-02T20:01:28] market_report: Composite score: -2.68 -> Rain in the Forecast
[2026-06-02T20:01:28] market_report:   RSS fetch failed (WSJ): <urlopen error Tunnel connection failed: 403 Forbidden>
[2026-06-02T20:01:28] market_report:   WSJ: RSS unavailable, using hardcoded fallback
[2026-06-02T20:01:28] market_report:   Selected [WSJ] topic=FED: Fed Signals Patience as Rate Path Stays Data-Dependent
[2026-06-02T20:01:28] market_report:   RSS fetch failed (Yahoo Finance): <urlopen error Tunnel connection failed: 403 Forbidden>
[2026-06-02T20:01:28] market_report:   Yahoo Finance: RSS unavailable, using hardcoded fallback
[2026-06-02T20:01:28] market_report:   Selected [Yahoo Finance] topic=EQUITY: S&P 500 Holds Near Highs as Investors Weigh Macro Crosscurrents
[2026-06-02T20:01:28] market_report:   RSS fetch failed (Barron's): <urlopen error Tunnel connection failed: 403 Forbidden>
[2026-06-02T20:01:28] market_report:   Barron's: RSS unavailable, using hardcoded fallback
[2026-06-02T20:01:28] market_report:   Selected [Barron's] topic=MACRO: Trade Winds: Tariff Developments Continue to Reshape Global Supply Cha
[2026-06-02T20:01:28] market_report: Fetched 3 news items
[2026-06-02T20:01:28] market_report: Updated marketDailySummary.html with score=-2.68 (Rain in the Forecast)
[2026-06-02T20:01:28] market_report:   (stamp failed for index.html: 'utf-8' codec can't decode byte 0xe9 in position 102433: unexpected end of data)
[2026-06-02T20:01:28] market_report: Stamped last-updated (06/02/2026 04:01 PM ET) into performance1.html
[2026-06-02T20:01:29] market_report: Stamped last-updated (06/02/2026 04:01 PM ET) into Algorithm185History.html
[2026-06-02T20:01:29] market_report: === Market report generation complete ===
[2026-06-03T15:51:00] archive: === Archive started ===
[2026-06-03T15:51:00] archive:   Archived -> marketForecast_2026-06-03.html
[2026-06-03T15:51:00] archive:   Archived -> dailySignal_2026-06-03.html
[2026-06-03T15:51:00] archive:   SKIP (not found): index_186main.html
[2026-06-03T15:51:01] archive:   Archived -> signal185_2026-06-03.html
[2026-06-03T15:51:01] archive:   Archived -> signalKei186_2026-06-03.html
[2026-06-03T15:51:01] archive:   Archived -> signal187hi_2026-06-03.html
[2026-06-03T15:51:01] archive: Rebuilt BackLog/index.html � 21 dates, 38 files
[2026-06-03T15:51:01] archive: === Archive complete ===
[2026-06-03T15:51:02] === Composer daily allocation pull ===
[2026-06-03T15:51:02] Configured symphonies: ['7GJZdYouz3l3acrmUPOD', 'jtQvlI5wINrxpOfxgmgl', 'qjmHJ3IR19kmaAlbgkNj', 'ZGersOlsQFRHg7U2qnSw', 'g7WBkfIc6UWUWC6NiAdu', 'iPifD8uTozTr0sbu9qiB']
[2026-06-03T15:51:02] No account_uuid in config; discovering via /accounts/list...
[2026-06-03T15:51:03] Using first account: b0d61a36-f329-4226-9d82-4494deaee5f5
[2026-06-03T15:51:03] (Tip: copy this account_uuid into composer_config.json to skip the lookup next run.)
[2026-06-03T15:51:03] Fetching per-symphony stats from /portfolio/.../symphony-stats-meta...
[2026-06-03T15:51:03] GET /api/v0.1/portfolio/accounts/b0d61a36-f329-4226-9d82-4494deaee5f5/symphony-stats-meta
[2026-06-03T15:51:04] Saved symphony-stats response to composer_symphony_stats_2026-06-03.json
[2026-06-03T15:51:04] True Composer account total (all symphonies): $54,369.01
[2026-06-03T15:51:04] --- BLEE - 186 2026 ALL in One 57% Max-Down SGOV Bond (7GJZdYouz3l3acrmUPOD) ---
[2026-06-03T15:51:04]   WARN: symphony-stats-meta returned no positions for 7GJZdYouz3l3acrmUPOD (check 2026-06-03 JSON to verify the id matches one in the response)
[2026-06-03T15:51:04]   ERROR: no positions found for 7GJZdYouz3l3acrmUPOD; skipping CSV/HTML for this symphony
[2026-06-03T15:51:04] --- BLEE - 186 2026 ALL in One (jtQvlI5wINrxpOfxgmgl) ---
[2026-06-03T15:51:04]   WARN: symphony-stats-meta returned no positions for jtQvlI5wINrxpOfxgmgl (check 2026-06-03 JSON to verify the id matches one in the response)
[2026-06-03T15:51:04]   ERROR: no positions found for jtQvlI5wINrxpOfxgmgl; skipping CSV/HTML for this symphony
[2026-06-03T15:51:04] --- BLEE - 187 2026 SGOV Bond 20% Yield and Min Dual Reversal (qjmHJ3IR19kmaAlbgkNj) ---
[2026-06-03T15:51:04]   Got 4 positions from symphony-stats-meta
[2026-06-03T15:51:04]   RSI override: DISABLED (symphony handles its own rotation)
[2026-06-03T15:51:04]   Saved today's slice to composer_allocations_185_2026-06-03.json
[2026-06-03T15:51:04]   Updated stable file: composer_allocations_187.json
[2026-06-03T15:51:04]   Wrote 4 rows for 2026-06-03 to composer_allocations_185.csv (kept 83 prior rows, source=symphony-stats-meta)
[2026-06-03T15:51:04] Generated dashboard -> index2.html (value=$1,146.64, days=23)
[2026-06-03T15:51:04]   Prepended 2026-06-03 row to composer_allocations_185_3yr2.csv
[2026-06-03T15:51:04]   Prepended 2026-06-03 row to Algorithm185History.html ALLOC_DATA
[2026-06-03T15:51:04] --- BLEE - 185 2026 SGOV and Dual Reversal (ZGersOlsQFRHg7U2qnSw) ---
[2026-06-03T15:51:04]   Got 4 positions from symphony-stats-meta
[2026-06-03T15:51:04]   RSI override: DISABLED (symphony handles its own rotation)
[2026-06-03T15:51:04]   Saved today's slice to composer_allocations_185v2_2026-06-03.json
[2026-06-03T15:51:04]   Updated stable file: composer_allocations_185.json
[2026-06-03T15:51:04]   Wrote 4 rows for 2026-06-03 to composer_allocations_185v2.csv (kept 40 prior rows, source=symphony-stats-meta)
[2026-06-03T15:51:04] Generated dashboard -> index_185v2.html (value=$10,434.02, days=11)
[2026-06-03T15:51:04] --- BLEE A - 186 Part 1 Kei 90% NVDA (g7WBkfIc6UWUWC6NiAdu) ---
[2026-06-03T15:51:04]   Got 11 positions from symphony-stats-meta
[2026-06-03T15:51:04]   RSI override: DISABLED (symphony handles its own rotation)
[2026-06-03T15:51:04]   Saved today's slice to composer_allocations_kei186_2026-06-03.json
[2026-06-03T15:51:05]   Updated stable file: composer_allocations_kei186.json
[2026-06-03T15:51:05]   Wrote 11 rows for 2026-06-03 to composer_allocations_kei186.csv (kept 85 prior rows, source=symphony-stats-meta)
[2026-06-03T15:51:05] Generated dashboard -> index_kei186.html (value=$10,150.19, days=11)
[2026-06-03T15:51:05] --- BLEE - 187 2026 ALL in One For High Interest Period (iPifD8uTozTr0sbu9qiB) ---
[2026-06-03T15:51:05]   Got 15 positions from symphony-stats-meta
[2026-06-03T15:51:05]   RSI override: DISABLED (symphony handles its own rotation)
[2026-06-03T15:51:05]   Saved today's slice to composer_allocations_187hi_2026-06-03.json
[2026-06-03T15:51:05]   Updated stable file: composer_allocations_187hi.json
[2026-06-03T15:51:05]   Wrote 15 rows for 2026-06-03 to composer_allocations_187hi.csv (kept 122 prior rows, source=symphony-stats-meta)
[2026-06-03T15:51:05] Generated dashboard -> index_187hi.html (value=$32,638.16, days=11)
[2026-06-03T15:51:05] Published signal_latest.json (3 positions, date=2026-06-03)
[2026-06-03T15:51:05] Regenerated CurrentWatchSymphony.html (4 symphonies)
[2026-06-03T15:51:05] === Done ===
[2026-06-03T15:51:13] Stamped last-updated (06/03/2026 03:51 PM ET) into index.html
[2026-06-03T15:51:13] Stamped last-updated (06/03/2026 03:51 PM ET) into performance1.html
[2026-06-03T15:51:13] Stamped last-updated (06/03/2026 03:51 PM ET) into Algorithm185History.html
[2026-06-03T15:51:13] --- Pushing updates to GitHub ---
[2026-06-03T15:51:13]   $ git -C "C:\Kei\ComposerInvest" add .
[2026-06-03T15:51:14]   $ git -C "C:\Kei\ComposerInvest" commit -m "daily auto update 2026-06-03"
[2026-06-03T15:51:17]   $ git -C "C:\Kei\ComposerInvest" push
[2026-06-03T15:51:24] GitHub push successful.
[2026-06-03T15:53:01] market_report: === Market report generation started ===
[2026-06-03T15:53:01] market_report: Loaded 21 ETF points from Index_50_point.csv
[2026-06-03T15:53:01] market_report: Loaded 15 ETF allocations from composer_allocations_187hi.json (BLEE - 187 2026 ALL in One For High Interest Period)
[2026-06-03T15:53:05] market_report:   RSI-14 fetched: 71.72 (SPY close=754.62)
[2026-06-03T15:53:05] market_report:   RSI signal: Overbought — moderate bear lean (10d avg=73.73, adj=-10, new score=-16.00)
[2026-06-03T15:53:05] market_report:   RSI override not triggered: Today RSI 71.7 ≤ 76.0 — override not triggered
[2026-06-03T15:53:05] market_report: Composite score: -16.00 -> Rain in the Forecast
[2026-06-03T15:53:06] market_report:   RSS WSJ: 20 items fetched
[2026-06-03T15:53:06] market_report:   Selected [WSJ] topic=EQUITY: Stocks Sink in Broad AI Rout Sparked by China's DeepSeek
[2026-06-03T15:53:07] market_report:   RSS Yahoo Finance: 42 items fetched
[2026-06-03T15:53:07] market_report:   Selected [Yahoo Finance] topic=OTHER: Global fashion retailer closing all stores after 33 years
[2026-06-03T15:53:09] market_report:   RSS fetch failed (Barron's): HTTP Error 403: Forbidden
[2026-06-03T15:53:09] market_report:   Barron's: RSS unavailable, using hardcoded fallback
[2026-06-03T15:53:09] market_report:   Selected [Barron's] topic=MACRO: Trade Winds: Tariff Developments Continue to Reshape Global Supply Cha
[2026-06-03T15:53:09] market_report: Fetched 3 news items
[2026-06-03T15:53:09] market_report: Updated marketDailySummary.html with score=-16.00 (Rain in the Forecast)
[2026-06-03T15:53:09] market_report: Stamped last-updated (06/03/2026 03:53 PM ET) into index.html
[2026-06-03T15:53:09] market_report: Stamped last-updated (06/03/2026 03:53 PM ET) into performance1.html
[2026-06-03T15:53:09] market_report: Stamped last-updated (06/03/2026 03:53 PM ET) into Algorithm185History.html
[2026-06-03T15:53:09] market_report: === Market report generation complete ===
[2026-06-03T19:57:56] market_report: === Market report generation started ===
[2026-06-03T19:57:56] market_report: Loaded 21 ETF points from Index_50_point.csv
[2026-06-03T19:57:56] market_report: Loaded 15 ETF allocations from composer_allocations_187hi.json (BLEE - 187 2026 ALL in One For High Interest Period)
[2026-06-03T19:57:56] market_report:   RSI signal: Overbought — moderate bear lean (10d avg=72.19, adj=-10, new score=-16.00)
[2026-06-03T19:57:56] market_report:   RSI override condition met but DISABLED: Today RSI 78.9 > 76.0 AND 4 of last 10 days also exceeded 76.0 — override ACTIVE
[2026-06-03T19:57:56] market_report:   (no score adj, no banner — symphony handles rotation natively)
[2026-06-03T19:57:56] market_report: Composite score: -16.00 -> Rain in the Forecast
[2026-06-03T19:57:56] market_report:   RSS fetch failed (WSJ): <urlopen error Tunnel connection failed: 403 Forbidden>
[2026-06-03T19:57:56] market_report:   WSJ: RSS unavailable, using hardcoded fallback
[2026-06-03T19:57:56] market_report:   Selected [WSJ] topic=FED: Fed Signals Patience as Rate Path Stays Data-Dependent
[2026-06-03T19:57:56] market_report:   RSS fetch failed (Yahoo Finance): <urlopen error Tunnel connection failed: 403 Forbidden>
[2026-06-03T19:57:56] market_report:   Yahoo Finance: RSS unavailable, using hardcoded fallback
[2026-06-03T19:57:56] market_report:   Selected [Yahoo Finance] topic=EQUITY: S&P 500 Holds Near Highs as Investors Weigh Macro Crosscurrents
[2026-06-03T19:57:56] market_report:   RSS fetch failed (Barron's): <urlopen error Tunnel connection failed: 403 Forbidden>
[2026-06-03T19:57:56] market_report:   Barron's: RSS unavailable, using hardcoded fallback
[2026-06-03T19:57:56] market_report:   Selected [Barron's] topic=MACRO: Trade Winds: Tariff Developments Continue to Reshape Global Supply Cha
[2026-06-03T19:57:56] market_report: Fetched 3 news items
[2026-06-03T19:57:56] market_report: FATAL: RuntimeError: patch_html: marketDailySummary.html is already truncated before patch — aborting to avoid data loss
[2026-06-03T19:58:36] market_report: === Market report generation started ===
[2026-06-03T19:58:36] market_report: Loaded 21 ETF points from Index_50_point.csv
[2026-06-03T19:58:36] market_report: Loaded 15 ETF allocations from composer_allocations_187hi.json (BLEE - 187 2026 ALL in One For High Interest Period)
[2026-06-03T19:58:36] market_report:   RSI signal: Overbought — moderate bear lean (10d avg=72.19, adj=-10, new score=-16.00)
[2026-06-03T19:58:36] market_report:   RSI override condition met but DISABLED: Today RSI 78.9 > 76.0 AND 4 of last 10 days also exceeded 76.0 — override ACTIVE
[2026-06-03T19:58:36] market_report:   (no score adj, no banner — symphony handles rotation natively)
[2026-06-03T19:58:36] market_report: Composite score: -16.00 -> Rain in the Forecast
[2026-06-03T19:58:36] market_report:   RSS fetch failed (WSJ): <urlopen error Tunnel connection failed: 403 Forbidden>
[2026-06-03T19:58:37] market_report:   WSJ: RSS unavailable, using hardcoded fallback
[2026-06-03T19:58:37] market_report:   Selected [WSJ] topic=FED: Fed Signals Patience as Rate Path Stays Data-Dependent
[2026-06-03T19:58:37] market_report:   RSS fetch failed (Yahoo Finance): <urlopen error Tunnel connection failed: 403 Forbidden>
[2026-06-03T19:58:37] market_report:   Yahoo Finance: RSS unavailable, using hardcoded fallback
[2026-06-03T19:58:37] market_report:   Selected [Yahoo Finance] topic=EQUITY: S&P 500 Holds Near Highs as Investors Weigh Macro Crosscurrents
[2026-06-03T19:58:37] market_report:   RSS fetch failed (Barron's): <urlopen error Tunnel connection failed: 403 Forbidden>
[2026-06-03T19:58:37] market_report:   Barron's: RSS unavailable, using hardcoded fallback
[2026-06-03T19:58:37] market_report:   Selected [Barron's] topic=MACRO: Trade Winds: Tariff Developments Continue to Reshape Global Supply Cha
[2026-06-03T19:58:37] market_report: Fetched 3 news items
[2026-06-03T19:58:37] market_report: Updated marketDailySummary.html with score=-16.00 (Rain in the Forecast)
[2026-06-03T19:58:37] market_report:   (stamp failed for index.html: 'utf-8' codec can't decode byte 0xe9 in position 102433: unexpected end of data)
[2026-06-03T19:58:37] market_report: Stamped last-updated (06/03/2026 03:58 PM ET) into performance1.html
[2026-06-03T19:58:37] market_report: Stamped last-updated (06/03/2026 03:58 PM ET) into Algorithm185History.html
[2026-06-03T19:58:37] market_report: === Market report generation complete ===
[2026-06-04T15:51:00] archive: === Archive started ===
[2026-06-04T15:51:01] archive:   Archived -> marketForecast_2026-06-04.html
[2026-06-04T15:51:01] archive:   Archived -> dailySignal_2026-06-04.html
[2026-06-04T15:51:01] archive:   SKIP (not found): index_186main.html
[2026-06-04T15:51:01] archive:   Archived -> signal185_2026-06-04.html
[2026-06-04T15:51:01] archive:   Archived -> signalKei186_2026-06-04.html
[2026-06-04T15:51:01] archive:   Archived -> signal187hi_2026-06-04.html
[2026-06-04T15:51:01] archive: Rebuilt BackLog/index.html � 22 dates, 40 files
[2026-06-04T15:51:01] archive: === Archive complete ===
[2026-06-04T15:51:02] === Composer daily allocation pull ===
[2026-06-04T15:51:02] Configured symphonies: ['7GJZdYouz3l3acrmUPOD', 'jtQvlI5wINrxpOfxgmgl', 'qjmHJ3IR19kmaAlbgkNj', 'ZGersOlsQFRHg7U2qnSw', 'g7WBkfIc6UWUWC6NiAdu', 'iPifD8uTozTr0sbu9qiB']
[2026-06-04T15:51:02] No account_uuid in config; discovering via /accounts/list...
[2026-06-04T15:51:03] Using first account: b0d61a36-f329-4226-9d82-4494deaee5f5
[2026-06-04T15:51:03] (Tip: copy this account_uuid into composer_config.json to skip the lookup next run.)
[2026-06-04T15:51:03] Fetching per-symphony stats from /portfolio/.../symphony-stats-meta...
[2026-06-04T15:51:03] GET /api/v0.1/portfolio/accounts/b0d61a36-f329-4226-9d82-4494deaee5f5/symphony-stats-meta
[2026-06-04T15:51:04] Saved symphony-stats response to composer_symphony_stats_2026-06-04.json
[2026-06-04T15:51:04] True Composer account total (all symphonies): $54,237.77
[2026-06-04T15:51:04] --- BLEE - 186 2026 ALL in One 57% Max-Down SGOV Bond (7GJZdYouz3l3acrmUPOD) ---
[2026-06-04T15:51:04]   WARN: symphony-stats-meta returned no positions for 7GJZdYouz3l3acrmUPOD (check 2026-06-04 JSON to verify the id matches one in the response)
[2026-06-04T15:51:04]   ERROR: no positions found for 7GJZdYouz3l3acrmUPOD; skipping CSV/HTML for this symphony
[2026-06-04T15:51:04] --- BLEE - 186 2026 ALL in One (jtQvlI5wINrxpOfxgmgl) ---
[2026-06-04T15:51:04]   WARN: symphony-stats-meta returned no positions for jtQvlI5wINrxpOfxgmgl (check 2026-06-04 JSON to verify the id matches one in the response)
[2026-06-04T15:51:04]   ERROR: no positions found for jtQvlI5wINrxpOfxgmgl; skipping CSV/HTML for this symphony
[2026-06-04T15:51:04] --- BLEE - 187 2026 SGOV Bond 20% Yield and Min Dual Reversal (qjmHJ3IR19kmaAlbgkNj) ---
[2026-06-04T15:51:04]   Got 4 positions from symphony-stats-meta
[2026-06-04T15:51:04]   RSI override: DISABLED (symphony handles its own rotation)
[2026-06-04T15:51:04]   Saved today's slice to composer_allocations_185_2026-06-04.json
[2026-06-04T15:51:04]   Updated stable file: composer_allocations_187.json
[2026-06-04T15:51:04]   Wrote 4 rows for 2026-06-04 to composer_allocations_185.csv (kept 87 prior rows, source=symphony-stats-meta)
[2026-06-04T15:51:04] Generated dashboard -> index2.html (value=$1,155.83, days=24)
[2026-06-04T15:51:04]   Prepended 2026-06-04 row to composer_allocations_185_3yr2.csv
[2026-06-04T15:51:05]   Prepended 2026-06-04 row to Algorithm185History.html ALLOC_DATA
[2026-06-04T15:51:05] --- BLEE - 185 2026 SGOV and Dual Reversal (ZGersOlsQFRHg7U2qnSw) ---
[2026-06-04T15:51:05]   Got 4 positions from symphony-stats-meta
[2026-06-04T15:51:05]   RSI override: DISABLED (symphony handles its own rotation)
[2026-06-04T15:51:05]   Saved today's slice to composer_allocations_185v2_2026-06-04.json
[2026-06-04T15:51:05]   Updated stable file: composer_allocations_185.json
[2026-06-04T15:51:05]   Wrote 4 rows for 2026-06-04 to composer_allocations_185v2.csv (kept 44 prior rows, source=symphony-stats-meta)
[2026-06-04T15:51:05] Generated dashboard -> index_185v2.html (value=$10,395.60, days=12)
[2026-06-04T15:51:05] --- BLEE A - 186 Part 1 Kei 90% NVDA (g7WBkfIc6UWUWC6NiAdu) ---
[2026-06-04T15:51:05]   Got 12 positions from symphony-stats-meta
[2026-06-04T15:51:05]   RSI override: DISABLED (symphony handles its own rotation)
[2026-06-04T15:51:05]   Saved today's slice to composer_allocations_kei186_2026-06-04.json
[2026-06-04T15:51:05]   Updated stable file: composer_allocations_kei186.json
[2026-06-04T15:51:05]   Wrote 12 rows for 2026-06-04 to composer_allocations_kei186.csv (kept 96 prior rows, source=symphony-stats-meta)
[2026-06-04T15:51:05] Generated dashboard -> index_kei186.html (value=$10,069.68, days=12)
[2026-06-04T15:51:05] --- BLEE - 187 2026 ALL in One For High Interest Period (iPifD8uTozTr0sbu9qiB) ---
[2026-06-04T15:51:05]   Got 16 positions from symphony-stats-meta
[2026-06-04T15:51:05]   RSI override: DISABLED (symphony handles its own rotation)
[2026-06-04T15:51:05]   Saved today's slice to composer_allocations_187hi_2026-06-04.json
[2026-06-04T15:51:05]   Updated stable file: composer_allocations_187hi.json
[2026-06-04T15:51:05]   Wrote 16 rows for 2026-06-04 to composer_allocations_187hi.csv (kept 137 prior rows, source=symphony-stats-meta)
[2026-06-04T15:51:05] Generated dashboard -> index_187hi.html (value=$32,616.66, days=12)
[2026-06-04T15:51:05] Published signal_latest.json (3 positions, date=2026-06-04)
[2026-06-04T15:51:05] Regenerated CurrentWatchSymphony.html (4 symphonies)
[2026-06-04T15:51:05] === Done ===
[2026-06-04T15:51:13] Stamped last-updated (06/04/2026 03:51 PM ET) into index.html
[2026-06-04T15:51:13] Stamped last-updated (06/04/2026 03:51 PM ET) into performance1.html
[2026-06-04T15:51:14] Stamped last-updated (06/04/2026 03:51 PM ET) into Algorithm185History.html
[2026-06-04T15:51:14] --- Pushing updates to GitHub ---
[2026-06-04T15:51:14]   $ git -C "C:\Kei\ComposerInvest" add .
[2026-06-04T15:51:15]   $ git -C "C:\Kei\ComposerInvest" commit -m "daily auto update 2026-06-04"
[2026-06-04T15:51:15]   $ git -C "C:\Kei\ComposerInvest" push
[2026-06-04T15:51:22] GitHub push successful.
[2026-06-04T15:53:01] market_report: === Market report generation started ===
[2026-06-04T15:53:01] market_report: Loaded 21 ETF points from Index_50_point.csv
[2026-06-04T15:53:01] market_report: Loaded 16 ETF allocations from composer_allocations_187hi.json (BLEE - 187 2026 ALL in One For High Interest Period)
[2026-06-04T15:53:07] market_report:   RSI-14 fetched: 73.05 (SPY close=757.58)
[2026-06-04T15:53:07] market_report:   RSI signal: Overbought — moderate bear lean (10d avg=74.82, adj=-10, new score=-1.68)
[2026-06-04T15:53:07] market_report:   RSI override not triggered: Today RSI 73.0 ≤ 76.0 — override not triggered
[2026-06-04T15:53:07] market_report: Composite score: -1.68 -> Rain in the Forecast
[2026-06-04T15:53:08] market_report:   RSS WSJ: 20 items fetched
[2026-06-04T15:53:08] market_report:   Selected [WSJ] topic=EQUITY: Stocks Sink in Broad AI Rout Sparked by China's DeepSeek
[2026-06-04T15:53:09] market_report:   RSS Yahoo Finance: 46 items fetched
[2026-06-04T15:53:09] market_report:   Selected [Yahoo Finance] topic=OTHER: 69-year-old furniture store chain files for Chapter 11 bankruptcy
[2026-06-04T15:53:11] market_report:   RSS fetch failed (Barron's): HTTP Error 403: Forbidden
[2026-06-04T15:53:11] market_report:   Barron's: RSS unavailable, using hardcoded fallback
[2026-06-04T15:53:11] market_report:   Selected [Barron's] topic=MACRO: Trade Winds: Tariff Developments Continue to Reshape Global Supply Cha
[2026-06-04T15:53:11] market_report: Fetched 3 news items
[2026-06-04T15:53:11] market_report: Updated marketDailySummary.html with score=-1.68 (Rain in the Forecast)
[2026-06-04T15:53:11] market_report: Stamped last-updated (06/04/2026 03:53 PM ET) into index.html
[2026-06-04T15:53:11] market_report: Stamped last-updated (06/04/2026 03:53 PM ET) into performance1.html
[2026-06-04T15:53:11] market_report: Stamped last-updated (06/04/2026 03:53 PM ET) into Algorithm185History.html
[2026-06-04T15:53:11] market_report: === Market report generation complete ===
[2026-06-05T15:51:00] archive: === Archive started ===
[2026-06-05T15:51:01] archive:   Archived -> marketForecast_2026-06-05.html
[2026-06-05T15:51:01] archive:   Archived -> dailySignal_2026-06-05.html
[2026-06-05T15:51:01] archive:   SKIP (not found): index_186main.html
[2026-06-05T15:51:01] archive:   Archived -> signal185_2026-06-05.html
[2026-06-05T15:51:01] archive:   Archived -> signalKei186_2026-06-05.html
[2026-06-05T15:51:01] archive:   Archived -> signal187hi_2026-06-05.html
[2026-06-05T15:51:01] archive: Rebuilt BackLog/index.html � 23 dates, 42 files
[2026-06-05T15:51:01] archive: === Archive complete ===
[2026-06-05T15:51:02] === Composer daily allocation pull ===
[2026-06-05T15:51:02] Configured symphonies: ['7GJZdYouz3l3acrmUPOD', 'jtQvlI5wINrxpOfxgmgl', 'qjmHJ3IR19kmaAlbgkNj', 'ZGersOlsQFRHg7U2qnSw', 'g7WBkfIc6UWUWC6NiAdu', 'iPifD8uTozTr0sbu9qiB']
[2026-06-05T15:51:02] No account_uuid in config; discovering via /accounts/list...
[2026-06-05T15:51:03] Using first account: b0d61a36-f329-4226-9d82-4494deaee5f5
[2026-06-05T15:51:03] (Tip: copy this account_uuid into composer_config.json to skip the lookup next run.)
[2026-06-05T15:51:03] Fetching per-symphony stats from /portfolio/.../symphony-stats-meta...
[2026-06-05T15:51:03] GET /api/v0.1/portfolio/accounts/b0d61a36-f329-4226-9d82-4494deaee5f5/symphony-stats-meta
[2026-06-05T15:51:04] Saved symphony-stats response to composer_symphony_stats_2026-06-05.json
[2026-06-05T15:51:04] True Composer account total (all symphonies): $21,176.72
[2026-06-05T15:51:04] --- BLEE - 186 2026 ALL in One 57% Max-Down SGOV Bond (7GJZdYouz3l3acrmUPOD) ---
[2026-06-05T15:51:04]   WARN: symphony-stats-meta returned no positions for 7GJZdYouz3l3acrmUPOD (check 2026-06-05 JSON to verify the id matches one in the response)
[2026-06-05T15:51:04]   ERROR: no positions found for 7GJZdYouz3l3acrmUPOD; skipping CSV/HTML for this symphony
[2026-06-05T15:51:04] --- BLEE - 186 2026 ALL in One (jtQvlI5wINrxpOfxgmgl) ---
[2026-06-05T15:51:04]   WARN: symphony-stats-meta returned no positions for jtQvlI5wINrxpOfxgmgl (check 2026-06-05 JSON to verify the id matches one in the response)
[2026-06-05T15:51:04]   ERROR: no positions found for jtQvlI5wINrxpOfxgmgl; skipping CSV/HTML for this symphony
[2026-06-05T15:51:04] --- BLEE - 187 2026 SGOV Bond 20% Yield and Min Dual Reversal (qjmHJ3IR19kmaAlbgkNj) ---
[2026-06-05T15:51:04]   Got 4 positions from symphony-stats-meta
[2026-06-05T15:51:04]   RSI override: DISABLED (symphony handles its own rotation)
[2026-06-05T15:51:04]   Saved today's slice to composer_allocations_185_2026-06-05.json
[2026-06-05T15:51:04]   Updated stable file: composer_allocations_187.json
[2026-06-05T15:51:04]   Wrote 4 rows for 2026-06-05 to composer_allocations_185.csv (kept 91 prior rows, source=symphony-stats-meta)
[2026-06-05T15:51:04] Generated dashboard -> index2.html (value=$6,073.31, days=25)
[2026-06-05T15:51:04]   Prepended 2026-06-05 row to composer_allocations_185_3yr2.csv
[2026-06-05T15:51:05]   Prepended 2026-06-05 row to Algorithm185History.html ALLOC_DATA
[2026-06-05T15:51:05] --- BLEE - 185 2026 SGOV and Dual Reversal (ZGersOlsQFRHg7U2qnSw) ---
[2026-06-05T15:51:05]   Got 4 positions from symphony-stats-meta
[2026-06-05T15:51:05]   RSI override: DISABLED (symphony handles its own rotation)
[2026-06-05T15:51:05]   Saved today's slice to composer_allocations_185v2_2026-06-05.json
[2026-06-05T15:51:05]   Updated stable file: composer_allocations_185.json
[2026-06-05T15:51:05]   Wrote 4 rows for 2026-06-05 to composer_allocations_185v2.csv (kept 48 prior rows, source=symphony-stats-meta)
[2026-06-05T15:51:05] Generated dashboard -> index_185v2.html (value=$5,308.57, days=13)
[2026-06-05T15:51:05] --- BLEE A - 186 Part 1 Kei 90% NVDA (g7WBkfIc6UWUWC6NiAdu) ---
[2026-06-05T15:51:05]   Got 11 positions from symphony-stats-meta
[2026-06-05T15:51:05]   RSI override: DISABLED (symphony handles its own rotation)
[2026-06-05T15:51:05]   Saved today's slice to composer_allocations_kei186_2026-06-05.json
[2026-06-05T15:51:05]   Updated stable file: composer_allocations_kei186.json
[2026-06-05T15:51:05]   Wrote 11 rows for 2026-06-05 to composer_allocations_kei186.csv (kept 108 prior rows, source=symphony-stats-meta)
[2026-06-05T15:51:05] Generated dashboard -> index_kei186.html (value=$9,794.84, days=13)
[2026-06-05T15:51:05] --- BLEE - 187 2026 ALL in One For High Interest Period (iPifD8uTozTr0sbu9qiB) ---
[2026-06-05T15:51:05]   WARN: symphony-stats-meta returned no positions for iPifD8uTozTr0sbu9qiB (check 2026-06-05 JSON to verify the id matches one in the response)
[2026-06-05T15:51:05]   ERROR: no positions found for iPifD8uTozTr0sbu9qiB; skipping CSV/HTML for this symphony
[2026-06-05T15:51:05] Published signal_latest.json (3 positions, date=2026-06-05)
[2026-06-05T15:51:05] Regenerated CurrentWatchSymphony.html (3 symphonies)
[2026-06-05T15:51:05] === Done ===
[2026-06-05T15:51:13] Stamped last-updated (06/05/2026 03:51 PM ET) into index.html
[2026-06-05T15:51:13] Stamped last-updated (06/05/2026 03:51 PM ET) into performance1.html
[2026-06-05T15:51:13] Stamped last-updated (06/05/2026 03:51 PM ET) into Algorithm185History.html
[2026-06-05T15:51:13] --- Pushing updates to GitHub ---
[2026-06-05T15:51:13]   $ git -C "C:\Kei\ComposerInvest" add .
[2026-06-05T15:51:14]   $ git -C "C:\Kei\ComposerInvest" commit -m "daily auto update 2026-06-05"
[2026-06-05T15:51:15]   $ git -C "C:\Kei\ComposerInvest" push
[2026-06-05T15:51:21] GitHub push successful.
[2026-06-05T15:53:01] market_report: === Market report generation started ===
[2026-06-05T15:53:01] market_report: Loaded 21 ETF points from Index_50_point.csv
[2026-06-05T15:53:01] market_report: Loaded 16 ETF allocations from composer_allocations_187hi.json (BLEE - 187 2026 ALL in One For High Interest Period)
[2026-06-05T15:53:05] market_report:   RSI-14 fetched: 52.66 (SPY close=738.88)
[2026-06-05T15:53:05] market_report:   RSI signal: Overbought — moderate bear lean (10d avg=73.43, adj=-10, new score=-1.68)
[2026-06-05T15:53:05] market_report:   RSI override not triggered: Today RSI 52.7 ≤ 76.0 — override not triggered
[2026-06-05T15:53:05] market_report: Composite score: -1.68 -> Rain in the Forecast
[2026-06-05T15:53:07] market_report:   RSS WSJ: 20 items fetched
[2026-06-05T15:53:07] market_report:   Selected [WSJ] topic=EQUITY: Stocks Sink in Broad AI Rout Sparked by China's DeepSeek
[2026-06-05T15:53:08] market_report:   RSS Yahoo Finance: 50 items fetched
[2026-06-05T15:53:08] market_report:   Selected [Yahoo Finance] topic=OTHER: Bill Ackman’s Pershing Square Set to Make $600 Million on Universal St
[2026-06-05T15:53:10] market_report:   RSS fetch failed (Barron's): HTTP Error 403: Forbidden
[2026-06-05T15:53:10] market_report:   Barron's: RSS unavailable, using hardcoded fallback
[2026-06-05T15:53:10] market_report:   Selected [Barron's] topic=MACRO: Trade Winds: Tariff Developments Continue to Reshape Global Supply Cha
[2026-06-05T15:53:10] market_report: Fetched 3 news items
[2026-06-05T15:53:10] market_report: Updated marketDailySummary.html with score=-1.68 (Rain in the Forecast)
[2026-06-05T15:53:10] market_report: Stamped last-updated (06/05/2026 03:53 PM ET) into index.html
[2026-06-05T15:53:10] market_report: Stamped last-updated (06/05/2026 03:53 PM ET) into performance1.html
[2026-06-05T15:53:10] market_report: Stamped last-updated (06/05/2026 03:53 PM ET) into Algorithm185History.html
[2026-06-05T15:53:10] market_report: === Market report generation complete ===
[2026-06-06T15:53:02] market_report: === Market report generation started ===
[2026-06-06T15:53:02] market_report: Loaded 21 ETF points from Index_50_point.csv
[2026-06-06T15:53:02] market_report: Loaded 16 ETF allocations from composer_allocations_187hi.json (BLEE - 187 2026 ALL in One For High Interest Period)
[2026-06-06T15:53:20] market_report:   RSI-14 fetched: 51.94 (SPY close=737.55)
[2026-06-06T15:53:20] market_report:   RSI signal: Overbought — moderate bear lean (10d avg=73.43, adj=-10, new score=-1.68)
[2026-06-06T15:53:20] market_report:   RSI override not triggered: Today RSI 52.7 ≤ 76.0 — override not triggered
[2026-06-06T15:53:20] market_report: Composite score: -1.68 -> Rain in the Forecast
[2026-06-06T15:53:23] market_report:   RSS WSJ: 20 items fetched
[2026-06-06T15:53:23] market_report:   Selected [WSJ] topic=EQUITY: Stocks Sink in Broad AI Rout Sparked by China's DeepSeek
[2026-06-06T15:53:25] market_report:   RSS Yahoo Finance: 42 items fetched
[2026-06-06T15:53:25] market_report:   Selected [Yahoo Finance] topic=OTHER: Eli Lilly's $3.8 Billion Vaccine Bets: Here's the Big Story Many Inves
[2026-06-06T15:53:28] market_report:   RSS fetch failed (Barron's): HTTP Error 403: Forbidden
[2026-06-06T15:53:28] market_report:   Barron's: RSS unavailable, using hardcoded fallback
[2026-06-06T15:53:28] market_report:   Selected [Barron's] topic=MACRO: Trade Winds: Tariff Developments Continue to Reshape Global Supply Cha
[2026-06-06T15:53:28] market_report: Fetched 3 news items
[2026-06-06T15:53:28] market_report: Updated marketDailySummary.html with score=-1.68 (Rain in the Forecast)
[2026-06-06T15:53:28] market_report: Stamped last-updated (06/06/2026 03:53 PM ET) into index.html
[2026-06-06T15:53:28] market_report: Stamped last-updated (06/06/2026 03:53 PM ET) into performance1.html
[2026-06-06T15:53:29] market_report: Stamped last-updated (06/06/2026 03:53 PM ET) into Algorithm185History.html
[2026-06-06T15:53:29] market_report: === Market report generation complete ===
[2026-06-07T15:51:01] archive: === Archive started ===
[2026-06-07T15:51:01] archive:   Archived -> marketForecast_2026-06-07.html
[2026-06-07T15:51:01] archive:   Archived -> dailySignal_2026-06-07.html
[2026-06-07T15:51:01] archive:   SKIP (not found): index_186main.html
[2026-06-07T15:51:01] archive:   Archived -> signal185_2026-06-07.html
[2026-06-07T15:51:01] archive:   Archived -> signalKei186_2026-06-07.html
[2026-06-07T15:51:01] archive:   Archived -> signal187hi_2026-06-07.html
[2026-06-07T15:51:01] archive: Rebuilt BackLog/index.html � 24 dates, 44 files
[2026-06-07T15:51:01] archive: === Archive complete ===
[2026-06-07T15:51:02] === Composer daily allocation pull ===
[2026-06-07T15:51:02] Configured symphonies: ['7GJZdYouz3l3acrmUPOD', 'jtQvlI5wINrxpOfxgmgl', 'qjmHJ3IR19kmaAlbgkNj', 'ZGersOlsQFRHg7U2qnSw', 'g7WBkfIc6UWUWC6NiAdu', 'iPifD8uTozTr0sbu9qiB']
[2026-06-07T15:51:02] No account_uuid in config; discovering via /accounts/list...
[2026-06-07T15:51:04] Using first account: b0d61a36-f329-4226-9d82-4494deaee5f5
[2026-06-07T15:51:04] (Tip: copy this account_uuid into composer_config.json to skip the lookup next run.)
[2026-06-07T15:51:04] Fetching per-symphony stats from /portfolio/.../symphony-stats-meta...
[2026-06-07T15:51:04] GET /api/v0.1/portfolio/accounts/b0d61a36-f329-4226-9d82-4494deaee5f5/symphony-stats-meta
[2026-06-07T15:51:07] Saved symphony-stats response to composer_symphony_stats_2026-06-07.json
[2026-06-07T15:51:07] True Composer account total (all symphonies): $31,113.56
[2026-06-07T15:51:07] --- BLEE - 186 2026 ALL in One 57% Max-Down SGOV Bond (7GJZdYouz3l3acrmUPOD) ---
[2026-06-07T15:51:07]   WARN: symphony-stats-meta returned no positions for 7GJZdYouz3l3acrmUPOD (check 2026-06-07 JSON to verify the id matches one in the response)
[2026-06-07T15:51:07]   ERROR: no positions found for 7GJZdYouz3l3acrmUPOD; skipping CSV/HTML for this symphony
[2026-06-07T15:51:07] --- BLEE - 186 2026 ALL in One (jtQvlI5wINrxpOfxgmgl) ---
[2026-06-07T15:51:07]   WARN: symphony-stats-meta returned no positions for jtQvlI5wINrxpOfxgmgl (check 2026-06-07 JSON to verify the id matches one in the response)
[2026-06-07T15:51:07]   ERROR: no positions found for jtQvlI5wINrxpOfxgmgl; skipping CSV/HTML for this symphony
[2026-06-07T15:51:07] --- BLEE - 187 2026 SGOV Bond 20% Yield and Min Dual Reversal (qjmHJ3IR19kmaAlbgkNj) ---
[2026-06-07T15:51:07]   Got 4 positions from symphony-stats-meta
[2026-06-07T15:51:07]   RSI override: DISABLED (symphony handles its own rotation)
[2026-06-07T15:51:07]   Saved today's slice to composer_allocations_185_2026-06-07.json
[2026-06-07T15:51:07]   Updated stable file: composer_allocations_187.json
[2026-06-07T15:51:07]   Wrote 4 rows for 2026-06-07 to composer_allocations_185.csv (kept 95 prior rows, source=symphony-stats-meta)
[2026-06-07T15:51:07] Generated dashboard -> index2.html (value=$6,072.71, days=26)
[2026-06-07T15:51:07]   Prepended 2026-06-07 row to composer_allocations_185_3yr2.csv
[2026-06-07T15:51:07]   Prepended 2026-06-07 row to Algorithm185History.html ALLOC_DATA
[2026-06-07T15:51:07] --- BLEE - 185 2026 SGOV and Dual Reversal (ZGersOlsQFRHg7U2qnSw) ---
[2026-06-07T15:51:07]   Got 4 positions from symphony-stats-meta
[2026-06-07T15:51:07]   RSI override: DISABLED (symphony handles its own rotation)
[2026-06-07T15:51:07]   Saved today's slice to composer_allocations_185v2_2026-06-07.json
[2026-06-07T15:51:07]   Updated stable file: composer_allocations_185.json
[2026-06-07T15:51:07]   Wrote 4 rows for 2026-06-07 to composer_allocations_185v2.csv (kept 52 prior rows, source=symphony-stats-meta)
[2026-06-07T15:51:07] Generated dashboard -> index_185v2.html (value=$5,307.95, days=14)
[2026-06-07T15:51:07] --- BLEE A - 186 Part 1 Kei 90% NVDA (g7WBkfIc6UWUWC6NiAdu) ---
[2026-06-07T15:51:07]   Got 11 positions from symphony-stats-meta
[2026-06-07T15:51:07]   RSI override: DISABLED (symphony handles its own rotation)
[2026-06-07T15:51:07]   Saved today's slice to composer_allocations_kei186_2026-06-07.json
[2026-06-07T15:51:07]   Updated stable file: composer_allocations_kei186.json
[2026-06-07T15:51:07]   Wrote 11 rows for 2026-06-07 to composer_allocations_kei186.csv (kept 119 prior rows, source=symphony-stats-meta)
[2026-06-07T15:51:07] Generated dashboard -> index_kei186.html (value=$4,767.96, days=14)
[2026-06-07T15:51:07] --- BLEE - 187 2026 ALL in One For High Interest Period (iPifD8uTozTr0sbu9qiB) ---
[2026-06-07T15:51:07]   WARN: symphony-stats-meta returned no positions for iPifD8uTozTr0sbu9qiB (check 2026-06-07 JSON to verify the id matches one in the response)
[2026-06-07T15:51:07]   ERROR: no positions found for iPifD8uTozTr0sbu9qiB; skipping CSV/HTML for this symphony
[2026-06-07T15:51:07] Published signal_latest.json (3 positions, date=2026-06-07)
[2026-06-07T15:51:07] Regenerated CurrentWatchSymphony.html (3 symphonies)
[2026-06-07T15:51:07] === Done ===
[2026-06-07T15:51:14] Stamped last-updated (06/07/2026 03:51 PM ET) into index.html
[2026-06-07T15:51:14] Stamped last-updated (06/07/2026 03:51 PM ET) into performance1.html
[2026-06-07T15:51:15] Stamped last-updated (06/07/2026 03:51 PM ET) into Algorithm185History.html
[2026-06-07T15:51:15] --- Pushing updates to GitHub ---
[2026-06-07T15:51:15]   $ git -C "C:\Kei\ComposerInvest" add .
[2026-06-07T15:51:15]   $ git -C "C:\Kei\ComposerInvest" commit -m "daily auto update 2026-06-07"
[2026-06-07T15:51:16]   $ git -C "C:\Kei\ComposerInvest" push
[2026-06-07T15:51:24] GitHub push successful.
[2026-06-07T15:53:02] market_report: === Market report generation started ===
[2026-06-07T15:53:02] market_report: Loaded 21 ETF points from Index_50_point.csv
[2026-06-07T15:53:02] market_report: Loaded 16 ETF allocations from composer_allocations_187hi.json (BLEE - 187 2026 ALL in One For High Interest Period)
[2026-06-07T15:53:09] market_report:   RSI-14 fetched: 50.68 (SPY close=737.55)
[2026-06-07T15:53:09] market_report:   RSI signal: Overbought — moderate bear lean (10d avg=73.43, adj=-10, new score=-1.68)
[2026-06-07T15:53:09] market_report:   RSI override not triggered: Today RSI 52.7 ≤ 76.0 — override not triggered
[2026-06-07T15:53:09] market_report: Composite score: -1.68 -> Rain in the Forecast
[2026-06-07T15:53:11] market_report:   RSS WSJ: 20 items fetched
[2026-06-07T15:53:11] market_report:   Selected [WSJ] topic=EQUITY: Stocks Sink in Broad AI Rout Sparked by China's DeepSeek
[2026-06-07T15:53:14] market_report:   RSS Yahoo Finance: 50 items fetched
[2026-06-07T15:53:14] market_report:   Selected [Yahoo Finance] topic=OTHER: Mark Cuban says small businesses are desperate for AI talent — and it'
[2026-06-07T15:53:16] market_report:   RSS fetch failed (Barron's): HTTP Error 403: Forbidden
[2026-06-07T15:53:16] market_report:   Barron's: RSS unavailable, using hardcoded fallback
[2026-06-07T15:53:16] market_report:   Selected [Barron's] topic=MACRO: Trade Winds: Tariff Developments Continue to Reshape Global Supply Cha
[2026-06-07T15:53:16] market_report: Fetched 3 news items
[2026-06-07T15:53:16] market_report: Updated marketDailySummary.html with score=-1.68 (Rain in the Forecast)
[2026-06-07T15:53:16] market_report: Stamped last-updated (06/07/2026 03:53 PM ET) into index.html
[2026-06-07T15:53:16] market_report: Stamped last-updated (06/07/2026 03:53 PM ET) into performance1.html
[2026-06-07T15:53:16] market_report: Stamped last-updated (06/07/2026 03:53 PM ET) into Algorithm185History.html
[2026-06-07T15:53:16] market_report: === Market report generation complete ===
[2026-06-08T15:51:01] archive: === Archive started ===
[2026-06-08T15:51:01] archive:   Archived -> marketForecast_2026-06-08.html
[2026-06-08T15:51:01] archive:   Archived -> dailySignal_2026-06-08.html
[2026-06-08T15:51:01] archive:   SKIP (not found): index_186main.html
[2026-06-08T15:51:01] archive:   Archived -> signal185_2026-06-08.html
[2026-06-08T15:51:01] archive:   Archived -> signalKei186_2026-06-08.html
[2026-06-08T15:51:01] archive:   Archived -> signal187hi_2026-06-08.html
[2026-06-08T15:51:01] archive: Rebuilt BackLog/index.html � 25 dates, 46 files
[2026-06-08T15:51:01] archive: === Archive complete ===
[2026-06-08T15:51:02] === Composer daily allocation pull ===
[2026-06-08T15:51:02] Configured symphonies: ['7GJZdYouz3l3acrmUPOD', 'jtQvlI5wINrxpOfxgmgl', 'qjmHJ3IR19kmaAlbgkNj', 'ZGersOlsQFRHg7U2qnSw', 'g7WBkfIc6UWUWC6NiAdu', 'iPifD8uTozTr0sbu9qiB']
[2026-06-08T15:51:02] No account_uuid in config; discovering via /accounts/list...
[2026-06-08T15:51:03] Using first account: b0d61a36-f329-4226-9d82-4494deaee5f5
[2026-06-08T15:51:03] (Tip: copy this account_uuid into composer_config.json to skip the lookup next run.)
[2026-06-08T15:51:03] Fetching per-symphony stats from /portfolio/.../symphony-stats-meta...
[2026-06-08T15:51:03] GET /api/v0.1/portfolio/accounts/b0d61a36-f329-4226-9d82-4494deaee5f5/symphony-stats-meta
[2026-06-08T15:51:04] Saved symphony-stats response to composer_symphony_stats_2026-06-08.json
[2026-06-08T15:51:04] True Composer account total (all symphonies): $31,251.18
[2026-06-08T15:51:04] --- BLEE - 186 2026 ALL in One 57% Max-Down SGOV Bond (7GJZdYouz3l3acrmUPOD) ---
[2026-06-08T15:51:04]   WARN: symphony-stats-meta returned no positions for 7GJZdYouz3l3acrmUPOD (check 2026-06-08 JSON to verify the id matches one in the response)
[2026-06-08T15:51:04]   ERROR: no positions found for 7GJZdYouz3l3acrmUPOD; skipping CSV/HTML for this symphony
[2026-06-08T15:51:04] --- BLEE - 186 2026 ALL in One (jtQvlI5wINrxpOfxgmgl) ---
[2026-06-08T15:51:04]   WARN: symphony-stats-meta returned no positions for jtQvlI5wINrxpOfxgmgl (check 2026-06-08 JSON to verify the id matches one in the response)
[2026-06-08T15:51:04]   ERROR: no positions found for jtQvlI5wINrxpOfxgmgl; skipping CSV/HTML for this symphony
[2026-06-08T15:51:04] --- BLEE - 187 2026 SGOV Bond 20% Yield and Min Dual Reversal (qjmHJ3IR19kmaAlbgkNj) ---
[2026-06-08T15:51:04]   Got 4 positions from symphony-stats-meta
[2026-06-08T15:51:04]   RSI override: DISABLED (symphony handles its own rotation)
[2026-06-08T15:51:04]   Saved today's slice to composer_allocations_185_2026-06-08.json
[2026-06-08T15:51:04]   Updated stable file: composer_allocations_187.json
[2026-06-08T15:51:04]   Wrote 4 rows for 2026-06-08 to composer_allocations_185.csv (kept 99 prior rows, source=symphony-stats-meta)
[2026-06-08T15:51:04] Generated dashboard -> index2.html (value=$6,068.20, days=27)
[2026-06-08T15:51:04]   Prepended 2026-06-08 row to composer_allocations_185_3yr2.csv
[2026-06-08T15:51:05]   Prepended 2026-06-08 row to Algorithm185History.html ALLOC_DATA
[2026-06-08T15:51:05] --- BLEE - 185 2026 SGOV and Dual Reversal (ZGersOlsQFRHg7U2qnSw) ---
[2026-06-08T15:51:05]   Got 4 positions from symphony-stats-meta
[2026-06-08T15:51:05]   RSI override: DISABLED (symphony handles its own rotation)
[2026-06-08T15:51:05]   Saved today's slice to composer_allocations_185v2_2026-06-08.json
[2026-06-08T15:51:05]   Updated stable file: composer_allocations_185.json
[2026-06-08T15:51:05]   Wrote 4 rows for 2026-06-08 to composer_allocations_185v2.csv (kept 56 prior rows, source=symphony-stats-meta)
[2026-06-08T15:51:05] Generated dashboard -> index_185v2.html (value=$5,302.40, days=15)
[2026-06-08T15:51:05] --- BLEE A - 186 Part 1 Kei 90% NVDA (g7WBkfIc6UWUWC6NiAdu) ---
[2026-06-08T15:51:05]   Got 11 positions from symphony-stats-meta
[2026-06-08T15:51:05]   RSI override: DISABLED (symphony handles its own rotation)
[2026-06-08T15:51:05]   Saved today's slice to composer_allocations_kei186_2026-06-08.json
[2026-06-08T15:51:05]   Updated stable file: composer_allocations_kei186.json
[2026-06-08T15:51:05]   Wrote 11 rows for 2026-06-08 to composer_allocations_kei186.csv (kept 130 prior rows, source=symphony-stats-meta)
[2026-06-08T15:51:05] Generated dashboard -> index_kei186.html (value=$4,809.67, days=15)
[2026-06-08T15:51:05] --- BLEE - 187 2026 ALL in One For High Interest Period (iPifD8uTozTr0sbu9qiB) ---
[2026-06-08T15:51:05]   WARN: symphony-stats-meta returned no positions for iPifD8uTozTr0sbu9qiB (check 2026-06-08 JSON to verify the id matches one in the response)
[2026-06-08T15:51:05]   ERROR: no positions found for iPifD8uTozTr0sbu9qiB; skipping CSV/HTML for this symphony
[2026-06-08T15:51:05] Published signal_latest.json (3 positions, date=2026-06-08)
[2026-06-08T15:51:05] Regenerated CurrentWatchSymphony.html (3 symphonies)
[2026-06-08T15:51:05] === Done ===
[2026-06-08T15:51:12] Stamped last-updated (06/08/2026 03:51 PM ET) into index.html
[2026-06-08T15:51:13] Stamped last-updated (06/08/2026 03:51 PM ET) into performance1.html
[2026-06-08T15:51:13] Stamped last-updated (06/08/2026 03:51 PM ET) into Algorithm185History.html
[2026-06-08T15:51:13] --- Pushing updates to GitHub ---
[2026-06-08T15:51:13]   $ git -C "C:\Kei\ComposerInvest" add .
[2026-06-08T15:51:14]   $ git -C "C:\Kei\ComposerInvest" commit -m "daily auto update 2026-06-08"
[2026-06-08T15:51:14]   $ git -C "C:\Kei\ComposerInvest" push
[2026-06-08T15:51:20] GitHub push successful.
[2026-06-08T15:53:02] market_report: === Market report generation started ===
[2026-06-08T15:53:02] market_report: Loaded 21 ETF points from Index_50_point.csv
[2026-06-08T15:53:02] market_report: Loaded 16 ETF allocations from composer_allocations_187hi.json (BLEE - 187 2026 ALL in One For High Interest Period)
[2026-06-08T15:53:06] market_report:   RSI-14 fetched: 51.81 (SPY close=739.18)
[2026-06-08T15:53:06] market_report:   RSI signal: Overbought — moderate bear lean (10d avg=71.67, adj=-10, new score=-1.68)
[2026-06-08T15:53:06] market_report:   RSI override not triggered: Today RSI 51.8 ≤ 76.0 — override not triggered
[2026-06-08T15:53:06] market_report: Composite score: -1.68 -> Rain in the Forecast
[2026-06-08T15:53:08] market_report:   RSS WSJ: 20 items fetched
[2026-06-08T15:53:08] market_report:   Selected [WSJ] topic=EQUITY: Stocks Sink in Broad AI Rout Sparked by China's DeepSeek
[2026-06-08T15:53:09] market_report:   RSS Yahoo Finance: 49 items fetched
[2026-06-08T15:53:09] market_report:   Selected [Yahoo Finance] topic=FED: How this week’s inflation data and interest rates affect your money
[2026-06-08T15:53:11] market_report:   RSS fetch failed (Barron's): HTTP Error 403: Forbidden
[2026-06-08T15:53:11] market_report:   Barron's: RSS unavailable, using hardcoded fallback
[2026-06-08T15:53:11] market_report:   Selected [Barron's] topic=MACRO: Trade Winds: Tariff Developments Continue to Reshape Global Supply Cha
[2026-06-08T15:53:11] market_report: Fetched 3 news items
[2026-06-08T15:53:11] market_report: Updated marketDailySummary.html with score=-1.68 (Rain in the Forecast)
[2026-06-08T15:53:11] market_report: Stamped last-updated (06/08/2026 03:53 PM ET) into index.html
[2026-06-08T15:53:11] market_report: Stamped last-updated (06/08/2026 03:53 PM ET) into performance1.html
[2026-06-08T15:53:11] market_report: Stamped last-updated (06/08/2026 03:53 PM ET) into Algorithm185History.html
[2026-06-08T15:53:11] market_report: === Market report generation complete ===
[2026-06-09T15:51:01] archive: === Archive started ===
[2026-06-09T15:51:01] archive:   Archived -> marketForecast_2026-06-09.html
[2026-06-09T15:51:01] archive:   Archived -> dailySignal_2026-06-09.html
[2026-06-09T15:51:01] archive:   SKIP (not found): index_186main.html
[2026-06-09T15:51:01] archive:   Archived -> signal185_2026-06-09.html
[2026-06-09T15:51:01] archive:   Archived -> signalKei186_2026-06-09.html
[2026-06-09T15:51:01] archive:   Archived -> signal187hi_2026-06-09.html
[2026-06-09T15:51:01] archive: Rebuilt BackLog/index.html � 26 dates, 48 files
[2026-06-09T15:51:01] archive: === Archive complete ===
[2026-06-09T15:51:02] === Composer daily allocation pull ===
[2026-06-09T15:51:02] Configured symphonies: ['7GJZdYouz3l3acrmUPOD', 'jtQvlI5wINrxpOfxgmgl', 'qjmHJ3IR19kmaAlbgkNj', 'ZGersOlsQFRHg7U2qnSw', 'g7WBkfIc6UWUWC6NiAdu', 'iPifD8uTozTr0sbu9qiB']
[2026-06-09T15:51:02] No account_uuid in config; discovering via /accounts/list...
[2026-06-09T15:51:03] Using first account: b0d61a36-f329-4226-9d82-4494deaee5f5
[2026-06-09T15:51:03] (Tip: copy this account_uuid into composer_config.json to skip the lookup next run.)
[2026-06-09T15:51:03] Fetching per-symphony stats from /portfolio/.../symphony-stats-meta...
[2026-06-09T15:51:03] GET /api/v0.1/portfolio/accounts/b0d61a36-f329-4226-9d82-4494deaee5f5/symphony-stats-meta
[2026-06-09T15:51:04] Saved symphony-stats response to composer_symphony_stats_2026-06-09.json
[2026-06-09T15:51:04] True Composer account total (all symphonies): $40,620.38
[2026-06-09T15:51:04] --- BLEE - 186 2026 ALL in One 57% Max-Down SGOV Bond (7GJZdYouz3l3acrmUPOD) ---
[2026-06-09T15:51:04]   WARN: symphony-stats-meta returned no positions for 7GJZdYouz3l3acrmUPOD (check 2026-06-09 JSON to verify the id matches one in the response)
[2026-06-09T15:51:04]   ERROR: no positions found for 7GJZdYouz3l3acrmUPOD; skipping CSV/HTML for this symphony
[2026-06-09T15:51:04] --- BLEE - 186 2026 ALL in One (jtQvlI5wINrxpOfxgmgl) ---
[2026-06-09T15:51:04]   WARN: symphony-stats-meta returned no positions for jtQvlI5wINrxpOfxgmgl (check 2026-06-09 JSON to verify the id matches one in the response)
[2026-06-09T15:51:04]   ERROR: no positions found for jtQvlI5wINrxpOfxgmgl; skipping CSV/HTML for this symphony
[2026-06-09T15:51:04] --- BLEE - 187 2026 SGOV Bond 20% Yield and Min Dual Reversal (qjmHJ3IR19kmaAlbgkNj) ---
[2026-06-09T15:51:04]   Got 4 positions from symphony-stats-meta
[2026-06-09T15:51:04]   RSI override: DISABLED (symphony handles its own rotation)
[2026-06-09T15:51:04]   Saved today's slice to composer_allocations_185_2026-06-09.json
[2026-06-09T15:51:04]   Updated stable file: composer_allocations_187.json
[2026-06-09T15:51:05]   Wrote 4 rows for 2026-06-09 to composer_allocations_185.csv (kept 103 prior rows, source=symphony-stats-meta)
[2026-06-09T15:51:05] Generated dashboard -> index2.html (value=$6,059.54, days=28)
[2026-06-09T15:51:05]   Prepended 2026-06-09 row to composer_allocations_185_3yr2.csv
[2026-06-09T15:51:05]   Prepended 2026-06-09 row to Algorithm185History.html ALLOC_DATA
[2026-06-09T15:51:05] --- BLEE - 185 2026 SGOV and Dual Reversal (ZGersOlsQFRHg7U2qnSw) ---
[2026-06-09T15:51:05]   Got 4 positions from symphony-stats-meta
[2026-06-09T15:51:05]   RSI override: DISABLED (symphony handles its own rotation)
[2026-06-09T15:51:05]   Saved today's slice to composer_allocations_185v2_2026-06-09.json
[2026-06-09T15:51:05]   Updated stable file: composer_allocations_185.json
[2026-06-09T15:51:05]   Wrote 4 rows for 2026-06-09 to composer_allocations_185v2.csv (kept 60 prior rows, source=symphony-stats-meta)
[2026-06-09T15:51:05] Generated dashboard -> index_185v2.html (value=$5,295.33, days=16)
[2026-06-09T15:51:05] --- BLEE A - 186 Part 1 Kei 90% NVDA (g7WBkfIc6UWUWC6NiAdu) ---
[2026-06-09T15:51:05]   Got 10 positions from symphony-stats-meta
[2026-06-09T15:51:05]   RSI override: DISABLED (symphony handles its own rotation)
[2026-06-09T15:51:05]   Saved today's slice to composer_allocations_kei186_2026-06-09.json
[2026-06-09T15:51:05]   Updated stable file: composer_allocations_kei186.json
[2026-06-09T15:51:05]   Wrote 10 rows for 2026-06-09 to composer_allocations_kei186.csv (kept 141 prior rows, source=symphony-stats-meta)
[2026-06-09T15:51:05] Generated dashboard -> index_kei186.html (value=$4,658.48, days=16)
[2026-06-09T15:51:05] --- BLEE - 187 2026 ALL in One For High Interest Period (iPifD8uTozTr0sbu9qiB) ---
[2026-06-09T15:51:05]   WARN: symphony-stats-meta returned no positions for iPifD8uTozTr0sbu9qiB (check 2026-06-09 JSON to verify the id matches one in the response)
[2026-06-09T15:51:05]   ERROR: no positions found for iPifD8uTozTr0sbu9qiB; skipping CSV/HTML for this symphony
[2026-06-09T15:51:05] Published signal_latest.json (3 positions, date=2026-06-09)
[2026-06-09T15:51:05] Regenerated CurrentWatchSymphony.html (3 symphonies)
[2026-06-09T15:51:05] === Done ===
[2026-06-09T15:51:13] Stamped last-updated (06/09/2026 03:51 PM ET) into index.html
[2026-06-09T15:51:13] Stamped last-updated (06/09/2026 03:51 PM ET) into performance1.html
[2026-06-09T15:51:13] Stamped last-updated (06/09/2026 03:51 PM ET) into Algorithm185History.html
[2026-06-09T15:51:13] --- Pushing updates to GitHub ---
[2026-06-09T15:51:13]   $ git -C "C:\Kei\ComposerInvest" add .
[2026-06-09T15:51:14]   $ git -C "C:\Kei\ComposerInvest" commit -m "daily auto update 2026-06-09"
[2026-06-09T15:51:15]   $ git -C "C:\Kei\ComposerInvest" push
[2026-06-09T15:51:21] GitHub push successful.
[2026-06-09T15:53:02] market_report: === Market report generation started ===
[2026-06-09T15:53:02] market_report: Loaded 21 ETF points from Index_50_point.csv
[2026-06-09T15:53:02] market_report: Loaded 16 ETF allocations from composer_allocations_187hi.json (BLEE - 187 2026 ALL in One For High Interest Period)
[2026-06-09T15:53:06] market_report:   RSI-14 fetched: 49.12 (SPY close=735.59)
[2026-06-09T15:53:06] market_report:   RSI signal: Overbought — moderate bear lean (10d avg=69.0, adj=-10, new score=-1.68)
[2026-06-09T15:53:06] market_report:   RSI override not triggered: Today RSI 49.1 ≤ 76.0 — override not triggered
[2026-06-09T15:53:06] market_report: Composite score: -1.68 -> Rain in the Forecast
[2026-06-09T15:53:08] market_report:   RSS WSJ: 20 items fetched
[2026-06-09T15:53:08] market_report:   Selected [WSJ] topic=EQUITY: Stocks Sink in Broad AI Rout Sparked by China's DeepSeek
[2026-06-09T15:53:09] market_report:   RSS Yahoo Finance: 46 items fetched
[2026-06-09T15:53:09] market_report:   Selected [Yahoo Finance] topic=OTHER: 56-year-old beloved fast-food chain closes over 700 locations
[2026-06-09T15:53:10] market_report:   RSS fetch failed (Barron's): HTTP Error 403: Forbidden
[2026-06-09T15:53:10] market_report:   Barron's: RSS unavailable, using hardcoded fallback
[2026-06-09T15:53:10] market_report:   Selected [Barron's] topic=MACRO: Trade Winds: Tariff Developments Continue to Reshape Global Supply Cha
[2026-06-09T15:53:10] market_report: Fetched 3 news items
[2026-06-09T15:53:10] market_report: Updated marketDailySummary.html with score=-1.68 (Rain in the Forecast)
[2026-06-09T15:53:11] market_report: Stamped last-updated (06/09/2026 03:53 PM ET) into index.html
[2026-06-09T15:53:11] market_report: Stamped last-updated (06/09/2026 03:53 PM ET) into performance1.html
[2026-06-09T15:53:11] market_report: Stamped last-updated (06/09/2026 03:53 PM ET) into Algorithm185History.html
[2026-06-09T15:53:11] market_report: === Market report generation complete ===
[2026-06-10T15:51:01] archive: === Archive started ===
[2026-06-10T15:51:01] archive:   Archived -> marketForecast_2026-06-10.html
[2026-06-10T15:51:01] archive:   Archived -> dailySignal_2026-06-10.html
[2026-06-10T15:51:01] archive:   SKIP (not found): index_186main.html
[2026-06-10T15:51:01] archive:   Archived -> signal185_2026-06-10.html
[2026-06-10T15:51:01] archive:   Archived -> signalKei186_2026-06-10.html
[2026-06-10T15:51:01] archive:   Archived -> signal187hi_2026-06-10.html
[2026-06-10T15:51:01] archive: Rebuilt BackLog/index.html � 27 dates, 50 files
[2026-06-10T15:51:01] archive: === Archive complete ===
[2026-06-10T15:51:02] === Composer daily allocation pull ===
[2026-06-10T15:51:02] Configured symphonies: ['7GJZdYouz3l3acrmUPOD', 'jtQvlI5wINrxpOfxgmgl', 'qjmHJ3IR19kmaAlbgkNj', 'ZGersOlsQFRHg7U2qnSw', 'g7WBkfIc6UWUWC6NiAdu', 'iPifD8uTozTr0sbu9qiB']
[2026-06-10T15:51:02] No account_uuid in config; discovering via /accounts/list...
[2026-06-10T15:51:03] Using first account: b0d61a36-f329-4226-9d82-4494deaee5f5
[2026-06-10T15:51:03] (Tip: copy this account_uuid into composer_config.json to skip the lookup next run.)
[2026-06-10T15:51:03] Fetching per-symphony stats from /portfolio/.../symphony-stats-meta...
[2026-06-10T15:51:03] GET /api/v0.1/portfolio/accounts/b0d61a36-f329-4226-9d82-4494deaee5f5/symphony-stats-meta
[2026-06-10T15:51:04] Saved symphony-stats response to composer_symphony_stats_2026-06-10.json
[2026-06-10T15:51:04] True Composer account total (all symphonies): $15,831.49
[2026-06-10T15:51:04] --- BLEE - 186 2026 ALL in One 57% Max-Down SGOV Bond (7GJZdYouz3l3acrmUPOD) ---
[2026-06-10T15:51:04]   WARN: symphony-stats-meta returned no positions for 7GJZdYouz3l3acrmUPOD (check 2026-06-10 JSON to verify the id matches one in the response)
[2026-06-10T15:51:04]   ERROR: no positions found for 7GJZdYouz3l3acrmUPOD; skipping CSV/HTML for this symphony
[2026-06-10T15:51:04] --- BLEE - 186 2026 ALL in One (jtQvlI5wINrxpOfxgmgl) ---
[2026-06-10T15:51:04]   WARN: symphony-stats-meta returned no positions for jtQvlI5wINrxpOfxgmgl (check 2026-06-10 JSON to verify the id matches one in the response)
[2026-06-10T15:51:04]   ERROR: no positions found for jtQvlI5wINrxpOfxgmgl; skipping CSV/HTML for this symphony
[2026-06-10T15:51:04] --- BLEE - 187 2026 SGOV Bond 20% Yield and Min Dual Reversal (qjmHJ3IR19kmaAlbgkNj) ---
[2026-06-10T15:51:04]   Got 4 positions from symphony-stats-meta
[2026-06-10T15:51:04]   RSI override: DISABLED (symphony handles its own rotation)
[2026-06-10T15:51:04]   Saved today's slice to composer_allocations_185_2026-06-10.json
[2026-06-10T15:51:04]   Updated stable file: composer_allocations_187.json
[2026-06-10T15:51:04]   Wrote 4 rows for 2026-06-10 to composer_allocations_185.csv (kept 107 prior rows, source=symphony-stats-meta)
[2026-06-10T15:51:04] Generated dashboard -> index2.html (value=$6,044.52, days=29)
[2026-06-10T15:51:04]   Prepended 2026-06-10 row to composer_allocations_185_3yr2.csv
[2026-06-10T15:51:05]   Prepended 2026-06-10 row to Algorithm185History.html ALLOC_DATA
[2026-06-10T15:51:05] --- BLEE - 185 2026 SGOV and Dual Reversal (ZGersOlsQFRHg7U2qnSw) ---
[2026-06-10T15:51:05]   Got 4 positions from symphony-stats-meta
[2026-06-10T15:51:05]   RSI override: DISABLED (symphony handles its own rotation)
[2026-06-10T15:51:05]   Saved today's slice to composer_allocations_185v2_2026-06-10.json
[2026-06-10T15:51:05]   Updated stable file: composer_allocations_185.json
[2026-06-10T15:51:05]   Wrote 4 rows for 2026-06-10 to composer_allocations_185v2.csv (kept 64 prior rows, source=symphony-stats-meta)
[2026-06-10T15:51:05] Generated dashboard -> index_185v2.html (value=$5,283.63, days=17)
[2026-06-10T15:51:05] --- BLEE A - 186 Part 1 Kei 90% NVDA (g7WBkfIc6UWUWC6NiAdu) ---
[2026-06-10T15:51:05]   Got 10 positions from symphony-stats-meta
[2026-06-10T15:51:05]   RSI override: DISABLED (symphony handles its own rotation)
[2026-06-10T15:51:05]   Saved today's slice to composer_allocations_kei186_2026-06-10.json
[2026-06-10T15:51:05]   Updated stable file: composer_allocations_kei186.json
[2026-06-10T15:51:05]   Wrote 10 rows for 2026-06-10 to composer_allocations_kei186.csv (kept 151 prior rows, source=symphony-stats-meta)
[2026-06-10T15:51:05] Generated dashboard -> index_kei186.html (value=$4,503.34, days=17)
[2026-06-10T15:51:05] --- BLEE - 187 2026 ALL in One For High Interest Period (iPifD8uTozTr0sbu9qiB) ---
[2026-06-10T15:51:05]   WARN: symphony-stats-meta returned no positions for iPifD8uTozTr0sbu9qiB (check 2026-06-10 JSON to verify the id matches one in the response)
[2026-06-10T15:51:05]   ERROR: no positions found for iPifD8uTozTr0sbu9qiB; skipping CSV/HTML for this symphony
[2026-06-10T15:51:05] Published signal_latest.json (3 positions, date=2026-06-10)
[2026-06-10T15:51:05] Regenerated CurrentWatchSymphony.html (3 symphonies)
[2026-06-10T15:51:05] === Done ===
[2026-06-10T15:51:13] Stamped last-updated (06/10/2026 03:51 PM ET) into index.html
[2026-06-10T15:51:13] Stamped last-updated (06/10/2026 03:51 PM ET) into performance1.html
[2026-06-10T15:51:13] Stamped last-updated (06/10/2026 03:51 PM ET) into Algorithm185History.html
[2026-06-10T15:51:13] --- Pushing updates to GitHub ---
[2026-06-10T15:51:13]   $ git -C "C:\Kei\ComposerInvest" add .
[2026-06-10T15:51:14]   $ git -C "C:\Kei\ComposerInvest" commit -m "daily auto update 2026-06-10"
[2026-06-10T15:51:14]   $ git -C "C:\Kei\ComposerInvest" push
[2026-06-10T15:51:20] GitHub push successful.
[2026-06-10T15:53:02] market_report: === Market report generation started ===
[2026-06-10T15:53:02] market_report: Loaded 21 ETF points from Index_50_point.csv
[2026-06-10T15:53:02] market_report: Loaded 16 ETF allocations from composer_allocations_187hi.json (BLEE - 187 2026 ALL in One For High Interest Period)
[2026-06-10T15:53:07] market_report:   RSI-14 fetched: 42.26 (SPY close=726.88)
[2026-06-10T15:53:07] market_report:   RSI signal: Overbought — moderate bear lean (10d avg=65.57, adj=-10, new score=-1.68)
[2026-06-10T15:53:07] market_report:   RSI override not triggered: Today RSI 42.3 ≤ 76.0 — override not triggered
[2026-06-10T15:53:07] market_report: Composite score: -1.68 -> Rain in the Forecast
[2026-06-10T15:53:08] market_report:   RSS WSJ: 20 items fetched
[2026-06-10T15:53:08] market_report:   Selected [WSJ] topic=EQUITY: Stocks Sink in Broad AI Rout Sparked by China's DeepSeek
[2026-06-10T15:53:09] market_report:   RSS Yahoo Finance: 49 items fetched
[2026-06-10T15:53:09] market_report:   Selected [Yahoo Finance] topic=OTHER: National mall footwear giant closes 82 stores as shoppers trade up
[2026-06-10T15:53:11] market_report:   RSS fetch failed (Barron's): HTTP Error 403: Forbidden
[2026-06-10T15:53:11] market_report:   Barron's: RSS unavailable, using hardcoded fallback
[2026-06-10T15:53:11] market_report:   Selected [Barron's] topic=MACRO: Trade Winds: Tariff Developments Continue to Reshape Global Supply Cha
[2026-06-10T15:53:11] market_report: Fetched 3 news items
[2026-06-10T15:53:11] market_report: Updated marketDailySummary.html with score=-1.68 (Rain in the Forecast)
[2026-06-10T15:53:11] market_report: Stamped last-updated (06/10/2026 03:53 PM ET) into index.html
[2026-06-10T15:53:11] market_report: Stamped last-updated (06/10/2026 03:53 PM ET) into performance1.html
[2026-06-10T15:53:11] market_report: Stamped last-updated (06/10/2026 03:53 PM ET) into Algorithm185History.html
[2026-06-10T15:53:11] market_report: === Market report generation complete ===
[2026-06-11T15:51:01] archive: === Archive started ===
[2026-06-11T15:51:01] archive:   Archived -> marketForecast_2026-06-11.html
[2026-06-11T15:51:01] archive:   Archived -> dailySignal_2026-06-11.html
[2026-06-11T15:51:01] archive:   SKIP (not found): index_186main.html
[2026-06-11T15:51:01] archive:   Archived -> signal185_2026-06-11.html
[2026-06-11T15:51:01] archive:   Archived -> signalKei186_2026-06-11.html
[2026-06-11T15:51:02] archive:   Archived -> signal187hi_2026-06-11.html
[2026-06-11T15:51:02] archive: Rebuilt BackLog/index.html � 28 dates, 52 files
[2026-06-11T15:51:02] archive: === Archive complete ===
[2026-06-11T15:51:02] === Composer daily allocation pull ===
[2026-06-11T15:51:02] Configured symphonies: ['7GJZdYouz3l3acrmUPOD', 'jtQvlI5wINrxpOfxgmgl', 'qjmHJ3IR19kmaAlbgkNj', 'ZGersOlsQFRHg7U2qnSw', 'g7WBkfIc6UWUWC6NiAdu', 'iPifD8uTozTr0sbu9qiB']
[2026-06-11T15:51:02] No account_uuid in config; discovering via /accounts/list...
[2026-06-11T15:51:04] Using first account: b0d61a36-f329-4226-9d82-4494deaee5f5
[2026-06-11T15:51:04] (Tip: copy this account_uuid into composer_config.json to skip the lookup next run.)
[2026-06-11T15:51:04] Fetching per-symphony stats from /portfolio/.../symphony-stats-meta...
[2026-06-11T15:51:04] GET /api/v0.1/portfolio/accounts/b0d61a36-f329-4226-9d82-4494deaee5f5/symphony-stats-meta
[2026-06-11T15:51:05] Saved symphony-stats response to composer_symphony_stats_2026-06-11.json
[2026-06-11T15:51:05] True Composer account total (all symphonies): $9,986.15
[2026-06-11T15:51:05] --- BLEE - 186 2026 ALL in One 57% Max-Down SGOV Bond (7GJZdYouz3l3acrmUPOD) ---
[2026-06-11T15:51:05]   WARN: symphony-stats-meta returned no positions for 7GJZdYouz3l3acrmUPOD (check 2026-06-11 JSON to verify the id matches one in the response)
[2026-06-11T15:51:05]   ERROR: no positions found for 7GJZdYouz3l3acrmUPOD; skipping CSV/HTML for this symphony
[2026-06-11T15:51:05] --- BLEE - 186 2026 ALL in One (jtQvlI5wINrxpOfxgmgl) ---
[2026-06-11T15:51:05]   WARN: symphony-stats-meta returned no positions for jtQvlI5wINrxpOfxgmgl (check 2026-06-11 JSON to verify the id matches one in the response)
[2026-06-11T15:51:05]   ERROR: no positions found for jtQvlI5wINrxpOfxgmgl; skipping CSV/HTML for this symphony
[2026-06-11T15:51:05] --- BLEE - 187 2026 SGOV Bond 20% Yield and Min Dual Reversal (qjmHJ3IR19kmaAlbgkNj) ---
[2026-06-11T15:51:05]   WARN: symphony-stats-meta returned no positions for qjmHJ3IR19kmaAlbgkNj (check 2026-06-11 JSON to verify the id matches one in the response)
[2026-06-11T15:51:05]   ERROR: no positions found for qjmHJ3IR19kmaAlbgkNj; skipping CSV/HTML for this symphony
[2026-06-11T15:51:05] --- BLEE - 185 2026 SGOV and Dual Reversal (ZGersOlsQFRHg7U2qnSw) ---
[2026-06-11T15:51:05]   Got 4 positions from symphony-stats-meta
[2026-06-11T15:51:05]   RSI override: DISABLED (symphony handles its own rotation)
[2026-06-11T15:51:05]   Saved today's slice to composer_allocations_185v2_2026-06-11.json
[2026-06-11T15:51:05]   Updated stable file: composer_allocations_185.json
[2026-06-11T15:51:05]   Wrote 4 rows for 2026-06-11 to composer_allocations_185v2.csv (kept 68 prior rows, source=symphony-stats-meta)
[2026-06-11T15:51:05] Generated dashboard -> index_185v2.html (value=$5,283.66, days=18)
[2026-06-11T15:51:05] --- BLEE A - 186 Part 1 Kei 90% NVDA (g7WBkfIc6UWUWC6NiAdu) ---
[2026-06-11T15:51:05]   Got 9 positions from symphony-stats-meta
[2026-06-11T15:51:05]   RSI override: DISABLED (symphony handles its own rotation)
[2026-06-11T15:51:05]   Saved today's slice to composer_allocations_kei186_2026-06-11.json
[2026-06-11T15:51:05]   Updated stable file: composer_allocations_kei186.json
[2026-06-11T15:51:05]   Wrote 9 rows for 2026-06-11 to composer_allocations_kei186.csv (kept 161 prior rows, source=symphony-stats-meta)
[2026-06-11T15:51:05] Generated dashboard -> index_kei186.html (value=$4,702.49, days=18)
[2026-06-11T15:51:05] --- BLEE - 187 2026 ALL in One For High Interest Period (iPifD8uTozTr0sbu9qiB) ---
[2026-06-11T15:51:05]   WARN: symphony-stats-meta returned no positions for iPifD8uTozTr0sbu9qiB (check 2026-06-11 JSON to verify the id matches one in the response)
[2026-06-11T15:51:05]   ERROR: no positions found for iPifD8uTozTr0sbu9qiB; skipping CSV/HTML for this symphony
[2026-06-11T15:51:05] Published signal_latest.json (3 positions, date=2026-06-10)
[2026-06-11T15:51:05] Regenerated CurrentWatchSymphony.html (2 symphonies)
[2026-06-11T15:51:05] === Done ===
[2026-06-11T15:51:13] Stamped last-updated (06/11/2026 03:51 PM ET) into index.html
[2026-06-11T15:51:14] Stamped last-updated (06/11/2026 03:51 PM ET) into performance1.html
[2026-06-11T15:51:14] Stamped last-updated (06/11/2026 03:51 PM ET) into Algorithm185History.html
[2026-06-11T15:51:14] --- Pushing updates to GitHub ---
[2026-06-11T15:51:14]   $ git -C "C:\Kei\ComposerInvest" add .
[2026-06-11T15:51:15]   $ git -C "C:\Kei\ComposerInvest" commit -m "daily auto update 2026-06-11"
[2026-06-11T15:51:15]   $ git -C "C:\Kei\ComposerInvest" push
[2026-06-11T15:51:22] GitHub push successful.
[2026-06-11T15:53:02] market_report: === Market report generation started ===
[2026-06-11T15:53:02] market_report: Loaded 21 ETF points from Index_50_point.csv
[2026-06-11T15:53:02] market_report: Loaded 16 ETF allocations from composer_allocations_187hi.json (BLEE - 187 2026 ALL in One For High Interest Period)
[2026-06-11T15:53:06] market_report:   RSI-14 fetched: 50.78 (SPY close=737.58)
[2026-06-11T15:53:06] market_report:   RSI signal: Mildly Overbought — slight bear lean (10d avg=62.84, adj=-5, new score=+3.32)
[2026-06-11T15:53:06] market_report:   RSI override not triggered: Today RSI 50.8 ≤ 76.0 — override not triggered
[2026-06-11T15:53:06] market_report: Composite score: +3.32 -> Mostly Cloudy
[2026-06-11T15:53:08] market_report:   RSS WSJ: 20 items fetched
[2026-06-11T15:53:08] market_report:   Selected [WSJ] topic=EQUITY: Stocks Sink in Broad AI Rout Sparked by China's DeepSeek
[2026-06-11T15:53:10] market_report:   RSS Yahoo Finance: 46 items fetched
[2026-06-11T15:53:10] market_report:   Selected [Yahoo Finance] topic=OTHER: Jim Cramer Believes “LULU Could Get Interesting If The Business Turns 
[2026-06-11T15:53:11] market_report:   RSS fetch failed (Barron's): HTTP Error 403: Forbidden
[2026-06-11T15:53:11] market_report:   Barron's: RSS unavailable, using hardcoded fallback
[2026-06-11T15:53:11] market_report:   Selected [Barron's] topic=MACRO: Trade Winds: Tariff Developments Continue to Reshape Global Supply Cha
[2026-06-11T15:53:11] market_report: Fetched 3 news items
[2026-06-11T15:53:11] market_report: Updated marketDailySummary.html with score=+3.32 (Mostly Cloudy)
[2026-06-11T15:53:12] market_report: Stamped last-updated (06/11/2026 03:53 PM ET) into index.html
[2026-06-11T15:53:12] market_report: Stamped last-updated (06/11/2026 03:53 PM ET) into performance1.html
[2026-06-11T15:53:12] market_report: Stamped last-updated (06/11/2026 03:53 PM ET) into Algorithm185History.html
[2026-06-11T15:53:12] market_report: === Market report generation complete ===
[2026-06-12T15:51:01] archive: === Archive started ===
[2026-06-12T15:51:01] archive:   Archived -> marketForecast_2026-06-12.html
[2026-06-12T15:51:01] archive:   Archived -> dailySignal_2026-06-12.html
[2026-06-12T15:51:01] archive:   SKIP (not found): index_186main.html
[2026-06-12T15:51:01] archive:   Archived -> signal185_2026-06-12.html
[2026-06-12T15:51:01] archive:   Archived -> signalKei186_2026-06-12.html
[2026-06-12T15:51:01] archive:   Archived -> signal187hi_2026-06-12.html
[2026-06-12T15:51:01] archive: Rebuilt BackLog/index.html � 29 dates, 54 files
[2026-06-12T15:51:01] archive: === Archive complete ===
[2026-06-12T15:51:02] === Composer daily allocation pull ===
[2026-06-12T15:51:02] Configured symphonies: ['7GJZdYouz3l3acrmUPOD', 'jtQvlI5wINrxpOfxgmgl', 'qjmHJ3IR19kmaAlbgkNj', 'ZGersOlsQFRHg7U2qnSw', 'g7WBkfIc6UWUWC6NiAdu', 'iPifD8uTozTr0sbu9qiB']
[2026-06-12T15:51:02] No account_uuid in config; discovering via /accounts/list...
[2026-06-12T15:51:03] Using first account: b0d61a36-f329-4226-9d82-4494deaee5f5
[2026-06-12T15:51:03] (Tip: copy this account_uuid into composer_config.json to skip the lookup next run.)
[2026-06-12T15:51:03] Fetching per-symphony stats from /portfolio/.../symphony-stats-meta...
[2026-06-12T15:51:03] GET /api/v0.1/portfolio/accounts/b0d61a36-f329-4226-9d82-4494deaee5f5/symphony-stats-meta
[2026-06-12T15:51:05] Saved symphony-stats response to composer_symphony_stats_2026-06-12.json
[2026-06-12T15:51:05] True Composer account total (all symphonies): $50,321.28
[2026-06-12T15:51:05] --- BLEE - 186 2026 ALL in One 57% Max-Down SGOV Bond (7GJZdYouz3l3acrmUPOD) ---
[2026-06-12T15:51:05]   WARN: symphony-stats-meta returned no positions for 7GJZdYouz3l3acrmUPOD (check 2026-06-12 JSON to verify the id matches one in the response)
[2026-06-12T15:51:05]   ERROR: no positions found for 7GJZdYouz3l3acrmUPOD; skipping CSV/HTML for this symphony
[2026-06-12T15:51:05] --- BLEE - 186 2026 ALL in One (jtQvlI5wINrxpOfxgmgl) ---
[2026-06-12T15:51:05]   WARN: symphony-stats-meta returned no positions for jtQvlI5wINrxpOfxgmgl (check 2026-06-12 JSON to verify the id matches one in the response)
[2026-06-12T15:51:05]   ERROR: no positions found for jtQvlI5wINrxpOfxgmgl; skipping CSV/HTML for this symphony
[2026-06-12T15:51:05] --- BLEE - 187 2026 SGOV Bond 20% Yield and Min Dual Reversal (qjmHJ3IR19kmaAlbgkNj) ---
[2026-06-12T15:51:05]   WARN: symphony-stats-meta returned no positions for qjmHJ3IR19kmaAlbgkNj (check 2026-06-12 JSON to verify the id matches one in the response)
[2026-06-12T15:51:05]   ERROR: no positions found for qjmHJ3IR19kmaAlbgkNj; skipping CSV/HTML for this symphony
[2026-06-12T15:51:05] --- BLEE - 185 2026 SGOV and Dual Reversal (ZGersOlsQFRHg7U2qnSw) ---
[2026-06-12T15:51:05]   Got 4 positions from symphony-stats-meta
[2026-06-12T15:51:05]   RSI override: DISABLED (symphony handles its own rotation)
[2026-06-12T15:51:05]   Saved today's slice to composer_allocations_185v2_2026-06-12.json
[2026-06-12T15:51:05]   Updated stable file: composer_allocations_185.json
[2026-06-12T15:51:05]   Wrote 4 rows for 2026-06-12 to composer_allocations_185v2.csv (kept 72 prior rows, source=symphony-stats-meta)
[2026-06-12T15:51:05] Generated dashboard -> index_185v2.html (value=$5,293.73, days=19)
[2026-06-12T15:51:05] --- BLEE A - 186 Part 1 Kei 90% NVDA (g7WBkfIc6UWUWC6NiAdu) ---
[2026-06-12T15:51:05]   Got 10 positions from symphony-stats-meta
[2026-06-12T15:51:05]   RSI override: DISABLED (symphony handles its own rotation)
[2026-06-12T15:51:05]   Saved today's slice to composer_allocations_kei186_2026-06-12.json
[2026-06-12T15:51:05]   Updated stable file: composer_allocations_kei186.json
[2026-06-12T15:51:05]   Wrote 10 rows for 2026-06-12 to composer_allocations_kei186.csv (kept 170 prior rows, source=symphony-stats-meta)
[2026-06-12T15:51:05] Generated dashboard -> index_kei186.html (value=$14,859.00, days=19)
[2026-06-12T15:51:05] --- BLEE - 187 2026 ALL in One For High Interest Period (iPifD8uTozTr0sbu9qiB) ---
[2026-06-12T15:51:05]   WARN: symphony-stats-meta returned no positions for iPifD8uTozTr0sbu9qiB (check 2026-06-12 JSON to verify the id matches one in the response)
[2026-06-12T15:51:05]   ERROR: no positions found for iPifD8uTozTr0sbu9qiB; skipping CSV/HTML for this symphony
[2026-06-12T15:51:05] Published signal_latest.json (3 positions, date=2026-06-10)
[2026-06-12T15:51:05] Regenerated CurrentWatchSymphony.html (2 symphonies)
[2026-06-12T15:51:05] === Done ===
[2026-06-12T15:51:13] Stamped last-updated (06/12/2026 03:51 PM ET) into index.html
[2026-06-12T15:51:13] Stamped last-updated (06/12/2026 03:51 PM ET) into performance1.html
[2026-06-12T15:51:14] Stamped last-updated (06/12/2026 03:51 PM ET) into Algorithm185History.html
[2026-06-12T15:51:14] --- Pushing updates to GitHub ---
[2026-06-12T15:51:14]   $ git -C "C:\Kei\ComposerInvest" add .
[2026-06-12T15:51:14]   $ git -C "C:\Kei\ComposerInvest" commit -m "daily auto update 2026-06-12"
[2026-06-12T15:51:15]   $ git -C "C:\Kei\ComposerInvest" push
[2026-06-12T15:51:22] GitHub push successful.
[2026-06-12T15:53:02] market_report: === Market report generation started ===
[2026-06-12T15:53:02] market_report: Loaded 21 ETF points from Index_50_point.csv
[2026-06-12T15:53:02] market_report: Loaded 16 ETF allocations from composer_allocations_187hi.json (BLEE - 187 2026 ALL in One For High Interest Period)
[2026-06-12T15:53:06] market_report:   RSI-14 fetched: 53.07 (SPY close=741.02)
[2026-06-12T15:53:06] market_report:   RSI signal: Mildly Overbought — slight bear lean (10d avg=60.26, adj=-5, new score=+3.32)
[2026-06-12T15:53:06] market_report:   RSI override not triggered: Today RSI 53.1 ≤ 76.0 — override not triggered
[2026-06-12T15:53:06] market_report: Composite score: +3.32 -> Mostly Cloudy
[2026-06-12T15:53:08] market_report:   RSS WSJ: 20 items fetched
[2026-06-12T15:53:08] market_report:   Selected [WSJ] topic=EQUITY: Stocks Sink in Broad AI Rout Sparked by China's DeepSeek
[2026-06-12T15:53:09] market_report:   RSS Yahoo Finance: 45 items fetched
[2026-06-12T15:53:09] market_report:   Selected [Yahoo Finance] topic=OTHER: Mark Zuckerberg Says America Needs 'Hundreds Of Thousands' Of Skilled 
[2026-06-12T15:53:10] market_report:   RSS fetch failed (Barron's): HTTP Error 403: Forbidden
[2026-06-12T15:53:10] market_report:   Barron's: RSS unavailable, using hardcoded fallback
[2026-06-12T15:53:10] market_report:   Selected [Barron's] topic=MACRO: Trade Winds: Tariff Developments Continue to Reshape Global Supply Cha
[2026-06-12T15:53:10] market_report: Fetched 3 news items
[2026-06-12T15:53:10] market_report: Updated marketDailySummary.html with score=+3.32 (Mostly Cloudy)
[2026-06-12T15:53:11] market_report: Stamped last-updated (06/12/2026 03:53 PM ET) into index.html
[2026-06-12T15:53:11] market_report: Stamped last-updated (06/12/2026 03:53 PM ET) into performance1.html
[2026-06-12T15:53:11] market_report: Stamped last-updated (06/12/2026 03:53 PM ET) into Algorithm185History.html
[2026-06-12T15:53:11] market_report: === Market report generation complete ===
[2026-06-13T15:53:02] market_report: === Market report generation started ===
[2026-06-13T15:53:02] market_report: Loaded 21 ETF points from Index_50_point.csv
[2026-06-13T15:53:02] market_report: Loaded 16 ETF allocations from composer_allocations_187hi.json (BLEE - 187 2026 ALL in One For High Interest Period)
[2026-06-13T15:53:23] market_report:   RSI-14 fetched: 53.06 (SPY close=741.75)
[2026-06-13T15:53:23] market_report:   RSI signal: Mildly Overbought — slight bear lean (10d avg=60.26, adj=-5, new score=+3.32)
[2026-06-13T15:53:23] market_report:   RSI override not triggered: Today RSI 53.1 ≤ 76.0 — override not triggered
[2026-06-13T15:53:23] market_report: Composite score: +3.32 -> Mostly Cloudy
[2026-06-13T15:53:24] market_report:   RSS WSJ: 20 items fetched
[2026-06-13T15:53:24] market_report:   Selected [WSJ] topic=EQUITY: Stocks Sink in Broad AI Rout Sparked by China's DeepSeek
[2026-06-13T15:53:26] market_report:   RSS Yahoo Finance: 42 items fetched
[2026-06-13T15:53:26] market_report:   Selected [Yahoo Finance] topic=OTHER: Securitize brings tokenized CLO fund to Solana with $250 million backi
[2026-06-13T15:53:27] market_report:   RSS fetch failed (Barron's): HTTP Error 403: Forbidden
[2026-06-13T15:53:27] market_report:   Barron's: RSS unavailable, using hardcoded fallback
[2026-06-13T15:53:27] market_report:   Selected [Barron's] topic=MACRO: Trade Winds: Tariff Developments Continue to Reshape Global Supply Cha
[2026-06-13T15:53:27] market_report: Fetched 3 news items
[2026-06-13T15:53:27] market_report: Updated marketDailySummary.html with score=+3.32 (Mostly Cloudy)
[2026-06-13T15:53:27] market_report: Stamped last-updated (06/13/2026 03:53 PM ET) into index.html
[2026-06-13T15:53:28] market_report: Stamped last-updated (06/13/2026 03:53 PM ET) into performance1.html
[2026-06-13T15:53:28] market_report: Stamped last-updated (06/13/2026 03:53 PM ET) into Algorithm185History.html
[2026-06-13T15:53:28] market_report: === Market report generation complete ===
[2026-06-14T15:51:01] archive: === Archive started ===
[2026-06-14T15:51:01] archive:   Archived -> marketForecast_2026-06-14.html
[2026-06-14T15:51:01] archive:   Archived -> dailySignal_2026-06-14.html
[2026-06-14T15:51:01] archive:   SKIP (not found): index_186main.html
[2026-06-14T15:51:01] archive:   Archived -> signal185_2026-06-14.html
[2026-06-14T15:51:02] archive:   Archived -> signalKei186_2026-06-14.html
[2026-06-14T15:51:02] archive:   Archived -> signal187hi_2026-06-14.html
[2026-06-14T15:51:02] archive: Rebuilt BackLog/index.html � 30 dates, 56 files
[2026-06-14T15:51:02] archive: === Archive complete ===
[2026-06-14T15:51:02] === Composer daily allocation pull ===
[2026-06-14T15:51:02] Configured symphonies: ['7GJZdYouz3l3acrmUPOD', 'jtQvlI5wINrxpOfxgmgl', 'qjmHJ3IR19kmaAlbgkNj', 'ZGersOlsQFRHg7U2qnSw', 'g7WBkfIc6UWUWC6NiAdu', 'iPifD8uTozTr0sbu9qiB']
[2026-06-14T15:51:02] No account_uuid in config; discovering via /accounts/list...
[2026-06-14T15:51:04] Using first account: b0d61a36-f329-4226-9d82-4494deaee5f5
[2026-06-14T15:51:04] (Tip: copy this account_uuid into composer_config.json to skip the lookup next run.)
[2026-06-14T15:51:04] Fetching per-symphony stats from /portfolio/.../symphony-stats-meta...
[2026-06-14T15:51:04] GET /api/v0.1/portfolio/accounts/b0d61a36-f329-4226-9d82-4494deaee5f5/symphony-stats-meta
[2026-06-14T15:51:05] Saved symphony-stats response to composer_symphony_stats_2026-06-14.json
[2026-06-14T15:51:05] True Composer account total (all symphonies): $50,351.51
[2026-06-14T15:51:05] --- BLEE - 186 2026 ALL in One 57% Max-Down SGOV Bond (7GJZdYouz3l3acrmUPOD) ---
[2026-06-14T15:51:05]   WARN: symphony-stats-meta returned no positions for 7GJZdYouz3l3acrmUPOD (check 2026-06-14 JSON to verify the id matches one in the response)
[2026-06-14T15:51:05]   ERROR: no positions found for 7GJZdYouz3l3acrmUPOD; skipping CSV/HTML for this symphony
[2026-06-14T15:51:05] --- BLEE - 186 2026 ALL in One (jtQvlI5wINrxpOfxgmgl) ---
[2026-06-14T15:51:05]   WARN: symphony-stats-meta returned no positions for jtQvlI5wINrxpOfxgmgl (check 2026-06-14 JSON to verify the id matches one in the response)
[2026-06-14T15:51:05]   ERROR: no positions found for jtQvlI5wINrxpOfxgmgl; skipping CSV/HTML for this symphony
[2026-06-14T15:51:05] --- BLEE - 187 2026 SGOV Bond 20% Yield and Min Dual Reversal (qjmHJ3IR19kmaAlbgkNj) ---
[2026-06-14T15:51:05]   WARN: symphony-stats-meta returned no positions for qjmHJ3IR19kmaAlbgkNj (check 2026-06-14 JSON to verify the id matches one in the response)
[2026-06-14T15:51:05]   ERROR: no positions found for qjmHJ3IR19kmaAlbgkNj; skipping CSV/HTML for this symphony
[2026-06-14T15:51:05] --- BLEE - 185 2026 SGOV and Dual Reversal (ZGersOlsQFRHg7U2qnSw) ---
[2026-06-14T15:51:05]   Got 4 positions from symphony-stats-meta
[2026-06-14T15:51:05]   RSI override: DISABLED (symphony handles its own rotation)
[2026-06-14T15:51:05]   Saved today's slice to composer_allocations_185v2_2026-06-14.json
[2026-06-14T15:51:05]   Updated stable file: composer_allocations_185.json
[2026-06-14T15:51:05]   Wrote 4 rows for 2026-06-14 to composer_allocations_185v2.csv (kept 76 prior rows, source=symphony-stats-meta)
[2026-06-14T15:51:05] Generated dashboard -> index_185v2.html (value=$5,295.14, days=20)
[2026-06-14T15:51:05] --- BLEE A - 186 Part 1 Kei 90% NVDA (g7WBkfIc6UWUWC6NiAdu) ---
[2026-06-14T15:51:05]   Got 10 positions from symphony-stats-meta
[2026-06-14T15:51:05]   RSI override: DISABLED (symphony handles its own rotation)
[2026-06-14T15:51:05]   Saved today's slice to composer_allocations_kei186_2026-06-14.json
[2026-06-14T15:51:05]   Updated stable file: composer_allocations_kei186.json
[2026-06-14T15:51:05]   Wrote 10 rows for 2026-06-14 to composer_allocations_kei186.csv (kept 180 prior rows, source=symphony-stats-meta)
[2026-06-14T15:51:05] Generated dashboard -> index_kei186.html (value=$14,873.32, days=20)
[2026-06-14T15:51:05] --- BLEE - 187 2026 ALL in One For High Interest Period (iPifD8uTozTr0sbu9qiB) ---
[2026-06-14T15:51:05]   WARN: symphony-stats-meta returned no positions for iPifD8uTozTr0sbu9qiB (check 2026-06-14 JSON to verify the id matches one in the response)
[2026-06-14T15:51:05]   ERROR: no positions found for iPifD8uTozTr0sbu9qiB; skipping CSV/HTML for this symphony
[2026-06-14T15:51:05] Published signal_latest.json (3 positions, date=2026-06-10)
[2026-06-14T15:51:05] Regenerated CurrentWatchSymphony.html (2 symphonies)
[2026-06-14T15:51:05] === Done ===
[2026-06-14T15:51:13] Stamped last-updated (06/14/2026 03:51 PM ET) into index.html
[2026-06-14T15:51:13] Stamped last-updated (06/14/2026 03:51 PM ET) into performance1.html
[2026-06-14T15:51:13] Stamped last-updated (06/14/2026 03:51 PM ET) into Algorithm185History.html
[2026-06-14T15:51:13] --- Pushing updates to GitHub ---
[2026-06-14T15:51:13]   $ git -C "C:\Kei\ComposerInvest" add .
[2026-06-14T15:51:14]   $ git -C "C:\Kei\ComposerInvest" commit -m "daily auto update 2026-06-14"
[2026-06-14T15:51:15]   $ git -C "C:\Kei\ComposerInvest" push
[2026-06-14T15:51:22] GitHub push successful.
[2026-06-14T15:53:02] market_report: === Market report generation started ===
[2026-06-14T15:53:02] market_report: Loaded 21 ETF points from Index_50_point.csv
[2026-06-14T15:53:02] market_report: Loaded 16 ETF allocations from composer_allocations_187hi.json (BLEE - 187 2026 ALL in One For High Interest Period)
[2026-06-14T15:53:06] market_report:   RSI-14 fetched: 52.72 (SPY close=741.75)
[2026-06-14T15:53:06] market_report:   RSI signal: Mildly Overbought — slight bear lean (10d avg=60.26, adj=-5, new score=+3.32)
[2026-06-14T15:53:06] market_report:   RSI override not triggered: Today RSI 53.1 ≤ 76.0 — override not triggered
[2026-06-14T15:53:06] market_report: Composite score: +3.32 -> Mostly Cloudy
[2026-06-14T15:53:07] market_report:   RSS WSJ: 20 items fetched
[2026-06-14T15:53:07] market_report:   Selected [WSJ] topic=EQUITY: Stocks Sink in Broad AI Rout Sparked by China's DeepSeek
[2026-06-14T15:53:09] market_report:   RSS Yahoo Finance: 50 items fetched
[2026-06-14T15:53:09] market_report:   Selected [Yahoo Finance] topic=OTHER: Lumentum (LITE): JPMorgan Pushback Helps Keep the AI Optical Networkin
[2026-06-14T15:53:10] market_report:   RSS fetch failed (Barron's): HTTP Error 403: Forbidden
[2026-06-14T15:53:10] market_report:   Barron's: RSS unavailable, using hardcoded fallback
[2026-06-14T15:53:10] market_report:   Selected [Barron's] topic=MACRO: Trade Winds: Tariff Developments Continue to Reshape Global Supply Cha
[2026-06-14T15:53:10] market_report: Fetched 3 news items
[2026-06-14T15:53:10] market_report: Updated marketDailySummary.html with score=+3.32 (Mostly Cloudy)
[2026-06-14T15:53:10] market_report: Stamped last-updated (06/14/2026 03:53 PM ET) into index.html
[2026-06-14T15:53:11] market_report: Stamped last-updated (06/14/2026 03:53 PM ET) into performance1.html
[2026-06-14T15:53:11] market_report: Stamped last-updated (06/14/2026 03:53 PM ET) into Algorithm185History.html
[2026-06-14T15:53:11] market_report: === Market report generation complete ===
[2026-06-15T15:51:01] archive: === Archive started ===
[2026-06-15T15:51:01] archive:   Archived -> marketForecast_2026-06-15.html
[2026-06-15T15:51:01] archive:   Archived -> dailySignal_2026-06-15.html
[2026-06-15T15:51:01] archive:   SKIP (not found): index_186main.html
[2026-06-15T15:51:01] archive:   Archived -> signal185_2026-06-15.html
[2026-06-15T15:51:01] archive:   Archived -> signalKei186_2026-06-15.html
[2026-06-15T15:51:01] archive:   Archived -> signal187hi_2026-06-15.html
[2026-06-15T15:51:01] archive: Rebuilt BackLog/index.html � 31 dates, 58 files
[2026-06-15T15:51:01] archive: === Archive complete ===
[2026-06-15T15:51:02] === Composer daily allocation pull ===
[2026-06-15T15:51:02] Configured symphonies: ['7GJZdYouz3l3acrmUPOD', 'jtQvlI5wINrxpOfxgmgl', 'qjmHJ3IR19kmaAlbgkNj', 'ZGersOlsQFRHg7U2qnSw', 'g7WBkfIc6UWUWC6NiAdu', 'iPifD8uTozTr0sbu9qiB']
[2026-06-15T15:51:02] No account_uuid in config; discovering via /accounts/list...
[2026-06-15T15:51:03] Using first account: b0d61a36-f329-4226-9d82-4494deaee5f5
[2026-06-15T15:51:03] (Tip: copy this account_uuid into composer_config.json to skip the lookup next run.)
[2026-06-15T15:51:03] Fetching per-symphony stats from /portfolio/.../symphony-stats-meta...
[2026-06-15T15:51:03] GET /api/v0.1/portfolio/accounts/b0d61a36-f329-4226-9d82-4494deaee5f5/symphony-stats-meta
[2026-06-15T15:51:05] Saved symphony-stats response to composer_symphony_stats_2026-06-15.json
[2026-06-15T15:51:05] True Composer account total (all symphonies): $52,045.01
[2026-06-15T15:51:05] --- BLEE - 186 2026 ALL in One 57% Max-Down SGOV Bond (7GJZdYouz3l3acrmUPOD) ---
[2026-06-15T15:51:05]   WARN: symphony-stats-meta returned no positions for 7GJZdYouz3l3acrmUPOD (check 2026-06-15 JSON to verify the id matches one in the response)
[2026-06-15T15:51:05]   ERROR: no positions found for 7GJZdYouz3l3acrmUPOD; skipping CSV/HTML for this symphony
[2026-06-15T15:51:05] --- BLEE - 186 2026 ALL in One (jtQvlI5wINrxpOfxgmgl) ---
[2026-06-15T15:51:05]   WARN: symphony-stats-meta returned no positions for jtQvlI5wINrxpOfxgmgl (check 2026-06-15 JSON to verify the id matches one in the response)
[2026-06-15T15:51:05]   ERROR: no positions found for jtQvlI5wINrxpOfxgmgl; skipping CSV/HTML for this symphony
[2026-06-15T15:51:05] --- BLEE - 187 2026 SGOV Bond 20% Yield and Min Dual Reversal (qjmHJ3IR19kmaAlbgkNj) ---
[2026-06-15T15:51:05]   WARN: symphony-stats-meta returned no positions for qjmHJ3IR19kmaAlbgkNj (check 2026-06-15 JSON to verify the id matches one in the response)
[2026-06-15T15:51:05]   ERROR: no positions found for qjmHJ3IR19kmaAlbgkNj; skipping CSV/HTML for this symphony
[2026-06-15T15:51:05] --- BLEE - 185 2026 SGOV and Dual Reversal (ZGersOlsQFRHg7U2qnSw) ---
[2026-06-15T15:51:05]   Got 4 positions from symphony-stats-meta
[2026-06-15T15:51:05]   RSI override: DISABLED (symphony handles its own rotation)
[2026-06-15T15:51:05]   Saved today's slice to composer_allocations_185v2_2026-06-15.json
[2026-06-15T15:51:05]   Updated stable file: composer_allocations_185.json
[2026-06-15T15:51:05]   Wrote 4 rows for 2026-06-15 to composer_allocations_185v2.csv (kept 80 prior rows, source=symphony-stats-meta)
[2026-06-15T15:51:05] Generated dashboard -> index_185v2.html (value=$5,324.74, days=21)
[2026-06-15T15:51:05] --- BLEE A - 186 Part 1 Kei 90% NVDA (g7WBkfIc6UWUWC6NiAdu) ---
[2026-06-15T15:51:05]   Got 10 positions from symphony-stats-meta
[2026-06-15T15:51:05]   RSI override: DISABLED (symphony handles its own rotation)
[2026-06-15T15:51:05]   Saved today's slice to composer_allocations_kei186_2026-06-15.json
[2026-06-15T15:51:05]   Updated stable file: composer_allocations_kei186.json
[2026-06-15T15:51:05]   Wrote 10 rows for 2026-06-15 to composer_allocations_kei186.csv (kept 190 prior rows, source=symphony-stats-meta)
[2026-06-15T15:51:05] Generated dashboard -> index_kei186.html (value=$15,633.99, days=21)
[2026-06-15T15:51:05] --- BLEE - 187 2026 ALL in One For High Interest Period (iPifD8uTozTr0sbu9qiB) ---
[2026-06-15T15:51:05]   WARN: symphony-stats-meta returned no positions for iPifD8uTozTr0sbu9qiB (check 2026-06-15 JSON to verify the id matches one in the response)
[2026-06-15T15:51:05]   ERROR: no positions found for iPifD8uTozTr0sbu9qiB; skipping CSV/HTML for this symphony
[2026-06-15T15:51:05] Published signal_latest.json (3 positions, date=2026-06-10)
[2026-06-15T15:51:05] Regenerated CurrentWatchSymphony.html (2 symphonies)
[2026-06-15T15:51:05] === Done ===
[2026-06-15T15:51:13] Stamped last-updated (06/15/2026 03:51 PM ET) into index.html
[2026-06-15T15:51:14] Stamped last-updated (06/15/2026 03:51 PM ET) into performance1.html
[2026-06-15T15:51:14] Stamped last-updated (06/15/2026 03:51 PM ET) into Algorithm185History.html
[2026-06-15T15:51:14] --- Pushing updates to GitHub ---
[2026-06-15T15:51:14]   $ git -C "C:\Kei\ComposerInvest" add .
[2026-06-15T15:51:15]   $ git -C "C:\Kei\ComposerInvest" commit -m "daily auto update 2026-06-15"
[2026-06-15T15:51:15]   $ git -C "C:\Kei\ComposerInvest" push
[2026-06-15T15:51:22] GitHub push successful.
[2026-06-15T15:53:02] market_report: === Market report generation started ===
[2026-06-15T15:53:02] market_report: Loaded 21 ETF points from Index_50_point.csv
[2026-06-15T15:53:02] market_report: Loaded 16 ETF allocations from composer_allocations_187hi.json (BLEE - 187 2026 ALL in One For High Interest Period)
[2026-06-15T15:53:06] market_report:   RSI-14 fetched: 59.78 (SPY close=753.82)
[2026-06-15T15:53:06] market_report:   RSI signal: Mildly Overbought — slight bear lean (10d avg=58.35, adj=-5, new score=+3.32)
[2026-06-15T15:53:06] market_report:   RSI override not triggered: Today RSI 59.8 ≤ 76.0 — override not triggered
[2026-06-15T15:53:06] market_report: Composite score: +3.32 -> Mostly Cloudy
[2026-06-15T15:53:07] market_report:   RSS WSJ: 20 items fetched
[2026-06-15T15:53:07] market_report:   Selected [WSJ] topic=EQUITY: Stocks Sink in Broad AI Rout Sparked by China's DeepSeek
[2026-06-15T15:53:09] market_report:   RSS Yahoo Finance: 43 items fetched
[2026-06-15T15:53:09] market_report:   Selected [Yahoo Finance] topic=OTHER: Oil executives send a blunt message to Americans on gas prices
[2026-06-15T15:53:10] market_report:   RSS fetch failed (Barron's): HTTP Error 403: Forbidden
[2026-06-15T15:53:10] market_report:   Barron's: RSS unavailable, using hardcoded fallback
[2026-06-15T15:53:10] market_report:   Selected [Barron's] topic=MACRO: Trade Winds: Tariff Developments Continue to Reshape Global Supply Cha
[2026-06-15T15:53:10] market_report: Fetched 3 news items
[2026-06-15T15:53:10] market_report: Updated marketDailySummary.html with score=+3.32 (Mostly Cloudy)
[2026-06-15T15:53:10] market_report: Stamped last-updated (06/15/2026 03:53 PM ET) into index.html
[2026-06-15T15:53:10] market_report: Stamped last-updated (06/15/2026 03:53 PM ET) into performance1.html
[2026-06-15T15:53:10] market_report: Stamped last-updated (06/15/2026 03:53 PM ET) into Algorithm185History.html
[2026-06-15T15:53:10] market_report: === Market report generation complete ===
[2026-06-16T15:51:01] archive: === Archive started ===
[2026-06-16T15:51:01] archive:   Archived -> marketForecast_2026-06-16.html
[2026-06-16T15:51:01] archive:   Archived -> dailySignal_2026-06-16.html
[2026-06-16T15:51:01] archive:   SKIP (not found): index_186main.html
[2026-06-16T15:51:01] archive:   Archived -> signal185_2026-06-16.html
[2026-06-16T15:51:02] archive:   Archived -> signalKei186_2026-06-16.html
[2026-06-16T15:51:02] archive:   Archived -> signal187hi_2026-06-16.html
[2026-06-16T15:51:02] archive: Rebuilt BackLog/index.html � 32 dates, 60 files
[2026-06-16T15:51:02] archive: === Archive complete ===
[2026-06-16T15:51:02] === Composer daily allocation pull ===
[2026-06-16T15:51:03] Configured symphonies: ['7GJZdYouz3l3acrmUPOD', 'jtQvlI5wINrxpOfxgmgl', 'qjmHJ3IR19kmaAlbgkNj', 'ZGersOlsQFRHg7U2qnSw', 'g7WBkfIc6UWUWC6NiAdu', 'iPifD8uTozTr0sbu9qiB']
[2026-06-16T15:51:03] No account_uuid in config; discovering via /accounts/list...
[2026-06-16T15:51:04] Using first account: b0d61a36-f329-4226-9d82-4494deaee5f5
[2026-06-16T15:51:04] (Tip: copy this account_uuid into composer_config.json to skip the lookup next run.)
[2026-06-16T15:51:04] Fetching per-symphony stats from /portfolio/.../symphony-stats-meta...
[2026-06-16T15:51:04] GET /api/v0.1/portfolio/accounts/b0d61a36-f329-4226-9d82-4494deaee5f5/symphony-stats-meta
[2026-06-16T15:51:05] Saved symphony-stats response to composer_symphony_stats_2026-06-16.json
[2026-06-16T15:51:05] True Composer account total (all symphonies): $53,549.54
[2026-06-16T15:51:05] --- BLEE - 186 2026 ALL in One 57% Max-Down SGOV Bond (7GJZdYouz3l3acrmUPOD) ---
[2026-06-16T15:51:05]   WARN: symphony-stats-meta returned no positions for 7GJZdYouz3l3acrmUPOD (check 2026-06-16 JSON to verify the id matches one in the response)
[2026-06-16T15:51:05]   ERROR: no positions found for 7GJZdYouz3l3acrmUPOD; skipping CSV/HTML for this symphony
[2026-06-16T15:51:05] --- BLEE - 186 2026 ALL in One (jtQvlI5wINrxpOfxgmgl) ---
[2026-06-16T15:51:05]   WARN: symphony-stats-meta returned no positions for jtQvlI5wINrxpOfxgmgl (check 2026-06-16 JSON to verify the id matches one in the response)
[2026-06-16T15:51:05]   ERROR: no positions found for jtQvlI5wINrxpOfxgmgl; skipping CSV/HTML for this symphony
[2026-06-16T15:51:05] --- BLEE - 187 2026 SGOV Bond 20% Yield and Min Dual Reversal (qjmHJ3IR19kmaAlbgkNj) ---
[2026-06-16T15:51:05]   WARN: symphony-stats-meta returned no positions for qjmHJ3IR19kmaAlbgkNj (check 2026-06-16 JSON to verify the id matches one in the response)
[2026-06-16T15:51:05]   ERROR: no positions found for qjmHJ3IR19kmaAlbgkNj; skipping CSV/HTML for this symphony
[2026-06-16T15:51:05] --- BLEE - 185 2026 SGOV and Dual Reversal (ZGersOlsQFRHg7U2qnSw) ---
[2026-06-16T15:51:05]   Got 4 positions from symphony-stats-meta
[2026-06-16T15:51:05]   RSI override: DISABLED (symphony handles its own rotation)
[2026-06-16T15:51:05]   Saved today's slice to composer_allocations_185v2_2026-06-16.json
[2026-06-16T15:51:05]   Updated stable file: composer_allocations_185.json
[2026-06-16T15:51:05]   Wrote 4 rows for 2026-06-16 to composer_allocations_185v2.csv (kept 84 prior rows, source=symphony-stats-meta)
[2026-06-16T15:51:05] Generated dashboard -> index_185v2.html (value=$5,337.40, days=22)
[2026-06-16T15:51:05] --- BLEE A - 186 Part 1 Kei 90% NVDA (g7WBkfIc6UWUWC6NiAdu) ---
[2026-06-16T15:51:05]   Got 11 positions from symphony-stats-meta
[2026-06-16T15:51:05]   RSI override: DISABLED (symphony handles its own rotation)
[2026-06-16T15:51:05]   Saved today's slice to composer_allocations_kei186_2026-06-16.json
[2026-06-16T15:51:05]   Updated stable file: composer_allocations_kei186.json
[2026-06-16T15:51:05]   Wrote 11 rows for 2026-06-16 to composer_allocations_kei186.csv (kept 200 prior rows, source=symphony-stats-meta)
[2026-06-16T15:51:06] Generated dashboard -> index_kei186.html (value=$17,610.75, days=22)
[2026-06-16T15:51:06] --- BLEE - 187 2026 ALL in One For High Interest Period (iPifD8uTozTr0sbu9qiB) ---
[2026-06-16T15:51:06]   WARN: symphony-stats-meta returned no positions for iPifD8uTozTr0sbu9qiB (check 2026-06-16 JSON to verify the id matches one in the response)
[2026-06-16T15:51:06]   ERROR: no positions found for iPifD8uTozTr0sbu9qiB; skipping CSV/HTML for this symphony
[2026-06-16T15:51:06] Published signal_latest.json (3 positions, date=2026-06-10)
[2026-06-16T15:51:06] Regenerated CurrentWatchSymphony.html (2 symphonies)
[2026-06-16T15:51:06] === Done ===
[2026-06-16T15:51:14] Stamped last-updated (06/16/2026 03:51 PM ET) into index.html
[2026-06-16T15:51:14] Stamped last-updated (06/16/2026 03:51 PM ET) into performance1.html
[2026-06-16T15:51:14] Stamped last-updated (06/16/2026 03:51 PM ET) into Algorithm185History.html
[2026-06-16T15:51:14] --- Pushing updates to GitHub ---
[2026-06-16T15:51:14]   $ git -C "C:\Kei\ComposerInvest" add .
[2026-06-16T15:51:15]   $ git -C "C:\Kei\ComposerInvest" commit -m "daily auto update 2026-06-16"
[2026-06-16T15:51:16]   $ git -C "C:\Kei\ComposerInvest" push
[2026-06-16T15:51:22] GitHub push successful.
[2026-06-16T15:53:02] market_report: === Market report generation started ===
[2026-06-16T15:53:02] market_report: Loaded 21 ETF points from Index_50_point.csv
[2026-06-16T15:53:02] market_report: Loaded 16 ETF allocations from composer_allocations_187hi.json (BLEE - 187 2026 ALL in One For High Interest Period)
[2026-06-16T15:53:06] market_report:   RSI-14 fetched: 56.66 (SPY close=750.66)
[2026-06-16T15:53:06] market_report:   RSI signal: Mildly Overbought — slight bear lean (10d avg=56.09, adj=-5, new score=+3.32)
[2026-06-16T15:53:06] market_report:   RSI override not triggered: Today RSI 56.7 ≤ 76.0 — override not triggered
[2026-06-16T15:53:06] market_report: Composite score: +3.32 -> Mostly Cloudy
[2026-06-16T15:53:08] market_report:   RSS WSJ: 20 items fetched
[2026-06-16T15:53:08] market_report:   Selected [WSJ] topic=EQUITY: Stocks Sink in Broad AI Rout Sparked by China's DeepSeek
[2026-06-16T15:53:09] market_report:   RSS Yahoo Finance: 47 items fetched
[2026-06-16T15:53:09] market_report:   Selected [Yahoo Finance] topic=OTHER: Morning Bid: 'Let the oil flow'
[2026-06-16T15:53:10] market_report:   RSS fetch failed (Barron's): HTTP Error 403: Forbidden
[2026-06-16T15:53:10] market_report:   Barron's: RSS unavailable, using hardcoded fallback
[2026-06-16T15:53:10] market_report:   Selected [Barron's] topic=MACRO: Trade Winds: Tariff Developments Continue to Reshape Global Supply Cha
[2026-06-16T15:53:10] market_report: Fetched 3 news items
[2026-06-16T15:53:10] market_report: Updated marketDailySummary.html with score=+3.32 (Mostly Cloudy)
[2026-06-16T15:53:10] market_report: Stamped last-updated (06/16/2026 03:53 PM ET) into index.html
[2026-06-16T15:53:11] market_report: Stamped last-updated (06/16/2026 03:53 PM ET) into performance1.html
[2026-06-16T15:53:11] market_report: Stamped last-updated (06/16/2026 03:53 PM ET) into Algorithm185History.html
[2026-06-16T15:53:11] market_report: === Market report generation complete ===
[2026-06-17T15:51:01] archive: === Archive started ===
[2026-06-17T15:51:01] archive:   Archived -> marketForecast_2026-06-17.html
[2026-06-17T15:51:01] archive:   Archived -> dailySignal_2026-06-17.html
[2026-06-17T15:51:01] archive:   SKIP (not found): index_186main.html
[2026-06-17T15:51:02] archive:   Archived -> signal185_2026-06-17.html
[2026-06-17T15:51:02] archive:   Archived -> signalKei186_2026-06-17.html
[2026-06-17T15:51:02] archive:   Archived -> signal187hi_2026-06-17.html
[2026-06-17T15:51:02] archive: Rebuilt BackLog/index.html � 33 dates, 62 files
[2026-06-17T15:51:02] archive: === Archive complete ===
[2026-06-17T15:51:02] === Composer daily allocation pull ===
[2026-06-17T15:51:02] Configured symphonies: ['7GJZdYouz3l3acrmUPOD', 'jtQvlI5wINrxpOfxgmgl', 'qjmHJ3IR19kmaAlbgkNj', 'ZGersOlsQFRHg7U2qnSw', 'g7WBkfIc6UWUWC6NiAdu', 'iPifD8uTozTr0sbu9qiB']
[2026-06-17T15:51:02] No account_uuid in config; discovering via /accounts/list...
[2026-06-17T15:51:04] Using first account: b0d61a36-f329-4226-9d82-4494deaee5f5
[2026-06-17T15:51:04] (Tip: copy this account_uuid into composer_config.json to skip the lookup next run.)
[2026-06-17T15:51:04] Fetching per-symphony stats from /portfolio/.../symphony-stats-meta...
[2026-06-17T15:51:04] GET /api/v0.1/portfolio/accounts/b0d61a36-f329-4226-9d82-4494deaee5f5/symphony-stats-meta
[2026-06-17T15:51:05] Saved symphony-stats response to composer_symphony_stats_2026-06-17.json
[2026-06-17T15:51:05] True Composer account total (all symphonies): $52,561.10
[2026-06-17T15:51:05] --- BLEE - 186 2026 ALL in One 57% Max-Down SGOV Bond (7GJZdYouz3l3acrmUPOD) ---
[2026-06-17T15:51:05]   WARN: symphony-stats-meta returned no positions for 7GJZdYouz3l3acrmUPOD (check 2026-06-17 JSON to verify the id matches one in the response)
[2026-06-17T15:51:05]   ERROR: no positions found for 7GJZdYouz3l3acrmUPOD; skipping CSV/HTML for this symphony
[2026-06-17T15:51:05] --- BLEE - 186 2026 ALL in One (jtQvlI5wINrxpOfxgmgl) ---
[2026-06-17T15:51:05]   WARN: symphony-stats-meta returned no positions for jtQvlI5wINrxpOfxgmgl (check 2026-06-17 JSON to verify the id matches one in the response)
[2026-06-17T15:51:05]   ERROR: no positions found for jtQvlI5wINrxpOfxgmgl; skipping CSV/HTML for this symphony
[2026-06-17T15:51:05] --- BLEE - 187 2026 SGOV Bond 20% Yield and Min Dual Reversal (qjmHJ3IR19kmaAlbgkNj) ---
[2026-06-17T15:51:05]   WARN: symphony-stats-meta returned no positions for qjmHJ3IR19kmaAlbgkNj (check 2026-06-17 JSON to verify the id matches one in the response)
[2026-06-17T15:51:05]   ERROR: no positions found for qjmHJ3IR19kmaAlbgkNj; skipping CSV/HTML for this symphony
[2026-06-17T15:51:05] --- BLEE - 185 2026 SGOV and Dual Reversal (ZGersOlsQFRHg7U2qnSw) ---
[2026-06-17T15:51:05]   Got 4 positions from symphony-stats-meta
[2026-06-17T15:51:05]   RSI override: DISABLED (symphony handles its own rotation)
[2026-06-17T15:51:05]   Saved today's slice to composer_allocations_185v2_2026-06-17.json
[2026-06-17T15:51:05]   Updated stable file: composer_allocations_185.json
[2026-06-17T15:51:05]   Wrote 4 rows for 2026-06-17 to composer_allocations_185v2.csv (kept 88 prior rows, source=symphony-stats-meta)
[2026-06-17T15:51:05] Generated dashboard -> index_185v2.html (value=$5,308.10, days=23)
[2026-06-17T15:51:05] --- BLEE A - 186 Part 1 Kei 90% NVDA (g7WBkfIc6UWUWC6NiAdu) ---
[2026-06-17T15:51:05]   Got 11 positions from symphony-stats-meta
[2026-06-17T15:51:05]   RSI override: DISABLED (symphony handles its own rotation)
[2026-06-17T15:51:05]   Saved today's slice to composer_allocations_kei186_2026-06-17.json
[2026-06-17T15:51:05]   Updated stable file: composer_allocations_kei186.json
[2026-06-17T15:51:05]   Wrote 11 rows for 2026-06-17 to composer_allocations_kei186.csv (kept 211 prior rows, source=symphony-stats-meta)
[2026-06-17T15:51:05] Generated dashboard -> index_kei186.html (value=$17,125.49, days=23)
[2026-06-17T15:51:05] --- BLEE - 187 2026 ALL in One For High Interest Period (iPifD8uTozTr0sbu9qiB) ---
[2026-06-17T15:51:05]   WARN: symphony-stats-meta returned no positions for iPifD8uTozTr0sbu9qiB (check 2026-06-17 JSON to verify the id matches one in the response)
[2026-06-17T15:51:05]   ERROR: no positions found for iPifD8uTozTr0sbu9qiB; skipping CSV/HTML for this symphony
[2026-06-17T15:51:05] Published signal_latest.json (3 positions, date=2026-06-10)
[2026-06-17T15:51:05] Regenerated CurrentWatchSymphony.html (2 symphonies)
[2026-06-17T15:51:05] === Done ===
[2026-06-17T15:51:13] Stamped last-updated (06/17/2026 03:51 PM ET) into index.html
[2026-06-17T15:51:13] Stamped last-updated (06/17/2026 03:51 PM ET) into performance1.html
[2026-06-17T15:51:13] Stamped last-updated (06/17/2026 03:51 PM ET) into Algorithm185History.html
[2026-06-17T15:51:13] --- Pushing updates to GitHub ---
[2026-06-17T15:51:13]   $ git -C "C:\Kei\ComposerInvest" add .
[2026-06-17T15:51:14]   $ git -C "C:\Kei\ComposerInvest" commit -m "daily auto update 2026-06-17"
[2026-06-17T15:51:15]   $ git -C "C:\Kei\ComposerInvest" push
[2026-06-17T15:51:21] GitHub push successful.
[2026-06-17T15:53:02] market_report: === Market report generation started ===
[2026-06-17T15:53:02] market_report: Loaded 21 ETF points from Index_50_point.csv
[2026-06-17T15:53:02] market_report: Loaded 16 ETF allocations from composer_allocations_187hi.json (BLEE - 187 2026 ALL in One For High Interest Period)
[2026-06-17T15:53:06] market_report:   RSI-14 fetched: 49.63 (SPY close=739.77)
[2026-06-17T15:53:06] market_report:   RSI signal: Neutral RSI (10d avg=53.88, adj=+0, new score=+8.32)
[2026-06-17T15:53:06] market_report:   RSI override not triggered: Today RSI 49.6 ≤ 76.0 — override not triggered
[2026-06-17T15:53:06] market_report: Composite score: +8.32 -> Mostly Cloudy
[2026-06-17T15:53:07] market_report:   RSS WSJ: 20 items fetched
[2026-06-17T15:53:07] market_report:   Selected [WSJ] topic=EQUITY: Stocks Sink in Broad AI Rout Sparked by China's DeepSeek
[2026-06-17T15:53:09] market_report:   RSS Yahoo Finance: 50 items fetched
[2026-06-17T15:53:09] market_report:   Selected [Yahoo Finance] topic=OTHER: Mark Cuban has a blunt response to Coinbase CEO
[2026-06-17T15:53:10] market_report:   RSS fetch failed (Barron's): HTTP Error 403: Forbidden
[2026-06-17T15:53:10] market_report:   Barron's: RSS unavailable, using hardcoded fallback
[2026-06-17T15:53:10] market_report:   Selected [Barron's] topic=MACRO: Trade Winds: Tariff Developments Continue to Reshape Global Supply Cha
[2026-06-17T15:53:10] market_report: Fetched 3 news items
[2026-06-17T15:53:10] market_report: Updated marketDailySummary.html with score=+8.32 (Mostly Cloudy)
[2026-06-17T15:53:10] market_report: Stamped last-updated (06/17/2026 03:53 PM ET) into index.html
[2026-06-17T15:53:10] market_report: Stamped last-updated (06/17/2026 03:53 PM ET) into performance1.html
[2026-06-17T15:53:10] market_report: Stamped last-updated (06/17/2026 03:53 PM ET) into Algorithm185History.html
[2026-06-17T15:53:10] market_report: === Market report generation complete ===
[2026-06-18T15:51:01] archive: === Archive started ===
[2026-06-18T15:51:01] archive:   Archived -> marketForecast_2026-06-18.html
[2026-06-18T15:51:01] archive:   Archived -> dailySignal_2026-06-18.html
[2026-06-18T15:51:01] archive:   SKIP (not found): index_186main.html
[2026-06-18T15:51:02] archive:   Archived -> signal185_2026-06-18.html
[2026-06-18T15:51:02] archive:   Archived -> signalKei186_2026-06-18.html
[2026-06-18T15:51:02] archive:   Archived -> signal187hi_2026-06-18.html
[2026-06-18T15:51:02] archive: Rebuilt BackLog/index.html � 34 dates, 64 files
[2026-06-18T15:51:02] archive: === Archive complete ===
[2026-06-18T15:51:02] === Composer daily allocation pull ===
[2026-06-18T15:51:02] Configured symphonies: ['7GJZdYouz3l3acrmUPOD', 'jtQvlI5wINrxpOfxgmgl', 'qjmHJ3IR19kmaAlbgkNj', 'ZGersOlsQFRHg7U2qnSw', 'g7WBkfIc6UWUWC6NiAdu', 'iPifD8uTozTr0sbu9qiB']
[2026-06-18T15:51:02] No account_uuid in config; discovering via /accounts/list...
[2026-06-18T15:51:04] Using first account: b0d61a36-f329-4226-9d82-4494deaee5f5
[2026-06-18T15:51:04] (Tip: copy this account_uuid into composer_config.json to skip the lookup next run.)
[2026-06-18T15:51:04] Fetching per-symphony stats from /portfolio/.../symphony-stats-meta...
[2026-06-18T15:51:04] GET /api/v0.1/portfolio/accounts/b0d61a36-f329-4226-9d82-4494deaee5f5/symphony-stats-meta
[2026-06-18T15:51:05] Saved symphony-stats response to composer_symphony_stats_2026-06-18.json
[2026-06-18T15:51:05] True Composer account total (all symphonies): $53,950.14
[2026-06-18T15:51:05] --- BLEE - 186 2026 ALL in One 57% Max-Down SGOV Bond (7GJZdYouz3l3acrmUPOD) ---
[2026-06-18T15:51:05]   WARN: symphony-stats-meta returned no positions for 7GJZdYouz3l3acrmUPOD (check 2026-06-18 JSON to verify the id matches one in the response)
[2026-06-18T15:51:05]   ERROR: no positions found for 7GJZdYouz3l3acrmUPOD; skipping CSV/HTML for this symphony
[2026-06-18T15:51:05] --- BLEE - 186 2026 ALL in One (jtQvlI5wINrxpOfxgmgl) ---
[2026-06-18T15:51:05]   WARN: symphony-stats-meta returned no positions for jtQvlI5wINrxpOfxgmgl (check 2026-06-18 JSON to verify the id matches one in the response)
[2026-06-18T15:51:05]   ERROR: no positions found for jtQvlI5wINrxpOfxgmgl; skipping CSV/HTML for this symphony
[2026-06-18T15:51:05] --- BLEE - 187 2026 SGOV Bond 20% Yield and Min Dual Reversal (qjmHJ3IR19kmaAlbgkNj) ---
[2026-06-18T15:51:05]   WARN: symphony-stats-meta returned no positions for qjmHJ3IR19kmaAlbgkNj (check 2026-06-18 JSON to verify the id matches one in the response)
[2026-06-18T15:51:05]   ERROR: no positions found for qjmHJ3IR19kmaAlbgkNj; skipping CSV/HTML for this symphony
[2026-06-18T15:51:05] --- BLEE - 185 2026 SGOV and Dual Reversal (ZGersOlsQFRHg7U2qnSw) ---
[2026-06-18T15:51:05]   Got 4 positions from symphony-stats-meta
[2026-06-18T15:51:05]   RSI override: DISABLED (symphony handles its own rotation)
[2026-06-18T15:51:05]   Saved today's slice to composer_allocations_185v2_2026-06-18.json
[2026-06-18T15:51:05]   Updated stable file: composer_allocations_185.json
[2026-06-18T15:51:05]   Wrote 4 rows for 2026-06-18 to composer_allocations_185v2.csv (kept 92 prior rows, source=symphony-stats-meta)
[2026-06-18T15:51:05] Generated dashboard -> index_185v2.html (value=$5,312.13, days=24)
[2026-06-18T15:51:05] --- BLEE A - 186 Part 1 Kei 90% NVDA (g7WBkfIc6UWUWC6NiAdu) ---
[2026-06-18T15:51:05]   Got 12 positions from symphony-stats-meta
[2026-06-18T15:51:05]   RSI override: DISABLED (symphony handles its own rotation)
[2026-06-18T15:51:05]   Saved today's slice to composer_allocations_kei186_2026-06-18.json
[2026-06-18T15:51:05]   Updated stable file: composer_allocations_kei186.json
[2026-06-18T15:51:05]   Wrote 12 rows for 2026-06-18 to composer_allocations_kei186.csv (kept 222 prior rows, source=symphony-stats-meta)
[2026-06-18T15:51:05] Generated dashboard -> index_kei186.html (value=$10,534.49, days=24)
[2026-06-18T15:51:05] --- BLEE - 187 2026 ALL in One For High Interest Period (iPifD8uTozTr0sbu9qiB) ---
[2026-06-18T15:51:05]   WARN: symphony-stats-meta returned no positions for iPifD8uTozTr0sbu9qiB (check 2026-06-18 JSON to verify the id matches one in the response)
[2026-06-18T15:51:05]   ERROR: no positions found for iPifD8uTozTr0sbu9qiB; skipping CSV/HTML for this symphony
[2026-06-18T15:51:05] Published signal_latest.json (3 positions, date=2026-06-10)
[2026-06-18T15:51:06] Regenerated CurrentWatchSymphony.html (2 symphonies)
[2026-06-18T15:51:06] === Done ===
[2026-06-18T15:51:14] Stamped last-updated (06/18/2026 03:51 PM ET) into index.html
[2026-06-18T15:51:14] Stamped last-updated (06/18/2026 03:51 PM ET) into performance1.html
[2026-06-18T15:51:14] Stamped last-updated (06/18/2026 03:51 PM ET) into Algorithm185History.html
[2026-06-18T15:51:14] --- Pushing updates to GitHub ---
[2026-06-18T15:51:14]   $ git -C "C:\Kei\ComposerInvest" add .
[2026-06-18T15:51:16]   $ git -C "C:\Kei\ComposerInvest" commit -m "daily auto update 2026-06-18"
[2026-06-18T15:51:17]   $ git -C "C:\Kei\ComposerInvest" push
[2026-06-18T15:51:23] GitHub push successful.
[2026-06-18T15:53:02] market_report: === Market report generation started ===
[2026-06-18T15:53:02] market_report: Loaded 21 ETF points from Index_50_point.csv
[2026-06-18T15:53:02] market_report: Loaded 16 ETF allocations from composer_allocations_187hi.json (BLEE - 187 2026 ALL in One For High Interest Period)
[2026-06-18T15:53:06] market_report:   RSI-14 fetched: 54.19 (SPY close=747.515)
[2026-06-18T15:53:06] market_report:   RSI signal: Neutral RSI (10d avg=52.0, adj=+0, new score=+8.32)
[2026-06-18T15:53:06] market_report:   RSI override not triggered: Today RSI 54.2 ≤ 76.0 — override not triggered
[2026-06-18T15:53:06] market_report: Composite score: +8.32 -> Mostly Cloudy
[2026-06-18T15:53:08] market_report:   RSS WSJ: 20 items fetched
[2026-06-18T15:53:08] market_report:   Selected [WSJ] topic=EQUITY: Stocks Sink in Broad AI Rout Sparked by China's DeepSeek
[2026-06-18T15:53:09] market_report:   RSS Yahoo Finance: 45 items fetched
[2026-06-18T15:53:09] market_report:   Selected [Yahoo Finance] topic=OTHER: Grocery chain pays massive fine, accused of inflated price reporting
[2026-06-18T15:53:10] market_report:   RSS fetch failed (Barron's): HTTP Error 403: Forbidden
[2026-06-18T15:53:10] market_report:   Barron's: RSS unavailable, using hardcoded fallback
[2026-06-18T15:53:10] market_report:   Selected [Barron's] topic=MACRO: Trade Winds: Tariff Developments Continue to Reshape Global Supply Cha
[2026-06-18T15:53:10] market_report: Fetched 3 news items
[2026-06-18T15:53:10] market_report: Updated marketDailySummary.html with score=+8.32 (Mostly Cloudy)
[2026-06-18T15:53:11] market_report: Stamped last-updated (06/18/2026 03:53 PM ET) into index.html
[2026-06-18T15:53:11] market_report: Stamped last-updated (06/18/2026 03:53 PM ET) into performance1.html
[2026-06-18T15:53:11] market_report: Stamped last-updated (06/18/2026 03:53 PM ET) into Algorithm185History.html
[2026-06-18T15:53:11] market_report: === Market report generation complete ===
[2026-06-19T15:51:00] archive: === Archive started ===
[2026-06-19T15:51:00] archive:   Archived -> marketForecast_2026-06-19.html
[2026-06-19T15:51:00] archive:   Archived -> dailySignal_2026-06-19.html
[2026-06-19T15:51:00] archive:   SKIP (not found): index_186main.html
[2026-06-19T15:51:01] archive:   Archived -> signal185_2026-06-19.html
[2026-06-19T15:51:01] archive:   Archived -> signalKei186_2026-06-19.html
[2026-06-19T15:51:01] archive:   Archived -> signal187hi_2026-06-19.html
[2026-06-19T15:51:01] archive: Rebuilt BackLog/index.html � 35 dates, 66 files
[2026-06-19T15:51:01] archive: === Archive complete ===
[2026-06-19T15:51:01] === Composer daily allocation pull ===
[2026-06-19T15:51:01] Configured symphonies: ['7GJZdYouz3l3acrmUPOD', 'jtQvlI5wINrxpOfxgmgl', 'qjmHJ3IR19kmaAlbgkNj', 'ZGersOlsQFRHg7U2qnSw', 'g7WBkfIc6UWUWC6NiAdu', 'iPifD8uTozTr0sbu9qiB']
[2026-06-19T15:51:01] No account_uuid in config; discovering via /accounts/list...
[2026-06-19T15:51:01] Network error on GET /api/v0.1/accounts/list: <urlopen error [Errno 11001] getaddrinfo failed>
[2026-06-19T15:51:01] FATAL: URLError: <urlopen error [Errno 11001] getaddrinfo failed>
[2026-06-19T15:53:01] market_report: === Market report generation started ===
[2026-06-19T15:53:01] market_report: Loaded 21 ETF points from Index_50_point.csv
[2026-06-19T15:53:01] market_report: Loaded 16 ETF allocations from composer_allocations_187hi.json (BLEE - 187 2026 ALL in One For High Interest Period)
[2026-06-19T15:53:14] market_report:   RSI signal: Neutral RSI (10d avg=52.0, adj=+0, new score=+8.32)
[2026-06-19T15:53:14] market_report:   RSI override not triggered: Today RSI 54.2 ≤ 76.0 — override not triggered
[2026-06-19T15:53:14] market_report: Composite score: +8.32 -> Mostly Cloudy
[2026-06-19T15:53:14] market_report:   RSS fetch failed (WSJ): <urlopen error [Errno 11001] getaddrinfo failed>
[2026-06-19T15:53:14] market_report:   WSJ: RSS unavailable, using hardcoded fallback
[2026-06-19T15:53:14] market_report:   Selected [WSJ] topic=FED: Fed Signals Patience as Rate Path Stays Data-Dependent
[2026-06-19T15:53:14] market_report:   RSS fetch failed (Yahoo Finance): <urlopen error [Errno 11001] getaddrinfo failed>
[2026-06-19T15:53:14] market_report:   Yahoo Finance: RSS unavailable, using hardcoded fallback
[2026-06-19T15:53:14] market_report:   Selected [Yahoo Finance] topic=EQUITY: S&P 500 Holds Near Highs as Investors Weigh Macro Crosscurrents
[2026-06-19T15:53:14] market_report:   RSS fetch failed (Barron's): <urlopen error [Errno 11001] getaddrinfo failed>
[2026-06-19T15:53:14] market_report:   Barron's: RSS unavailable, using hardcoded fallback
[2026-06-19T15:53:14] market_report:   Selected [Barron's] topic=MACRO: Trade Winds: Tariff Developments Continue to Reshape Global Supply Cha
[2026-06-19T15:53:14] market_report: Fetched 3 news items
[2026-06-19T15:53:14] market_report: Updated marketDailySummary.html with score=+8.32 (Mostly Cloudy)
[2026-06-19T15:53:14] market_report: Stamped last-updated (06/19/2026 03:53 PM ET) into index.html
[2026-06-19T15:53:14] market_report: Stamped last-updated (06/19/2026 03:53 PM ET) into performance1.html
[2026-06-19T15:53:14] market_report: Stamped last-updated (06/19/2026 03:53 PM ET) into Algorithm185History.html
[2026-06-19T15:53:14] market_report: === Market report generation complete ===
[2026-06-20T15:53:01] market_report: === Market report generation started ===
[2026-06-20T15:53:01] market_report: Loaded 21 ETF points from Index_50_point.csv
[2026-06-20T15:53:01] market_report: Loaded 16 ETF allocations from composer_allocations_187hi.json (BLEE - 187 2026 ALL in One For High Interest Period)
[2026-06-20T15:53:21] market_report:   RSI signal: Neutral RSI (10d avg=52.0, adj=+0, new score=+8.32)
[2026-06-20T15:53:21] market_report:   RSI override not triggered: Today RSI 54.2 ≤ 76.0 — override not triggered
[2026-06-20T15:53:21] market_report: Composite score: +8.32 -> Mostly Cloudy
[2026-06-20T15:53:21] market_report:   RSS fetch failed (WSJ): <urlopen error [Errno 11001] getaddrinfo failed>
[2026-06-20T15:53:21] market_report:   WSJ: RSS unavailable, using hardcoded fallback
[2026-06-20T15:53:21] market_report:   Selected [WSJ] topic=FED: Fed Signals Patience as Rate Path Stays Data-Dependent
[2026-06-20T15:53:21] market_report:   RSS fetch failed (Yahoo Finance): <urlopen error [Errno 11001] getaddrinfo failed>
[2026-06-20T15:53:21] market_report:   Yahoo Finance: RSS unavailable, using hardcoded fallback
[2026-06-20T15:53:21] market_report:   Selected [Yahoo Finance] topic=EQUITY: S&P 500 Holds Near Highs as Investors Weigh Macro Crosscurrents
[2026-06-20T15:53:21] market_report:   RSS fetch failed (Barron's): <urlopen error [Errno 11001] getaddrinfo failed>
[2026-06-20T15:53:21] market_report:   Barron's: RSS unavailable, using hardcoded fallback
[2026-06-20T15:53:21] market_report:   Selected [Barron's] topic=MACRO: Trade Winds: Tariff Developments Continue to Reshape Global Supply Cha
[2026-06-20T15:53:21] market_report: Fetched 3 news items
[2026-06-20T15:53:21] market_report: Updated marketDailySummary.html with score=+8.32 (Mostly Cloudy)
[2026-06-20T15:53:21] market_report: Stamped last-updated (06/20/2026 03:53 PM ET) into index.html
[2026-06-20T15:53:21] market_report: Stamped last-updated (06/20/2026 03:53 PM ET) into performance1.html
[2026-06-20T15:53:21] market_report: Stamped last-updated (06/20/2026 03:53 PM ET) into Algorithm185History.html
[2026-06-20T15:53:21] market_report: === Market report generation complete ===
[2026-06-21T15:51:00] archive: === Archive started ===
[2026-06-21T15:51:00] archive:   Archived -> marketForecast_2026-06-21.html
[2026-06-21T15:51:00] archive:   Archived -> dailySignal_2026-06-21.html
[2026-06-21T15:51:00] archive:   SKIP (not found): index_186main.html
[2026-06-21T15:51:01] archive:   Archived -> signal185_2026-06-21.html
[2026-06-21T15:51:01] archive:   Archived -> signalKei186_2026-06-21.html
[2026-06-21T15:51:01] archive:   Archived -> signal187hi_2026-06-21.html
[2026-06-21T15:51:01] archive: Rebuilt BackLog/index.html � 36 dates, 68 files
[2026-06-21T15:51:01] archive: === Archive complete ===
[2026-06-21T15:51:01] === Composer daily allocation pull ===
[2026-06-21T15:51:01] Configured symphonies: ['7GJZdYouz3l3acrmUPOD', 'jtQvlI5wINrxpOfxgmgl', 'qjmHJ3IR19kmaAlbgkNj', 'ZGersOlsQFRHg7U2qnSw', 'g7WBkfIc6UWUWC6NiAdu', 'iPifD8uTozTr0sbu9qiB']
[2026-06-21T15:51:01] No account_uuid in config; discovering via /accounts/list...
[2026-06-21T15:51:13] Network error on GET /api/v0.1/accounts/list: <urlopen error [Errno 11001] getaddrinfo failed>
[2026-06-21T15:51:13] FATAL: URLError: <urlopen error [Errno 11001] getaddrinfo failed>
[2026-06-21T15:53:01] market_report: === Market report generation started ===
[2026-06-21T15:53:01] market_report: Loaded 21 ETF points from Index_50_point.csv
[2026-06-21T15:53:01] market_report: Loaded 16 ETF allocations from composer_allocations_187hi.json (BLEE - 187 2026 ALL in One For High Interest Period)
[2026-06-21T15:53:14] market_report:   RSI signal: Neutral RSI (10d avg=52.0, adj=+0, new score=+8.32)
[2026-06-21T15:53:14] market_report:   RSI override not triggered: Today RSI 54.2 ≤ 76.0 — override not triggered
[2026-06-21T15:53:14] market_report: Composite score: +8.32 -> Mostly Cloudy
[2026-06-21T15:53:14] market_report:   RSS fetch failed (WSJ): <urlopen error [Errno 11001] getaddrinfo failed>
[2026-06-21T15:53:14] market_report:   WSJ: RSS unavailable, using hardcoded fallback
[2026-06-21T15:53:14] market_report:   Selected [WSJ] topic=FED: Fed Signals Patience as Rate Path Stays Data-Dependent
[2026-06-21T15:53:14] market_report:   RSS fetch failed (Yahoo Finance): <urlopen error [Errno 11001] getaddrinfo failed>
[2026-06-21T15:53:14] market_report:   Yahoo Finance: RSS unavailable, using hardcoded fallback
[2026-06-21T15:53:14] market_report:   Selected [Yahoo Finance] topic=EQUITY: S&P 500 Holds Near Highs as Investors Weigh Macro Crosscurrents
[2026-06-21T15:53:14] market_report:   RSS fetch failed (Barron's): <urlopen error [Errno 11001] getaddrinfo failed>
[2026-06-21T15:53:14] market_report:   Barron's: RSS unavailable, using hardcoded fallback
[2026-06-21T15:53:14] market_report:   Selected [Barron's] topic=MACRO: Trade Winds: Tariff Developments Continue to Reshape Global Supply Cha
[2026-06-21T15:53:14] market_report: Fetched 3 news items
[2026-06-21T15:53:14] market_report: Updated marketDailySummary.html with score=+8.32 (Mostly Cloudy)
[2026-06-21T15:53:14] market_report: Stamped last-updated (06/21/2026 03:53 PM ET) into index.html
[2026-06-21T15:53:14] market_report: Stamped last-updated (06/21/2026 03:53 PM ET) into performance1.html
[2026-06-21T15:53:15] market_report: Stamped last-updated (06/21/2026 03:53 PM ET) into Algorithm185History.html
[2026-06-21T15:53:15] market_report: === Market report generation complete ===
[2026-06-22T15:51:00] archive: === Archive started ===
[2026-06-22T15:51:00] archive:   Archived -> marketForecast_2026-06-22.html
[2026-06-22T15:51:00] archive:   Archived -> dailySignal_2026-06-22.html
[2026-06-22T15:51:00] archive:   SKIP (not found): index_186main.html
[2026-06-22T15:51:01] archive:   Archived -> signal185_2026-06-22.html
[2026-06-22T15:51:01] archive:   Archived -> signalKei186_2026-06-22.html
[2026-06-22T15:51:01] archive:   Archived -> signal187hi_2026-06-22.html
[2026-06-22T15:51:01] archive: Rebuilt BackLog/index.html � 37 dates, 70 files
[2026-06-22T15:51:01] archive: === Archive complete ===
[2026-06-22T15:51:01] === Composer daily allocation pull ===
[2026-06-22T15:51:01] Configured symphonies: ['7GJZdYouz3l3acrmUPOD', 'jtQvlI5wINrxpOfxgmgl', 'qjmHJ3IR19kmaAlbgkNj', 'ZGersOlsQFRHg7U2qnSw', 'g7WBkfIc6UWUWC6NiAdu', 'iPifD8uTozTr0sbu9qiB']
[2026-06-22T15:51:01] No account_uuid in config; discovering via /accounts/list...
[2026-06-22T15:51:13] Network error on GET /api/v0.1/accounts/list: <urlopen error [Errno 11001] getaddrinfo failed>
[2026-06-22T15:51:13] FATAL: URLError: <urlopen error [Errno 11001] getaddrinfo failed>
[2026-06-22T15:53:01] market_report: === Market report generation started ===
[2026-06-22T15:53:01] market_report: Loaded 21 ETF points from Index_50_point.csv
[2026-06-22T15:53:01] market_report: Loaded 16 ETF allocations from composer_allocations_187hi.json (BLEE - 187 2026 ALL in One For High Interest Period)
[2026-06-22T15:53:14] market_report:   RSI signal: Neutral RSI (10d avg=52.0, adj=+0, new score=+8.32)
[2026-06-22T15:53:14] market_report:   RSI override not triggered: Today RSI 54.2 ≤ 76.0 — override not triggered
[2026-06-22T15:53:14] market_report: Composite score: +8.32 -> Mostly Cloudy
[2026-06-22T15:53:14] market_report:   RSS fetch failed (WSJ): <urlopen error [Errno 11001] getaddrinfo failed>
[2026-06-22T15:53:14] market_report:   WSJ: RSS unavailable, using hardcoded fallback
[2026-06-22T15:53:14] market_report:   Selected [WSJ] topic=FED: Fed Signals Patience as Rate Path Stays Data-Dependent
[2026-06-22T15:53:14] market_report:   RSS fetch failed (Yahoo Finance): <urlopen error [Errno 11001] getaddrinfo failed>
[2026-06-22T15:53:14] market_report:   Yahoo Finance: RSS unavailable, using hardcoded fallback
[2026-06-22T15:53:14] market_report:   Selected [Yahoo Finance] topic=EQUITY: S&P 500 Holds Near Highs as Investors Weigh Macro Crosscurrents
[2026-06-22T15:53:14] market_report:   RSS fetch failed (Barron's): <urlopen error [Errno 11001] getaddrinfo failed>
[2026-06-22T15:53:14] market_report:   Barron's: RSS unavailable, using hardcoded fallback
[2026-06-22T15:53:14] market_report:   Selected [Barron's] topic=MACRO: Trade Winds: Tariff Developments Continue to Reshape Global Supply Cha
[2026-06-22T15:53:14] market_report: Fetched 3 news items
[2026-06-22T15:53:14] market_report: Updated marketDailySummary.html with score=+8.32 (Mostly Cloudy)
[2026-06-22T15:53:14] market_report: Stamped last-updated (06/22/2026 03:53 PM ET) into index.html
[2026-06-22T15:53:14] market_report: Stamped last-updated (06/22/2026 03:53 PM ET) into performance1.html
[2026-06-22T15:53:15] market_report: Stamped last-updated (06/22/2026 03:53 PM ET) into Algorithm185History.html
[2026-06-22T15:53:15] market_report: === Market report generation complete ===
[2026-06-23T15:51:00] archive: === Archive started ===
[2026-06-23T15:51:01] archive:   Archived -> marketForecast_2026-06-23.html
[2026-06-23T15:51:01] archive:   Archived -> dailySignal_2026-06-23.html
[2026-06-23T15:51:01] archive:   SKIP (not found): index_186main.html
[2026-06-23T15:51:01] archive:   Archived -> signal185_2026-06-23.html
[2026-06-23T15:51:01] archive:   Archived -> signalKei186_2026-06-23.html
[2026-06-23T15:51:01] archive:   Archived -> signal187hi_2026-06-23.html
[2026-06-23T15:51:01] archive: Rebuilt BackLog/index.html � 38 dates, 72 files
[2026-06-23T15:51:01] archive: === Archive complete ===
[2026-06-23T15:51:01] === Composer daily allocation pull ===
[2026-06-23T15:51:01] Configured symphonies: ['WgHFDD7PsDJYTw3ZCvZx', 'jtQvlI5wINrxpOfxgmgl', 'qjmHJ3IR19kmaAlbgkNj', 'ZGersOlsQFRHg7U2qnSw', 'g7WBkfIc6UWUWC6NiAdu', 'BNwivIq0tIEyex2D10GM']
[2026-06-23T15:51:01] No account_uuid in config; discovering via /accounts/list...
[2026-06-23T15:51:02] Using first account: b0d61a36-f329-4226-9d82-4494deaee5f5
[2026-06-23T15:51:02] (Tip: copy this account_uuid into composer_config.json to skip the lookup next run.)
[2026-06-23T15:51:02] Fetching per-symphony stats from /portfolio/.../symphony-stats-meta...
[2026-06-23T15:51:02] GET /api/v0.1/portfolio/accounts/b0d61a36-f329-4226-9d82-4494deaee5f5/symphony-stats-meta
[2026-06-23T15:51:04] Saved symphony-stats response to composer_symphony_stats_2026-06-23.json
[2026-06-23T15:51:04] True Composer account total (all symphonies): $15,270.45
[2026-06-23T15:51:04] --- BLEE - 186 2026 ALL in One 57% Max-Down SGOV Bond (WgHFDD7PsDJYTw3ZCvZx) ---
[2026-06-23T15:51:04]   WARN: symphony-stats-meta returned no positions for WgHFDD7PsDJYTw3ZCvZx (check 2026-06-23 JSON to verify the id matches one in the response)
[2026-06-23T15:51:04]   ERROR: no positions found for WgHFDD7PsDJYTw3ZCvZx; skipping CSV/HTML for this symphony
[2026-06-23T15:51:04] --- BLEE - 186 2026 ALL in One (jtQvlI5wINrxpOfxgmgl) ---
[2026-06-23T15:51:04]   WARN: symphony-stats-meta returned no positions for jtQvlI5wINrxpOfxgmgl (check 2026-06-23 JSON to verify the id matches one in the response)
[2026-06-23T15:51:04]   ERROR: no positions found for jtQvlI5wINrxpOfxgmgl; skipping CSV/HTML for this symphony
[2026-06-23T15:51:04] --- BLEE - 187 2026 SGOV Bond 20% Yield and Min Dual Reversal (qjmHJ3IR19kmaAlbgkNj) ---
[2026-06-23T15:51:04]   WARN: symphony-stats-meta returned no positions for qjmHJ3IR19kmaAlbgkNj (check 2026-06-23 JSON to verify the id matches one in the response)
[2026-06-23T15:51:04]   ERROR: no positions found for qjmHJ3IR19kmaAlbgkNj; skipping CSV/HTML for this symphony
[2026-06-23T15:51:04] --- BLEE - 185 2026 SGOV and Dual Reversal (ZGersOlsQFRHg7U2qnSw) ---
[2026-06-23T15:51:04]   Got 4 positions from symphony-stats-meta
[2026-06-23T15:51:04]   RSI override: DISABLED (symphony handles its own rotation)
[2026-06-23T15:51:04]   Saved today's slice to composer_allocations_185v2_2026-06-23.json
[2026-06-23T15:51:04]   Updated stable file: composer_allocations_185.json
[2026-06-23T15:51:04]   Wrote 4 rows for 2026-06-23 to composer_allocations_185v2.csv (kept 96 prior rows, source=symphony-stats-meta)
[2026-06-23T15:51:04] Generated dashboard -> index_185v2.html (value=$5,303.21, days=25)
[2026-06-23T15:51:04] --- BLEE A - 186 Part 1 Kei 90% NVDA (g7WBkfIc6UWUWC6NiAdu) ---
[2026-06-23T15:51:04]   Got 11 positions from symphony-stats-meta
[2026-06-23T15:51:04]   RSI override: DISABLED (symphony handles its own rotation)
[2026-06-23T15:51:04]   Saved today's slice to composer_allocations_kei186_2026-06-23.json
[2026-06-23T15:51:04]   Updated stable file: composer_allocations_kei186.json
[2026-06-23T15:51:04]   Wrote 11 rows for 2026-06-23 to composer_allocations_kei186.csv (kept 234 prior rows, source=symphony-stats-meta)
[2026-06-23T15:51:04] Generated dashboard -> index_kei186.html (value=$9,967.24, days=25)
[2026-06-23T15:51:04] --- BLEE - 187 2026 ALL in One For High Interest Period (BNwivIq0tIEyex2D10GM) ---
[2026-06-23T15:51:04]   WARN: symphony-stats-meta returned no positions for BNwivIq0tIEyex2D10GM (check 2026-06-23 JSON to verify the id matches one in the response)
[2026-06-23T15:51:04]   ERROR: no positions found for BNwivIq0tIEyex2D10GM; skipping CSV/HTML for this symphony
[2026-06-23T15:51:04] Published signal_latest.json (3 positions, date=2026-06-10)
[2026-06-23T15:51:04] Regenerated CurrentWatchSymphony.html (2 symphonies)
[2026-06-23T15:51:04] === Done ===
[2026-06-23T15:51:11] Stamped last-updated (06/23/2026 03:51 PM ET) into index.html
[2026-06-23T15:51:11] Stamped last-updated (06/23/2026 03:51 PM ET) into performance1.html
[2026-06-23T15:51:11] Stamped last-updated (06/23/2026 03:51 PM ET) into Algorithm185History.html
[2026-06-23T15:51:11] --- Pushing updates to GitHub ---
[2026-06-23T15:51:11]   $ git -C "C:\Kei\ComposerInvest" add .
[2026-06-23T15:51:12]   $ git -C "C:\Kei\ComposerInvest" commit -m "daily auto update 2026-06-23"
[2026-06-23T15:51:12]   $ git -C "C:\Kei\ComposerInvest" push
[2026-06-23T15:51:18] GitHub push successful.
[2026-06-23T15:53:02] market_report: === Market report generation started ===
[2026-06-23T15:53:02] market_report: Loaded 21 ETF points from Index_50_point.csv
[2026-06-23T15:53:02] market_report: Loaded 16 ETF allocations from composer_allocations_187hi.json (BLEE - 187 2026 ALL in One For High Interest Period)
[2026-06-23T15:53:05] market_report:   RSI-14 fetched: 47.51 (SPY close=734.9)
[2026-06-23T15:53:05] market_report:   RSI signal: Neutral RSI (10d avg=51.48, adj=+0, new score=+8.32)
[2026-06-23T15:53:05] market_report:   RSI override not triggered: Today RSI 47.5 ≤ 76.0 — override not triggered
[2026-06-23T15:53:05] market_report: Composite score: +8.32 -> Mostly Cloudy
[2026-06-23T15:53:06] market_report:   RSS WSJ: 20 items fetched
[2026-06-23T15:53:06] market_report:   Selected [WSJ] topic=EQUITY: Stocks Sink in Broad AI Rout Sparked by China's DeepSeek
[2026-06-23T15:53:08] market_report:   RSS Yahoo Finance: 50 items fetched
[2026-06-23T15:53:08] market_report:   Selected [Yahoo Finance] topic=OTHER: Intel CEO gives investors a reality check
[2026-06-23T15:53:09] market_report:   RSS fetch failed (Barron's): HTTP Error 403: Forbidden
[2026-06-23T15:53:09] market_report:   Barron's: RSS unavailable, using hardcoded fallback
[2026-06-23T15:53:09] market_report:   Selected [Barron's] topic=MACRO: Trade Winds: Tariff Developments Continue to Reshape Global Supply Cha
[2026-06-23T15:53:09] market_report: Fetched 3 news items
[2026-06-23T15:53:09] market_report: Updated marketDailySummary.html with score=+8.32 (Mostly Cloudy)
[2026-06-23T15:53:09] market_report: Stamped last-updated (06/23/2026 03:53 PM ET) into index.html
[2026-06-23T15:53:09] market_report: Stamped last-updated (06/23/2026 03:53 PM ET) into performance1.html
[2026-06-23T15:53:09] market_report: Stamped last-updated (06/23/2026 03:53 PM ET) into Algorithm185History.html
[2026-06-23T15:53:09] market_report: === Market report generation complete ===
[2026-06-23T21:08:43] archive: === Archive started ===
[2026-06-23T21:08:43] archive:   Already archived today (has real data): marketForecast_2026-06-23.html
[2026-06-23T21:08:43] archive:   Already archived today (has real data): dailySignal_2026-06-23.html
[2026-06-23T21:08:43] archive:   SKIP (not found): index_186main.html
[2026-06-23T21:08:43] archive:   Already archived today (has real data): signal185_2026-06-23.html
[2026-06-23T21:08:43] archive:   Already archived today (has real data): signalKei186_2026-06-23.html
[2026-06-23T21:08:44] archive:   Already archived today (has real data): signal187hi_2026-06-23.html
[2026-06-23T21:08:44] archive: Rebuilt BackLog/index.html � 38 dates, 72 files
[2026-06-23T21:08:44] archive: === Archive complete ===
[2026-06-23T21:08:44] === Composer daily allocation pull ===
[2026-06-23T21:08:44] Configured symphonies: ['WgHFDD7PsDJYTw3ZCvZx', 'jtQvlI5wINrxpOfxgmgl', 'qjmHJ3IR19kmaAlbgkNj', 'ZGersOlsQFRHg7U2qnSw', 'g7WBkfIc6UWUWC6NiAdu', 'BNwivIq0tIEyex2D10GM']
[2026-06-23T21:08:44] No account_uuid in config; discovering via /accounts/list...
[2026-06-23T21:08:45] Using first account: b0d61a36-f329-4226-9d82-4494deaee5f5
[2026-06-23T21:08:45] (Tip: copy this account_uuid into composer_config.json to skip the lookup next run.)
[2026-06-23T21:08:45] Fetching per-symphony stats from /portfolio/.../symphony-stats-meta...
[2026-06-23T21:08:45] GET /api/v0.1/portfolio/accounts/b0d61a36-f329-4226-9d82-4494deaee5f5/symphony-stats-meta
[2026-06-23T21:08:46] Saved symphony-stats response to composer_symphony_stats_2026-06-23.json
[2026-06-23T21:08:46] True Composer account total (all symphonies): $15,246.31
[2026-06-23T21:08:46] --- BLEE - 186 2026 ALL in One 57% Max-Down SGOV Bond (WgHFDD7PsDJYTw3ZCvZx) ---
[2026-06-23T21:08:46]   WARN: symphony-stats-meta returned no positions for WgHFDD7PsDJYTw3ZCvZx (check 2026-06-23 JSON to verify the id matches one in the response)
[2026-06-23T21:08:46]   ERROR: no positions found for WgHFDD7PsDJYTw3ZCvZx; skipping CSV/HTML for this symphony
[2026-06-23T21:08:46] --- BLEE - 186 2026 ALL in One (jtQvlI5wINrxpOfxgmgl) ---
[2026-06-23T21:08:46]   WARN: symphony-stats-meta returned no positions for jtQvlI5wINrxpOfxgmgl (check 2026-06-23 JSON to verify the id matches one in the response)
[2026-06-23T21:08:46]   ERROR: no positions found for jtQvlI5wINrxpOfxgmgl; skipping CSV/HTML for this symphony
[2026-06-23T21:08:46] --- BLEE - 187 2026 SGOV Bond 20% Yield and Min Dual Reversal (qjmHJ3IR19kmaAlbgkNj) ---
[2026-06-23T21:08:46]   WARN: symphony-stats-meta returned no positions for qjmHJ3IR19kmaAlbgkNj (check 2026-06-23 JSON to verify the id matches one in the response)
[2026-06-23T21:08:46]   ERROR: no positions found for qjmHJ3IR19kmaAlbgkNj; skipping CSV/HTML for this symphony
[2026-06-23T21:08:46] --- BLEE - 185 2026 SGOV and Dual Reversal (ZGersOlsQFRHg7U2qnSw) ---
[2026-06-23T21:08:46]   Got 4 positions from symphony-stats-meta
[2026-06-23T21:08:46]   RSI override: DISABLED (symphony handles its own rotation)
[2026-06-23T21:08:46]   Saved today's slice to composer_allocations_185v2_2026-06-23.json
[2026-06-23T21:08:46]   Updated stable file: composer_allocations_185.json
[2026-06-23T21:08:46]   Wrote 4 rows for 2026-06-23 to composer_allocations_185v2.csv (kept 96 prior rows, source=symphony-stats-meta)
[2026-06-23T21:08:46] Generated dashboard -> index_185v2.html (value=$5,301.24, days=25)
[2026-06-23T21:08:46] --- BLEE A - 186 Part 1 Kei 90% NVDA (g7WBkfIc6UWUWC6NiAdu) ---
[2026-06-23T21:08:46]   Got 12 positions from symphony-stats-meta
[2026-06-23T21:08:46]   RSI override: DISABLED (symphony handles its own rotation)
[2026-06-23T21:08:46]   Saved today's slice to composer_allocations_kei186_2026-06-23.json
[2026-06-23T21:08:46]   Updated stable file: composer_allocations_kei186.json
[2026-06-23T21:08:46]   Wrote 12 rows for 2026-06-23 to composer_allocations_kei186.csv (kept 234 prior rows, source=symphony-stats-meta)
[2026-06-23T21:08:46] Generated dashboard -> index_kei186.html (value=$9,945.07, days=25)
[2026-06-23T21:08:46] --- BLEE - 187 2026 ALL in One For High Interest Period (BNwivIq0tIEyex2D10GM) ---
[2026-06-23T21:08:46]   WARN: symphony-stats-meta returned no positions for BNwivIq0tIEyex2D10GM (check 2026-06-23 JSON to verify the id matches one in the response)
[2026-06-23T21:08:46]   ERROR: no positions found for BNwivIq0tIEyex2D10GM; skipping CSV/HTML for this symphony
[2026-06-23T21:08:46] Published signal_latest.json (3 positions, date=2026-06-10)
[2026-06-23T21:08:46] Regenerated CurrentWatchSymphony.html (2 symphonies)
[2026-06-23T21:08:46] === Done ===
[2026-06-23T21:08:51] Stamped last-updated (06/23/2026 09:08 PM ET) into index.html
[2026-06-23T21:08:51] Stamped last-updated (06/23/2026 09:08 PM ET) into performance1.html
[2026-06-23T21:08:51] Stamped last-updated (06/23/2026 09:08 PM ET) into Algorithm185History.html
[2026-06-23T21:08:51] --- Pushing updates to GitHub ---
[2026-06-23T21:08:51]   $ git -C "C:\Kei\ComposerInvest" add .
[2026-06-23T21:08:52]   $ git -C "C:\Kei\ComposerInvest" commit -m "daily auto update 2026-06-23"
[2026-06-23T21:08:52]   $ git -C "C:\Kei\ComposerInvest" push
[2026-06-23T21:08:58] GitHub push successful.
[2026-06-23T21:20:47] === Composer daily allocation pull ===
[2026-06-23T21:20:47] Configured symphonies: ['WgHFDD7PsDJYTw3ZCvZx', 'jtQvlI5wINrxpOfxgmgl', 'qjmHJ3IR19kmaAlbgkNj', 'ZGersOlsQFRHg7U2qnSw', 'g7WBkfIc6UWUWC6NiAdu', 'BNwivIq0tIEyex2D10GM']
[2026-06-23T21:20:47] No account_uuid in config; discovering via /accounts/list...
[2026-06-23T21:20:48] Using first account: b0d61a36-f329-4226-9d82-4494deaee5f5
[2026-06-23T21:20:48] (Tip: copy this account_uuid into composer_config.json to skip the lookup next run.)
[2026-06-23T21:20:48] Fetching per-symphony stats from /portfolio/.../symphony-stats-meta...
[2026-06-23T21:20:48] GET /api/v0.1/portfolio/accounts/b0d61a36-f329-4226-9d82-4494deaee5f5/symphony-stats-meta
[2026-06-23T21:20:50] Saved symphony-stats response to composer_symphony_stats_2026-06-23.json
[2026-06-23T21:20:50] True Composer account total (all symphonies): $15,246.31
[2026-06-23T21:20:50] --- BLEE - 186 2026 ALL in One 57% Max-Down SGOV Bond (WgHFDD7PsDJYTw3ZCvZx) ---
[2026-06-23T21:20:50]   WARN: symphony-stats-meta returned no positions for WgHFDD7PsDJYTw3ZCvZx (check 2026-06-23 JSON to verify the id matches one in the response)
[2026-06-23T21:20:50]   ERROR: no positions found for WgHFDD7PsDJYTw3ZCvZx; skipping CSV/HTML for this symphony
[2026-06-23T21:20:50] --- BLEE - 186 2026 ALL in One (jtQvlI5wINrxpOfxgmgl) ---
[2026-06-23T21:20:50]   WARN: symphony-stats-meta returned no positions for jtQvlI5wINrxpOfxgmgl (check 2026-06-23 JSON to verify the id matches one in the response)
[2026-06-23T21:20:50]   ERROR: no positions found for jtQvlI5wINrxpOfxgmgl; skipping CSV/HTML for this symphony
[2026-06-23T21:20:50] --- BLEE - 187 2026 SGOV Bond 20% Yield and Min Dual Reversal (qjmHJ3IR19kmaAlbgkNj) ---
[2026-06-23T21:20:50]   WARN: symphony-stats-meta returned no positions for qjmHJ3IR19kmaAlbgkNj (check 2026-06-23 JSON to verify the id matches one in the response)
[2026-06-23T21:20:50]   ERROR: no positions found for qjmHJ3IR19kmaAlbgkNj; skipping CSV/HTML for this symphony
[2026-06-23T21:20:50] --- BLEE - 185 2026 SGOV and Dual Reversal (ZGersOlsQFRHg7U2qnSw) ---
[2026-06-23T21:20:50]   Got 4 positions from symphony-stats-meta
[2026-06-23T21:20:50]   RSI override: DISABLED (symphony handles its own rotation)
[2026-06-23T21:20:50]   Saved today's slice to composer_allocations_185v2_2026-06-23.json
[2026-06-23T21:20:50]   Updated stable file: composer_allocations_185.json
[2026-06-23T21:20:50]   Wrote 4 rows for 2026-06-23 to composer_allocations_185v2.csv (kept 96 prior rows, source=symphony-stats-meta)
[2026-06-23T21:20:50] Generated dashboard -> index_185v2.html (value=$5,301.24, days=25)
[2026-06-23T21:20:50] --- BLEE A - 186 Part 1 Kei 90% NVDA (g7WBkfIc6UWUWC6NiAdu) ---
[2026-06-23T21:20:50]   Got 12 positions from symphony-stats-meta
[2026-06-23T21:20:50]   RSI override: DISABLED (symphony handles its own rotation)
[2026-06-23T21:20:50]   Saved today's slice to composer_allocations_kei186_2026-06-23.json
[2026-06-23T21:20:50]   Updated stable file: composer_allocations_kei186.json
[2026-06-23T21:20:50]   Wrote 12 rows for 2026-06-23 to composer_allocations_kei186.csv (kept 234 prior rows, source=symphony-stats-meta)
[2026-06-23T21:20:50] Generated dashboard -> index_kei186.html (value=$9,945.07, days=25)
[2026-06-23T21:20:50] --- BLEE - 187 2026 ALL in One For High Interest Period (BNwivIq0tIEyex2D10GM) ---
[2026-06-23T21:20:50]   WARN: symphony-stats-meta returned no positions for BNwivIq0tIEyex2D10GM (check 2026-06-23 JSON to verify the id matches one in the response)
[2026-06-23T21:20:50]   ERROR: no positions found for BNwivIq0tIEyex2D10GM; skipping CSV/HTML for this symphony
[2026-06-23T21:20:50] Published signal_latest.json (3 positions, date=2026-06-10)
[2026-06-23T21:20:50] Regenerated CurrentWatchSymphony.html (2 symphonies)
[2026-06-23T21:20:50] === Done ===
[2026-06-23T21:20:50] Stamped last-updated (06/23/2026 09:20 PM ET) into index.html
[2026-06-23T21:20:50] Stamped last-updated (06/23/2026 09:20 PM ET) into performance1.html
[2026-06-23T21:20:50] Stamped last-updated (06/23/2026 09:20 PM ET) into Algorithm185History.html
[2026-06-23T21:20:50] --- Pushing updates to GitHub ---
[2026-06-23T21:20:50]   $ git -C "C:\Kei\ComposerInvest" add .
[2026-06-23T21:20:51]   $ git -C "C:\Kei\ComposerInvest" commit -m "daily auto update 2026-06-23"
[2026-06-23T21:20:51]   $ git -C "C:\Kei\ComposerInvest" push
[2026-06-23T21:20:55] GitHub push successful.
[2026-06-23T21:44:28] === Composer daily allocation pull ===
[2026-06-23T21:44:28] Configured symphonies: ['WgHFDD7PsDJYTw3ZCvZx', 'jtQvlI5wINrxpOfxgmgl', 'qjmHJ3IR19kmaAlbgkNj', 'ZGersOlsQFRHg7U2qnSw', 'g7WBkfIc6UWUWC6NiAdu', 'BNwivIq0tIEyex2D10GM']
[2026-06-23T21:44:28] No account_uuid in config; discovering via /accounts/list...
[2026-06-23T21:44:30]   account: uuid=b0d61a36-f329-4226-9d82-4494deaee5f5  {"first_deploy_at": "2023-12-29T14:13:04.640912Z", "account_type": "ROTH_IRA", "first_incoming_acats_transfer_at": null, "first_direct_trade_at": null, "direct_tradable_asset_classes": {"buy": [], "sell": []}, "has_queued_deploy": true, "fi
[2026-06-23T21:44:30]   account: uuid=ab37a3ba-4df7-4d20-b239-6ba1b13d159a  {"first_deploy_at": null, "account_type": "TRADITIONAL_IRA", "first_incoming_acats_transfer_at": null, "first_direct_trade_at": null, "direct_tradable_asset_classes": {"buy": [], "sell": []}, "has_queued_deploy": false, "first_deposit_at": 
[2026-06-23T21:44:30]   account: uuid=5faa30f0-1913-43f2-9d0d-63aa6394e07c  {"first_deploy_at": "2023-05-18T19:48:28.886816Z", "account_type": "INDIVIDUAL", "first_incoming_acats_transfer_at": null, "first_direct_trade_at": "2025-07-22T15:01:44.425605Z", "direct_tradable_asset_classes": {"buy": ["EQUITIES"], "sell"
[2026-06-23T21:44:30] Matched account_number 171091982 -> 5faa30f0-1913-43f2-9d0d-63aa6394e07c
[2026-06-23T21:44:30] (Tip: pin the chosen account_uuid in composer_config.json to skip discovery.)
[2026-06-23T21:44:30] Fetching per-symphony stats from /portfolio/.../symphony-stats-meta...
[2026-06-23T21:44:30] GET /api/v0.1/portfolio/accounts/5faa30f0-1913-43f2-9d0d-63aa6394e07c/symphony-stats-meta
[2026-06-23T21:44:31] Saved symphony-stats response to composer_symphony_stats_2026-06-23.json
[2026-06-23T21:44:31] True Composer account total (all symphonies): $178,717.17
[2026-06-23T21:44:31] --- BLEE - 186 2026 ALL in One 57% Max-Down SGOV Bond (WgHFDD7PsDJYTw3ZCvZx) ---
[2026-06-23T21:44:31]   WARN: symphony-stats-meta returned no positions for WgHFDD7PsDJYTw3ZCvZx (check 2026-06-23 JSON to verify the id matches one in the response)
[2026-06-23T21:44:31]   ERROR: no positions found for WgHFDD7PsDJYTw3ZCvZx; skipping CSV/HTML for this symphony
[2026-06-23T21:44:31] --- BLEE - 186 2026 ALL in One (jtQvlI5wINrxpOfxgmgl) ---
[2026-06-23T21:44:31]   WARN: symphony-stats-meta returned no positions for jtQvlI5wINrxpOfxgmgl (check 2026-06-23 JSON to verify the id matches one in the response)
[2026-06-23T21:44:31]   ERROR: no positions found for jtQvlI5wINrxpOfxgmgl; skipping CSV/HTML for this symphony
[2026-06-23T21:44:31] --- BLEE - 187 2026 SGOV Bond 20% Yield and Min Dual Reversal (qjmHJ3IR19kmaAlbgkNj) ---
[2026-06-23T21:44:31]   WARN: symphony-stats-meta returned no positions for qjmHJ3IR19kmaAlbgkNj (check 2026-06-23 JSON to verify the id matches one in the response)
[2026-06-23T21:44:31]   ERROR: no positions found for qjmHJ3IR19kmaAlbgkNj; skipping CSV/HTML for this symphony
[2026-06-23T21:44:31] --- BLEE - 185 2026 SGOV and Dual Reversal (ZGersOlsQFRHg7U2qnSw) ---
[2026-06-23T21:44:31]   WARN: symphony-stats-meta returned no positions for ZGersOlsQFRHg7U2qnSw (check 2026-06-23 JSON to verify the id matches one in the response)
[2026-06-23T21:44:31]   ERROR: no positions found for ZGersOlsQFRHg7U2qnSw; skipping CSV/HTML for this symphony
[2026-06-23T21:44:31] --- BLEE A - 186 Part 1 Kei 90% NVDA (g7WBkfIc6UWUWC6NiAdu) ---
[2026-06-23T21:44:31]   Got 12 positions from symphony-stats-meta
[2026-06-23T21:44:31]   RSI override: DISABLED (symphony handles its own rotation)
[2026-06-23T21:44:31]   Saved today's slice to composer_allocations_kei186_2026-06-23.json
[2026-06-23T21:44:31]   Updated stable file: composer_allocations_kei186.json
[2026-06-23T21:44:31]   Wrote 12 rows for 2026-06-23 to composer_allocations_kei186.csv (kept 234 prior rows, source=symphony-stats-meta)
[2026-06-23T21:44:31] Generated dashboard -> index_kei186.html (value=$8,106.94, days=25)
[2026-06-23T21:44:31] --- BLEE - 187 2026 ALL in One For High Interest Period (BNwivIq0tIEyex2D10GM) ---
[2026-06-23T21:44:31]   Got 15 positions from symphony-stats-meta
[2026-06-23T21:44:31]   RSI override: DISABLED (symphony handles its own rotation)
[2026-06-23T21:44:31]   Saved today's slice to composer_allocations_187hi_2026-06-23.json
[2026-06-23T21:44:31]   Updated stable file: composer_allocations_187hi.json
[2026-06-23T21:44:31]   Wrote 15 rows for 2026-06-23 to composer_allocations_187hi.csv (kept 153 prior rows, source=symphony-stats-meta)
[2026-06-23T21:44:31] Generated dashboard -> index_187hi.html (value=$78,670.88, days=13)
[2026-06-23T21:44:31] Published signal_latest.json (3 positions, date=2026-06-10)
[2026-06-23T21:44:32] Regenerated CurrentWatchSymphony.html (2 symphonies)
[2026-06-23T21:44:32] === Done ===
[2026-06-23T21:44:35] Stamped last-updated (06/23/2026 09:44 PM ET) into index.html
[2026-06-23T21:44:35] Stamped last-updated (06/23/2026 09:44 PM ET) into performance1.html
[2026-06-23T21:44:36] Stamped last-updated (06/23/2026 09:44 PM ET) into Algorithm185History.html
[2026-06-23T21:44:36] --- Pushing updates to GitHub ---
[2026-06-23T21:44:36]   $ git -C "C:\Kei\ComposerInvest" add .
[2026-06-23T21:44:36]   $ git -C "C:\Kei\ComposerInvest" commit -m "daily auto update 2026-06-23"
[2026-06-23T21:44:37]   $ git -C "C:\Kei\ComposerInvest" push
[2026-06-23T21:44:42] GitHub push successful.
[2026-06-24T15:51:01] archive: === Archive started ===
[2026-06-24T15:51:01] archive:   Archived -> marketForecast_2026-06-24.html
[2026-06-24T15:51:01] archive:   Archived -> dailySignal_2026-06-24.html
[2026-06-24T15:51:01] archive:   SKIP (not found): index_186main.html
[2026-06-24T15:51:01] archive:   Archived -> signal185_2026-06-24.html
[2026-06-24T15:51:01] archive:   Archived -> signalKei186_2026-06-24.html
[2026-06-24T15:51:01] archive:   Archived -> signal187hi_2026-06-24.html
[2026-06-24T15:51:01] archive: Rebuilt BackLog/index.html � 39 dates, 74 files
[2026-06-24T15:51:01] archive: === Archive complete ===
[2026-06-24T15:51:01] === Composer daily allocation pull ===
[2026-06-24T15:51:01] Configured symphonies: ['WgHFDD7PsDJYTw3ZCvZx', 'jtQvlI5wINrxpOfxgmgl', 'qjmHJ3IR19kmaAlbgkNj', 'ZGersOlsQFRHg7U2qnSw', 'g7WBkfIc6UWUWC6NiAdu', 'BNwivIq0tIEyex2D10GM']
[2026-06-24T15:51:01] No account_uuid in config; discovering via /accounts/list...
[2026-06-24T15:51:03]   account: uuid=b0d61a36-f329-4226-9d82-4494deaee5f5  {"first_deploy_at": "2023-12-29T14:13:04.640912Z", "account_type": "ROTH_IRA", "first_incoming_acats_transfer_at": null, "first_direct_trade_at": null, "direct_tradable_asset_classes": {"buy": [], "sell": []}, "has_queued_deploy": true, "fi
[2026-06-24T15:51:03]   account: uuid=ab37a3ba-4df7-4d20-b239-6ba1b13d159a  {"first_deploy_at": null, "account_type": "TRADITIONAL_IRA", "first_incoming_acats_transfer_at": null, "first_direct_trade_at": null, "direct_tradable_asset_classes": {"buy": [], "sell": []}, "has_queued_deploy": false, "first_deposit_at": 
[2026-06-24T15:51:03]   account: uuid=5faa30f0-1913-43f2-9d0d-63aa6394e07c  {"first_deploy_at": "2023-05-18T19:48:28.886816Z", "account_type": "INDIVIDUAL", "first_incoming_acats_transfer_at": null, "first_direct_trade_at": "2025-07-22T15:01:44.425605Z", "direct_tradable_asset_classes": {"buy": ["EQUITIES"], "sell"
[2026-06-24T15:51:03] Matched account_number 171091982 -> 5faa30f0-1913-43f2-9d0d-63aa6394e07c
[2026-06-24T15:51:03] (Tip: pin the chosen account_uuid in composer_config.json to skip discovery.)
[2026-06-24T15:51:03] Fetching per-symphony stats from /portfolio/.../symphony-stats-meta...
[2026-06-24T15:51:03] GET /api/v0.1/portfolio/accounts/5faa30f0-1913-43f2-9d0d-63aa6394e07c/symphony-stats-meta
[2026-06-24T15:51:04] Saved symphony-stats response to composer_symphony_stats_2026-06-24.json
[2026-06-24T15:51:04] True Composer account total (all symphonies): $177,933.34
[2026-06-24T15:51:04] --- BLEE - 186 2026 ALL in One 57% Max-Down SGOV Bond (WgHFDD7PsDJYTw3ZCvZx) ---
[2026-06-24T15:51:04]   WARN: symphony-stats-meta returned no positions for WgHFDD7PsDJYTw3ZCvZx (check 2026-06-24 JSON to verify the id matches one in the response)
[2026-06-24T15:51:04]   ERROR: no positions found for WgHFDD7PsDJYTw3ZCvZx; skipping CSV/HTML for this symphony
[2026-06-24T15:51:04] --- BLEE - 186 2026 ALL in One (jtQvlI5wINrxpOfxgmgl) ---
[2026-06-24T15:51:04]   WARN: symphony-stats-meta returned no positions for jtQvlI5wINrxpOfxgmgl (check 2026-06-24 JSON to verify the id matches one in the response)
[2026-06-24T15:51:04]   ERROR: no positions found for jtQvlI5wINrxpOfxgmgl; skipping CSV/HTML for this symphony
[2026-06-24T15:51:04] --- BLEE - 187 2026 SGOV Bond 20% Yield and Min Dual Reversal (qjmHJ3IR19kmaAlbgkNj) ---
[2026-06-24T15:51:04]   WARN: symphony-stats-meta returned no positions for qjmHJ3IR19kmaAlbgkNj (check 2026-06-24 JSON to verify the id matches one in the response)
[2026-06-24T15:51:04]   ERROR: no positions found for qjmHJ3IR19kmaAlbgkNj; skipping CSV/HTML for this symphony
[2026-06-24T15:51:04] --- BLEE - 185 2026 SGOV and Dual Reversal (ZGersOlsQFRHg7U2qnSw) ---
[2026-06-24T15:51:04]   WARN: symphony-stats-meta returned no positions for ZGersOlsQFRHg7U2qnSw (check 2026-06-24 JSON to verify the id matches one in the response)
[2026-06-24T15:51:04]   ERROR: no positions found for ZGersOlsQFRHg7U2qnSw; skipping CSV/HTML for this symphony
[2026-06-24T15:51:04] --- BLEE A - 186 Part 1 Kei 90% NVDA (g7WBkfIc6UWUWC6NiAdu) ---
[2026-06-24T15:51:04]   Got 12 positions from symphony-stats-meta
[2026-06-24T15:51:04]   RSI override: DISABLED (symphony handles its own rotation)
[2026-06-24T15:51:04]   Saved today's slice to composer_allocations_kei186_2026-06-24.json
[2026-06-24T15:51:04]   Updated stable file: composer_allocations_kei186.json
[2026-06-24T15:51:04]   Wrote 12 rows for 2026-06-24 to composer_allocations_kei186.csv (kept 246 prior rows, source=symphony-stats-meta)
[2026-06-24T15:51:04] Generated dashboard -> index_kei186.html (value=$8,063.72, days=26)
[2026-06-24T15:51:04] --- BLEE - 187 2026 ALL in One For High Interest Period (BNwivIq0tIEyex2D10GM) ---
[2026-06-24T15:51:04]   Got 15 positions from symphony-stats-meta
[2026-06-24T15:51:04]   RSI override: DISABLED (symphony handles its own rotation)
[2026-06-24T15:51:04]   Saved today's slice to composer_allocations_187hi_2026-06-24.json
[2026-06-24T15:51:04]   Updated stable file: composer_allocations_187hi.json
[2026-06-24T15:51:04]   Wrote 15 rows for 2026-06-24 to composer_allocations_187hi.csv (kept 168 prior rows, source=symphony-stats-meta)
[2026-06-24T15:51:04] Generated dashboard -> index_187hi.html (value=$78,164.23, days=14)
[2026-06-24T15:51:04] Published signal_latest.json (3 positions, date=2026-06-10)
[2026-06-24T15:51:04] Regenerated CurrentWatchSymphony.html (2 symphonies)
[2026-06-24T15:51:04] === Done ===
[2026-06-24T15:51:13] Stamped last-updated (06/24/2026 03:51 PM ET) into index.html
[2026-06-24T15:51:13] Stamped last-updated (06/24/2026 03:51 PM ET) into performance1.html
[2026-06-24T15:51:13] Stamped last-updated (06/24/2026 03:51 PM ET) into Algorithm185History.html
[2026-06-24T15:51:13] --- Pushing updates to GitHub ---
[2026-06-24T15:51:13]   $ git -C "C:\Kei\ComposerInvest" add .
[2026-06-24T15:51:14]   $ git -C "C:\Kei\ComposerInvest" commit -m "daily auto update 2026-06-24"
[2026-06-24T15:51:14]   $ git -C "C:\Kei\ComposerInvest" push
[2026-06-24T15:51:20] GitHub push successful.
[2026-06-24T15:53:01] market_report: === Market report generation started ===
[2026-06-24T15:53:01] market_report: Loaded 21 ETF points from Index_50_point.csv
[2026-06-24T15:53:01] market_report: Loaded 15 ETF allocations from composer_allocations_187hi.json (BLEE - 187 2026 ALL in One For High Interest Period)
[2026-06-24T15:53:05] market_report:   RSI-14 fetched: 46.55 (SPY close=732.96)
[2026-06-24T15:53:05] market_report:   RSI signal: Neutral RSI (10d avg=50.95, adj=+0, new score=+22.39)
[2026-06-24T15:53:05] market_report:   RSI override not triggered: Today RSI 46.5 ≤ 76.0 — override not triggered
[2026-06-24T15:53:05] market_report: Composite score: +22.39 -> Sunny and Partly Cloudy
[2026-06-24T15:53:06] market_report:   RSS WSJ: 20 items fetched
[2026-06-24T15:53:06] market_report:   Selected [WSJ] topic=EQUITY: Stocks Sink in Broad AI Rout Sparked by China's DeepSeek
[2026-06-24T15:53:08] market_report:   RSS Yahoo Finance: 43 items fetched
[2026-06-24T15:53:08] market_report:   Selected [Yahoo Finance] topic=OTHER: Sandvik agrees to acquire Italy’s Diemme Filtration
[2026-06-24T15:53:09] market_report:   RSS fetch failed (Barron's): HTTP Error 503: Service Temporarily Unavailable
[2026-06-24T15:53:09] market_report:   Barron's: RSS unavailable, using hardcoded fallback
[2026-06-24T15:53:09] market_report:   Selected [Barron's] topic=MACRO: Trade Winds: Tariff Developments Continue to Reshape Global Supply Cha
[2026-06-24T15:53:09] market_report: Fetched 3 news items
[2026-06-24T15:53:09] market_report: Updated marketDailySummary.html with score=+22.39 (Sunny and Partly Cloudy)
[2026-06-24T15:53:09] market_report: Stamped last-updated (06/24/2026 03:53 PM ET) into index.html
[2026-06-24T15:53:09] market_report: Stamped last-updated (06/24/2026 03:53 PM ET) into performance1.html
[2026-06-24T15:53:09] market_report: Stamped last-updated (06/24/2026 03:53 PM ET) into Algorithm185History.html
[2026-06-24T15:53:09] market_report: === Market report generation complete ===
[2026-06-25T15:51:00] archive: === Archive started ===
[2026-06-25T15:51:00] archive:   Archived -> marketForecast_2026-06-25.html
[2026-06-25T15:51:01] archive:   Archived -> dailySignal_2026-06-25.html
[2026-06-25T15:51:01] archive:   SKIP (not found): index_186main.html
[2026-06-25T15:51:01] archive:   Archived -> signal185_2026-06-25.html
[2026-06-25T15:51:01] archive:   Archived -> signalKei186_2026-06-25.html
[2026-06-25T15:51:01] archive:   Archived -> signal187hi_2026-06-25.html
[2026-06-25T15:51:01] archive: Rebuilt BackLog/index.html � 40 dates, 76 files
[2026-06-25T15:51:01] archive: === Archive complete ===
[2026-06-25T15:51:01] === Composer daily allocation pull ===
[2026-06-25T15:51:01] Configured symphonies: ['WgHFDD7PsDJYTw3ZCvZx', 'jtQvlI5wINrxpOfxgmgl', 'qjmHJ3IR19kmaAlbgkNj', 'ZGersOlsQFRHg7U2qnSw', 'g7WBkfIc6UWUWC6NiAdu', 'BNwivIq0tIEyex2D10GM']
[2026-06-25T15:51:01] No account_uuid in config; discovering via /accounts/list...
[2026-06-25T15:51:02]   account: uuid=b0d61a36-f329-4226-9d82-4494deaee5f5  {"first_deploy_at": "2023-12-29T14:13:04.640912Z", "account_type": "ROTH_IRA", "first_incoming_acats_transfer_at": null, "first_direct_trade_at": null, "direct_tradable_asset_classes": {"buy": [], "sell": []}, "has_queued_deploy": true, "fi
[2026-06-25T15:51:02]   account: uuid=ab37a3ba-4df7-4d20-b239-6ba1b13d159a  {"first_deploy_at": null, "account_type": "TRADITIONAL_IRA", "first_incoming_acats_transfer_at": null, "first_direct_trade_at": null, "direct_tradable_asset_classes": {"buy": [], "sell": []}, "has_queued_deploy": false, "first_deposit_at": 
[2026-06-25T15:51:02]   account: uuid=5faa30f0-1913-43f2-9d0d-63aa6394e07c  {"first_deploy_at": "2023-05-18T19:48:28.886816Z", "account_type": "INDIVIDUAL", "first_incoming_acats_transfer_at": null, "first_direct_trade_at": "2025-07-22T15:01:44.425605Z", "direct_tradable_asset_classes": {"buy": ["EQUITIES"], "sell"
[2026-06-25T15:51:02] Matched account_number 171091982 -> 5faa30f0-1913-43f2-9d0d-63aa6394e07c
[2026-06-25T15:51:02] (Tip: pin the chosen account_uuid in composer_config.json to skip discovery.)
[2026-06-25T15:51:02] Fetching per-symphony stats from /portfolio/.../symphony-stats-meta...
[2026-06-25T15:51:02] GET /api/v0.1/portfolio/accounts/5faa30f0-1913-43f2-9d0d-63aa6394e07c/symphony-stats-meta
[2026-06-25T15:51:03] Saved symphony-stats response to composer_symphony_stats_2026-06-25.json
[2026-06-25T15:51:03] True Composer account total (all symphonies): $178,925.79
[2026-06-25T15:51:03] --- BLEE - 186 2026 ALL in One 57% Max-Down SGOV Bond (WgHFDD7PsDJYTw3ZCvZx) ---
[2026-06-25T15:51:03]   WARN: symphony-stats-meta returned no positions for WgHFDD7PsDJYTw3ZCvZx (check 2026-06-25 JSON to verify the id matches one in the response)
[2026-06-25T15:51:03]   ERROR: no positions found for WgHFDD7PsDJYTw3ZCvZx; skipping CSV/HTML for this symphony
[2026-06-25T15:51:03] --- BLEE - 186 2026 ALL in One (jtQvlI5wINrxpOfxgmgl) ---
[2026-06-25T15:51:03]   WARN: symphony-stats-meta returned no positions for jtQvlI5wINrxpOfxgmgl (check 2026-06-25 JSON to verify the id matches one in the response)
[2026-06-25T15:51:03]   ERROR: no positions found for jtQvlI5wINrxpOfxgmgl; skipping CSV/HTML for this symphony
[2026-06-25T15:51:03] --- BLEE - 187 2026 SGOV Bond 20% Yield and Min Dual Reversal (qjmHJ3IR19kmaAlbgkNj) ---
[2026-06-25T15:51:03]   WARN: symphony-stats-meta returned no positions for qjmHJ3IR19kmaAlbgkNj (check 2026-06-25 JSON to verify the id matches one in the response)
[2026-06-25T15:51:03]   ERROR: no positions found for qjmHJ3IR19kmaAlbgkNj; skipping CSV/HTML for this symphony
[2026-06-25T15:51:03] --- BLEE - 185 2026 SGOV and Dual Reversal (ZGersOlsQFRHg7U2qnSw) ---
[2026-06-25T15:51:03]   WARN: symphony-stats-meta returned no positions for ZGersOlsQFRHg7U2qnSw (check 2026-06-25 JSON to verify the id matches one in the response)
[2026-06-25T15:51:03]   ERROR: no positions found for ZGersOlsQFRHg7U2qnSw; skipping CSV/HTML for this symphony
[2026-06-25T15:51:03] --- BLEE A - 186 Part 1 Kei 90% NVDA (g7WBkfIc6UWUWC6NiAdu) ---
[2026-06-25T15:51:03]   Got 11 positions from symphony-stats-meta
[2026-06-25T15:51:03]   RSI override: DISABLED (symphony handles its own rotation)
[2026-06-25T15:51:03]   Saved today's slice to composer_allocations_kei186_2026-06-25.json
[2026-06-25T15:51:03]   Updated stable file: composer_allocations_kei186.json
[2026-06-25T15:51:03]   Wrote 11 rows for 2026-06-25 to composer_allocations_kei186.csv (kept 258 prior rows, source=symphony-stats-meta)
[2026-06-25T15:51:03] Generated dashboard -> index_kei186.html (value=$8,175.35, days=27)
[2026-06-25T15:51:03] --- BLEE - 187 2026 ALL in One For High Interest Period (BNwivIq0tIEyex2D10GM) ---
[2026-06-25T15:51:03]   Got 14 positions from symphony-stats-meta
[2026-06-25T15:51:03]   RSI override: DISABLED (symphony handles its own rotation)
[2026-06-25T15:51:03]   Saved today's slice to composer_allocations_187hi_2026-06-25.json
[2026-06-25T15:51:03]   Updated stable file: composer_allocations_187hi.json
[2026-06-25T15:51:03]   Wrote 14 rows for 2026-06-25 to composer_allocations_187hi.csv (kept 183 prior rows, source=symphony-stats-meta)
[2026-06-25T15:51:03] Generated dashboard -> index_187hi.html (value=$78,831.27, days=15)
[2026-06-25T15:51:03] Published signal_latest.json (3 positions, date=2026-06-10)
[2026-06-25T15:51:03] Regenerated CurrentWatchSymphony.html (2 symphonies)
[2026-06-25T15:51:03] === Done ===
[2026-06-25T15:51:10] Stamped last-updated (06/25/2026 03:51 PM ET) into index.html
[2026-06-25T15:51:10] Stamped last-updated (06/25/2026 03:51 PM ET) into performance1.html
[2026-06-25T15:51:10] Stamped last-updated (06/25/2026 03:51 PM ET) into Algorithm185History.html
[2026-06-25T15:51:10] --- Pushing updates to GitHub ---
[2026-06-25T15:51:11]   $ git -C "C:\Kei\ComposerInvest" add .
[2026-06-25T15:51:11]   $ git -C "C:\Kei\ComposerInvest" commit -m "daily auto update 2026-06-25"
[2026-06-25T15:51:12]   $ git -C "C:\Kei\ComposerInvest" push
[2026-06-25T15:51:16] GitHub push successful.
[2026-06-25T15:53:01] market_report: === Market report generation started ===
[2026-06-25T15:53:01] market_report: Loaded 21 ETF points from Index_50_point.csv
[2026-06-25T15:53:01] market_report: Loaded 14 ETF allocations from composer_allocations_187hi.json (BLEE - 187 2026 ALL in One For High Interest Period)
[2026-06-25T15:53:04] market_report:   RSI-14 fetched: 46.17 (SPY close=732.37)
[2026-06-25T15:53:04] market_report:   RSI signal: Neutral RSI (10d avg=50.66, adj=+0, new score=+16.14)
[2026-06-25T15:53:04] market_report:   RSI override not triggered: Today RSI 46.2 ≤ 76.0 — override not triggered
[2026-06-25T15:53:04] market_report: Composite score: +16.14 -> Mostly Cloudy
[2026-06-25T15:53:05] market_report:   RSS WSJ: 20 items fetched
[2026-06-25T15:53:05] market_report:   Selected [WSJ] topic=EQUITY: Stocks Sink in Broad AI Rout Sparked by China's DeepSeek
[2026-06-25T15:53:05] market_report:   RSS Yahoo Finance: 50 items fetched
[2026-06-25T15:53:05] market_report:   Selected [Yahoo Finance] topic=OTHER: Fewer job offers for junior roles due to AI, Swiss study shows
[2026-06-25T15:53:06] market_report:   RSS fetch failed (Barron's): HTTP Error 403: Forbidden
[2026-06-25T15:53:06] market_report:   Barron's: RSS unavailable, using hardcoded fallback
[2026-06-25T15:53:06] market_report:   Selected [Barron's] topic=MACRO: Trade Winds: Tariff Developments Continue to Reshape Global Supply Cha
[2026-06-25T15:53:06] market_report: Fetched 3 news items
[2026-06-25T15:53:06] market_report: Updated marketDailySummary.html with score=+16.14 (Mostly Cloudy)
[2026-06-25T15:53:07] market_report: Stamped last-updated (06/25/2026 03:53 PM ET) into index.html
[2026-06-25T15:53:07] market_report: Stamped last-updated (06/25/2026 03:53 PM ET) into performance1.html
[2026-06-25T15:53:07] market_report: Stamped last-updated (06/25/2026 03:53 PM ET) into Algorithm185History.html
[2026-06-25T15:53:07] market_report: === Market report generation complete ===
[2026-06-25T21:25:27] === Composer daily allocation pull ===
[2026-06-25T21:25:27] Configured symphonies: ['WgHFDD7PsDJYTw3ZCvZx', 'jtQvlI5wINrxpOfxgmgl', 'qjmHJ3IR19kmaAlbgkNj', 'ZGersOlsQFRHg7U2qnSw', 'g7WBkfIc6UWUWC6NiAdu', 'BNwivIq0tIEyex2D10GM']
[2026-06-25T21:25:27] No account_uuid in config; discovering via /accounts/list...
[2026-06-25T21:25:28] HTTP 403 on GET /api/v0.1/accounts/list: {"type":"https://developers.cloudflare.com/support/troubleshooting/http-status-codes/cloudflare-1xxx-errors/error-1010/","title":"Error 1010: Access denied","status":403,"detail":"The site owner has blocked access based on your browser's signature.","instance":"a1186c1578891585","error_code":1010,"error_name":"browser_signature_banned","error_category":"access_denied","ray_id":"a1186c1578891585","timestamp":"2026-06-26T01:26:09Z","zone":"api.composer.trade","cloudflare_error":true,"retryable":fa
[2026-06-25T21:25:28] FATAL: HTTPError: HTTP Error 403: Forbidden
[2026-06-25T21:28:08] === Composer daily allocation pull ===
[2026-06-25T21:28:08] Configured symphonies: ['WgHFDD7PsDJYTw3ZCvZx', 'jtQvlI5wINrxpOfxgmgl', 'qjmHJ3IR19kmaAlbgkNj', 'ZGersOlsQFRHg7U2qnSw', 'g7WBkfIc6UWUWC6NiAdu', 'BNwivIq0tIEyex2D10GM']
[2026-06-25T21:28:08] No account_uuid in config; discovering via /accounts/list...
[2026-06-25T21:28:09]   account: uuid=b0d61a36-f329-4226-9d82-4494deaee5f5  {"first_deploy_at": "2023-12-29T14:13:04.640912Z", "account_type": "ROTH_IRA", "first_incoming_acats_transfer_at": null, "first_direct_trade_at": null, "direct_tradable_asset_classes": {"buy": [], "sell": []}, "has_queued_deploy": true, "fi
[2026-06-25T21:28:09]   account: uuid=ab37a3ba-4df7-4d20-b239-6ba1b13d159a  {"first_deploy_at": null, "account_type": "TRADITIONAL_IRA", "first_incoming_acats_transfer_at": null, "first_direct_trade_at": null, "direct_tradable_asset_classes": {"buy": [], "sell": []}, "has_queued_deploy": false, "first_deposit_at": 
[2026-06-25T21:28:09]   account: uuid=5faa30f0-1913-43f2-9d0d-63aa6394e07c  {"first_deploy_at": "2023-05-18T19:48:28.886816Z", "account_type": "INDIVIDUAL", "first_incoming_acats_transfer_at": null, "first_direct_trade_at": "2025-07-22T15:01:44.425605Z", "direct_tradable_asset_classes": {"buy": ["EQUITIES"], "sell"
[2026-06-25T21:28:09] Matched account_number 171091982 -> 5faa30f0-1913-43f2-9d0d-63aa6394e07c
[2026-06-25T21:28:09] Matched account_number 4CM05765 -> b0d61a36-f329-4226-9d82-4494deaee5f5
[2026-06-25T21:28:09] Pulling from 2 account(s): ['5faa30f0-1913-43f2-9d0d-63aa6394e07c', 'b0d61a36-f329-4226-9d82-4494deaee5f5']
[2026-06-25T21:28:09] Fetching per-symphony stats from /portfolio/.../symphony-stats-meta...
[2026-06-25T21:28:09] GET /api/v0.1/portfolio/accounts/5faa30f0-1913-43f2-9d0d-63aa6394e07c/symphony-stats-meta
[2026-06-25T21:28:11] GET /api/v0.1/portfolio/accounts/b0d61a36-f329-4226-9d82-4494deaee5f5/symphony-stats-meta
[2026-06-25T21:28:12] Saved merged symphony-stats (8 symphonies) to composer_symphony_stats_2026-06-25.json
[2026-06-25T21:28:12] True Composer account total (all symphonies): $221,167.57
[2026-06-25T21:28:12] --- BLEE - 186 2026 ALL in One 57% Max-Down SGOV Bond (WgHFDD7PsDJYTw3ZCvZx) ---
[2026-06-25T21:28:12]   WARN: symphony-stats-meta returned no positions for WgHFDD7PsDJYTw3ZCvZx (check 2026-06-25 JSON to verify the id matches one in the response)
[2026-06-25T21:28:12]   ERROR: no positions found for WgHFDD7PsDJYTw3ZCvZx; skipping CSV/HTML for this symphony
[2026-06-25T21:28:12] --- BLEE - 186 2026 ALL in One (jtQvlI5wINrxpOfxgmgl) ---
[2026-06-25T21:28:12]   WARN: symphony-stats-meta returned no positions for jtQvlI5wINrxpOfxgmgl (check 2026-06-25 JSON to verify the id matches one in the response)
[2026-06-25T21:28:12]   ERROR: no positions found for jtQvlI5wINrxpOfxgmgl; skipping CSV/HTML for this symphony
[2026-06-25T21:28:12] --- BLEE - 187 2026 SGOV Bond 20% Yield and Min Dual Reversal (qjmHJ3IR19kmaAlbgkNj) ---
[2026-06-25T21:28:12]   WARN: symphony-stats-meta returned no positions for qjmHJ3IR19kmaAlbgkNj (check 2026-06-25 JSON to verify the id matches one in the response)
[2026-06-25T21:28:12]   ERROR: no positions found for qjmHJ3IR19kmaAlbgkNj; skipping CSV/HTML for this symphony
[2026-06-25T21:28:12] --- BLEE - 185 2026 SGOV and Dual Reversal (ZGersOlsQFRHg7U2qnSw) ---
[2026-06-25T21:28:12]   Got 4 positions from symphony-stats-meta
[2026-06-25T21:28:12]   RSI override: DISABLED (symphony handles its own rotation)
[2026-06-25T21:28:12]   Saved today's slice to composer_allocations_185v2_2026-06-25.json
[2026-06-25T21:28:12]   Updated stable file: composer_allocations_185.json
[2026-06-25T21:28:12]   Wrote 4 rows for 2026-06-25 to composer_allocations_185v2.csv (kept 100 prior rows, source=symphony-stats-meta)
[2026-06-25T21:28:12] Generated dashboard -> index_185v2.html (value=$6,336.03, days=26)
[2026-06-25T21:28:12]   Prepended 2026-06-25 row to composer_allocations_185_3yr2.csv
[2026-06-25T21:28:13]   Updated today's row in Algorithm185History.html
[2026-06-25T21:28:13] --- BLEE A - 186 Part 1 Kei 90% NVDA (g7WBkfIc6UWUWC6NiAdu) ---
[2026-06-25T21:28:13]   Got 13 positions from symphony-stats-meta
[2026-06-25T21:28:13]   RSI override: DISABLED (symphony handles its own rotation)
[2026-06-25T21:28:13]   Saved today's slice to composer_allocations_kei186_2026-06-25.json
[2026-06-25T21:28:13]   Updated stable file: composer_allocations_kei186.json
[2026-06-25T21:28:13]   Wrote 13 rows for 2026-06-25 to composer_allocations_kei186.csv (kept 258 prior rows, source=symphony-stats-meta)
[2026-06-25T21:28:13] Generated dashboard -> index_kei186.html (value=$58,283.81, days=27)
[2026-06-25T21:28:13] --- BLEE - 187 2026 ALL in One For High Interest Period (BNwivIq0tIEyex2D10GM) ---
[2026-06-25T21:28:13]   Got 17 positions from symphony-stats-meta
[2026-06-25T21:28:13]   RSI override: DISABLED (symphony handles its own rotation)
[2026-06-25T21:28:13]   Saved today's slice to composer_allocations_187hi_2026-06-25.json
[2026-06-25T21:28:13]   Updated stable file: composer_allocations_187hi.json
[2026-06-25T21:28:13]   Wrote 17 rows for 2026-06-25 to composer_allocations_187hi.csv (kept 183 prior rows, source=symphony-stats-meta)
[2026-06-25T21:28:13] Generated dashboard -> index_187hi.html (value=$78,913.34, days=15)
[2026-06-25T21:28:13] Published signal_latest.json (3 positions, date=2026-06-10)
[2026-06-25T21:28:13] Regenerated CurrentWatchSymphony.html (3 symphonies)
[2026-06-25T21:28:13] === Done ===
[2026-06-25T21:28:16] Stamped last-updated (06/25/2026 09:28 PM ET) into index.html
[2026-06-25T21:28:16] Stamped last-updated (06/25/2026 09:28 PM ET) into performance1.html
[2026-06-25T21:28:16] Stamped last-updated (06/25/2026 09:28 PM ET) into Algorithm185History.html
[2026-06-25T21:28:16] --- Pushing updates to GitHub ---
[2026-06-25T21:28:16]   $ git -C "C:\Kei\ComposerInvest" add .
[2026-06-25T21:28:17]   $ git -C "C:\Kei\ComposerInvest" commit -m "daily auto update 2026-06-25"
[2026-06-25T21:28:18]   $ git -C "C:\Kei\ComposerInvest" push
[2026-06-25T21:28:24] GitHub push successful.
[2026-06-26T15:51:01] archive: === Archive started ===
[2026-06-26T15:51:01] archive:   Archived -> marketForecast_2026-06-26.html
[2026-06-26T15:51:01] archive:   Archived -> dailySignal_2026-06-26.html
[2026-06-26T15:51:01] archive:   SKIP (not found): index_186main.html
[2026-06-26T15:51:01] archive:   Archived -> signal185_2026-06-26.html
[2026-06-26T15:51:02] archive:   Archived -> signalKei186_2026-06-26.html
[2026-06-26T15:51:02] archive:   Archived -> signal187hi_2026-06-26.html
[2026-06-26T15:51:02] archive: Rebuilt BackLog/index.html � 41 dates, 78 files
[2026-06-26T15:51:02] archive: === Archive complete ===
[2026-06-26T15:51:02] === Composer daily allocation pull ===
[2026-06-26T15:51:02] Configured symphonies: ['WgHFDD7PsDJYTw3ZCvZx', 'jtQvlI5wINrxpOfxgmgl', 'qjmHJ3IR19kmaAlbgkNj', 'ZGersOlsQFRHg7U2qnSw', 'g7WBkfIc6UWUWC6NiAdu', 'BNwivIq0tIEyex2D10GM']
[2026-06-26T15:51:02] No account_uuid in config; discovering via /accounts/list...
[2026-06-26T15:51:05]   account: uuid=b0d61a36-f329-4226-9d82-4494deaee5f5  {"first_deploy_at": "2023-12-29T14:13:04.640912Z", "account_type": "ROTH_IRA", "first_incoming_acats_transfer_at": null, "first_direct_trade_at": null, "direct_tradable_asset_classes": {"buy": [], "sell": []}, "has_queued_deploy": true, "fi
[2026-06-26T15:51:05]   account: uuid=ab37a3ba-4df7-4d20-b239-6ba1b13d159a  {"first_deploy_at": null, "account_type": "TRADITIONAL_IRA", "first_incoming_acats_transfer_at": null, "first_direct_trade_at": null, "direct_tradable_asset_classes": {"buy": [], "sell": []}, "has_queued_deploy": false, "first_deposit_at": 
[2026-06-26T15:51:05]   account: uuid=5faa30f0-1913-43f2-9d0d-63aa6394e07c  {"first_deploy_at": "2023-05-18T19:48:28.886816Z", "account_type": "INDIVIDUAL", "first_incoming_acats_transfer_at": null, "first_direct_trade_at": "2025-07-22T15:01:44.425605Z", "direct_tradable_asset_classes": {"buy": ["EQUITIES"], "sell"
[2026-06-26T15:51:05] Matched account_number 171091982 -> 5faa30f0-1913-43f2-9d0d-63aa6394e07c
[2026-06-26T15:51:05] Matched account_number 4CM05765 -> b0d61a36-f329-4226-9d82-4494deaee5f5
[2026-06-26T15:51:05] Pulling from 2 account(s): ['5faa30f0-1913-43f2-9d0d-63aa6394e07c', 'b0d61a36-f329-4226-9d82-4494deaee5f5']
[2026-06-26T15:51:05] Fetching per-symphony stats from /portfolio/.../symphony-stats-meta...
[2026-06-26T15:51:05] GET /api/v0.1/portfolio/accounts/5faa30f0-1913-43f2-9d0d-63aa6394e07c/symphony-stats-meta
[2026-06-26T15:51:09] GET /api/v0.1/portfolio/accounts/b0d61a36-f329-4226-9d82-4494deaee5f5/symphony-stats-meta
[2026-06-26T15:51:11] Saved merged symphony-stats (8 symphonies) to composer_symphony_stats_2026-06-26.json
[2026-06-26T15:51:11] True Composer account total (all symphonies): $219,381.72
[2026-06-26T15:51:11] --- BLEE - 186 2026 ALL in One 57% Max-Down SGOV Bond (WgHFDD7PsDJYTw3ZCvZx) ---
[2026-06-26T15:51:11]   WARN: symphony-stats-meta returned no positions for WgHFDD7PsDJYTw3ZCvZx (check 2026-06-26 JSON to verify the id matches one in the response)
[2026-06-26T15:51:11]   ERROR: no positions found for WgHFDD7PsDJYTw3ZCvZx; skipping CSV/HTML for this symphony
[2026-06-26T15:51:11] --- BLEE - 186 2026 ALL in One (jtQvlI5wINrxpOfxgmgl) ---
[2026-06-26T15:51:11]   WARN: symphony-stats-meta returned no positions for jtQvlI5wINrxpOfxgmgl (check 2026-06-26 JSON to verify the id matches one in the response)
[2026-06-26T15:51:11]   ERROR: no positions found for jtQvlI5wINrxpOfxgmgl; skipping CSV/HTML for this symphony
[2026-06-26T15:51:11] --- BLEE - 187 2026 SGOV Bond 20% Yield and Min Dual Reversal (qjmHJ3IR19kmaAlbgkNj) ---
[2026-06-26T15:51:11]   WARN: symphony-stats-meta returned no positions for qjmHJ3IR19kmaAlbgkNj (check 2026-06-26 JSON to verify the id matches one in the response)
[2026-06-26T15:51:11]   ERROR: no positions found for qjmHJ3IR19kmaAlbgkNj; skipping CSV/HTML for this symphony
[2026-06-26T15:51:11] --- BLEE - 185 2026 SGOV and Dual Reversal (ZGersOlsQFRHg7U2qnSw) ---
[2026-06-26T15:51:11]   Got 4 positions from symphony-stats-meta
[2026-06-26T15:51:11]   RSI override: DISABLED (symphony handles its own rotation)
[2026-06-26T15:51:11]   Saved today's slice to composer_allocations_185v2_2026-06-26.json
[2026-06-26T15:51:11]   Updated stable file: composer_allocations_185.json
[2026-06-26T15:51:11]   Wrote 4 rows for 2026-06-26 to composer_allocations_185v2.csv (kept 104 prior rows, source=symphony-stats-meta)
[2026-06-26T15:51:12] Generated dashboard -> index_185v2.html (value=$6,340.60, days=27)
[2026-06-26T15:51:12]   Prepended 2026-06-26 row to composer_allocations_185_3yr2.csv
[2026-06-26T15:51:12]   Prepended 2026-06-26 row to Algorithm185History.html ALLOC_DATA
[2026-06-26T15:51:12] --- BLEE A - 186 Part 1 Kei 90% NVDA (g7WBkfIc6UWUWC6NiAdu) ---
[2026-06-26T15:51:12]   Got 13 positions from symphony-stats-meta
[2026-06-26T15:51:12]   RSI override: DISABLED (symphony handles its own rotation)
[2026-06-26T15:51:12]   Saved today's slice to composer_allocations_kei186_2026-06-26.json
[2026-06-26T15:51:12]   Updated stable file: composer_allocations_kei186.json
[2026-06-26T15:51:12]   Wrote 13 rows for 2026-06-26 to composer_allocations_kei186.csv (kept 271 prior rows, source=symphony-stats-meta)
[2026-06-26T15:51:12] Generated dashboard -> index_kei186.html (value=$2,559.12, days=28)
[2026-06-26T15:51:12] --- BLEE - 187 2026 ALL in One For High Interest Period (BNwivIq0tIEyex2D10GM) ---
[2026-06-26T15:51:12]   Got 16 positions from symphony-stats-meta
[2026-06-26T15:51:12]   RSI override: DISABLED (symphony handles its own rotation)
[2026-06-26T15:51:12]   Saved today's slice to composer_allocations_187hi_2026-06-26.json
[2026-06-26T15:51:12]   Updated stable file: composer_allocations_187hi.json
[2026-06-26T15:51:12]   Wrote 16 rows for 2026-06-26 to composer_allocations_187hi.csv (kept 200 prior rows, source=symphony-stats-meta)
[2026-06-26T15:51:12] Generated dashboard -> index_187hi.html (value=$139,374.41, days=16)
[2026-06-26T15:51:12] Published signal_latest.json (3 positions, date=2026-06-10)
[2026-06-26T15:51:12] Regenerated CurrentWatchSymphony.html (3 symphonies)
[2026-06-26T15:51:12] === Done ===
[2026-06-26T15:51:23] Stamped last-updated (06/26/2026 03:51 PM ET) into index.html
[2026-06-26T15:51:23] Stamped last-updated (06/26/2026 03:51 PM ET) into performance1.html
[2026-06-26T15:51:23] Stamped last-updated (06/26/2026 03:51 PM ET) into Algorithm185History.html
[2026-06-26T15:51:23] --- Pushing updates to GitHub ---
[2026-06-26T15:51:23]   $ git -C "C:\Kei\ComposerInvest" add .
[2026-06-26T15:51:24]   $ git -C "C:\Kei\ComposerInvest" commit -m "daily auto update 2026-06-26"
[2026-06-26T15:51:25]   $ git -C "C:\Kei\ComposerInvest" push
[2026-06-26T15:51:34] GitHub push successful.
[2026-06-26T15:53:01] market_report: === Market report generation started ===
[2026-06-26T15:53:01] market_report: Loaded 21 ETF points from Index_50_point.csv
[2026-06-26T15:53:01] market_report: Loaded 16 ETF allocations from composer_allocations_187hi.json (BLEE - 187 2026 ALL in One For High Interest Period)
[2026-06-26T15:53:09] market_report:   RSI-14 fetched: 46.62 (SPY close=733.03)
[2026-06-26T15:53:09] market_report:   RSI signal: Neutral RSI (10d avg=51.1, adj=+0, new score=+24.47)
[2026-06-26T15:53:09] market_report:   RSI override not triggered: Today RSI 46.6 ≤ 76.0 — override not triggered
[2026-06-26T15:53:09] market_report: Composite score: +24.47 -> Sunny and Partly Cloudy
[2026-06-26T15:53:12] market_report:   RSS WSJ: 20 items fetched
[2026-06-26T15:53:12] market_report:   Selected [WSJ] topic=EQUITY: Stocks Sink in Broad AI Rout Sparked by China's DeepSeek
[2026-06-26T15:53:15] market_report:   RSS Yahoo Finance: 47 items fetched
[2026-06-26T15:53:15] market_report:   Selected [Yahoo Finance] topic=OTHER: Florida man accused of $3.7B Medicare scam gets dragged back to US by 
[2026-06-26T15:53:17] market_report:   RSS fetch failed (Barron's): HTTP Error 403: Forbidden
[2026-06-26T15:53:17] market_report:   Barron's: RSS unavailable, using hardcoded fallback
[2026-06-26T15:53:17] market_report:   Selected [Barron's] topic=MACRO: Trade Winds: Tariff Developments Continue to Reshape Global Supply Cha
[2026-06-26T15:53:17] market_report: Fetched 3 news items
[2026-06-26T15:53:17] market_report: Updated marketDailySummary.html with score=+24.47 (Sunny and Partly Cloudy)
[2026-06-26T15:53:17] market_report: Stamped last-updated (06/26/2026 03:53 PM ET) into index.html
[2026-06-26T15:53:17] market_report: Stamped last-updated (06/26/2026 03:53 PM ET) into performance1.html
[2026-06-26T15:53:17] market_report: Stamped last-updated (06/26/2026 03:53 PM ET) into Algorithm185History.html
[2026-06-26T15:53:17] market_report: === Market report generation complete ===
[2026-06-27T15:53:02] market_report: === Market report generation started ===
[2026-06-27T15:53:02] market_report: Loaded 21 ETF points from Index_50_point.csv
[2026-06-27T15:53:02] market_report: Loaded 16 ETF allocations from composer_allocations_187hi.json (BLEE - 187 2026 ALL in One For High Interest Period)
[2026-06-27T15:53:33] market_report:   RSI signal: Neutral RSI (10d avg=51.1, adj=+0, new score=+24.47)
[2026-06-27T15:53:33] market_report:   RSI override not triggered: Today RSI 46.6 ≤ 76.0 — override not triggered
[2026-06-27T15:53:33] market_report: Composite score: +24.47 -> Sunny and Partly Cloudy
[2026-06-27T15:53:45] market_report:   RSS fetch failed (WSJ): <urlopen error [Errno 11001] getaddrinfo failed>
[2026-06-27T15:53:45] market_report:   WSJ: RSS unavailable, using hardcoded fallback
[2026-06-27T15:53:45] market_report:   Selected [WSJ] topic=FED: Fed Signals Patience as Rate Path Stays Data-Dependent
[2026-06-27T15:53:45] market_report:   RSS fetch failed (Yahoo Finance): <urlopen error [Errno 11001] getaddrinfo failed>
[2026-06-27T15:53:45] market_report:   Yahoo Finance: RSS unavailable, using hardcoded fallback
[2026-06-27T15:53:45] market_report:   Selected [Yahoo Finance] topic=EQUITY: S&P 500 Holds Near Highs as Investors Weigh Macro Crosscurrents
[2026-06-27T15:53:45] market_report:   RSS fetch failed (Barron's): <urlopen error [Errno 11001] getaddrinfo failed>
[2026-06-27T15:53:45] market_report:   Barron's: RSS unavailable, using hardcoded fallback
[2026-06-27T15:53:45] market_report:   Selected [Barron's] topic=MACRO: Trade Winds: Tariff Developments Continue to Reshape Global Supply Cha
[2026-06-27T15:53:45] market_report: Fetched 3 news items
[2026-06-27T15:53:46] market_report: Updated marketDailySummary.html with score=+24.47 (Sunny and Partly Cloudy)
[2026-06-27T15:53:46] market_report: Stamped last-updated (06/27/2026 03:53 PM ET) into index.html
[2026-06-27T15:53:46] market_report: Stamped last-updated (06/27/2026 03:53 PM ET) into performance1.html
[2026-06-27T15:53:46] market_report: Stamped last-updated (06/27/2026 03:53 PM ET) into Algorithm185History.html
[2026-06-27T15:53:46] market_report: === Market report generation complete ===
[2026-06-28T20:38:35] archive: === Archive started ===
[2026-06-28T20:38:35] archive:   Archived -> marketForecast_2026-06-28.html
[2026-06-28T20:38:35] archive:   Archived -> dailySignal_2026-06-28.html
[2026-06-28T20:38:35] archive:   SKIP (not found): index_186main.html
[2026-06-28T20:38:35] archive:   Archived -> signal185_2026-06-28.html
[2026-06-28T20:38:35] market_report: === Market report generation started ===
[2026-06-28T20:38:35] market_report: Loaded 21 ETF points from Index_50_point.csv
[2026-06-28T20:38:35] market_report: Loaded 16 ETF allocations from composer_allocations_187hi.json (BLEE - 187 2026 ALL in One For High Interest Period)
[2026-06-28T20:38:35] archive:   Archived -> signalKei186_2026-06-28.html
[2026-06-28T20:38:35] archive:   Archived -> signal187hi_2026-06-28.html
[2026-06-28T20:38:35] archive: Rebuilt BackLog/index.html � 42 dates, 80 files
[2026-06-28T20:38:35] archive: === Archive complete ===
[2026-06-28T20:38:39] === Composer daily allocation pull ===
[2026-06-28T20:38:39] Configured symphonies: ['WgHFDD7PsDJYTw3ZCvZx', 'jtQvlI5wINrxpOfxgmgl', 'qjmHJ3IR19kmaAlbgkNj', 'ZGersOlsQFRHg7U2qnSw', 'g7WBkfIc6UWUWC6NiAdu', 'BNwivIq0tIEyex2D10GM']
[2026-06-28T20:38:39] No account_uuid in config; discovering via /accounts/list...
[2026-06-28T20:38:41] Network error on GET /api/v0.1/accounts/list: <urlopen error [Errno 11001] getaddrinfo failed>
[2026-06-28T20:38:41] FATAL: URLError: <urlopen error [Errno 11001] getaddrinfo failed>
[2026-06-28T20:39:28] market_report:   RSI signal: Neutral RSI (10d avg=51.1, adj=+0, new score=+24.47)
[2026-06-28T20:39:28] market_report:   RSI override not triggered: Today RSI 46.6 ≤ 76.0 — override not triggered
[2026-06-28T20:39:28] market_report: Composite score: +24.47 -> Sunny and Partly Cloudy
[2026-06-28T20:39:29] market_report:   RSS fetch failed (WSJ): <urlopen error [Errno 11001] getaddrinfo failed>
[2026-06-28T20:39:29] market_report:   WSJ: RSS unavailable, using hardcoded fallback
[2026-06-28T20:39:29] market_report:   Selected [WSJ] topic=FED: Fed Signals Patience as Rate Path Stays Data-Dependent
[2026-06-28T20:39:29] market_report:   RSS fetch failed (Yahoo Finance): <urlopen error [Errno 11001] getaddrinfo failed>
[2026-06-28T20:39:29] market_report:   Yahoo Finance: RSS unavailable, using hardcoded fallback
[2026-06-28T20:39:29] market_report:   Selected [Yahoo Finance] topic=EQUITY: S&P 500 Holds Near Highs as Investors Weigh Macro Crosscurrents
[2026-06-28T20:39:29] market_report:   RSS fetch failed (Barron's): <urlopen error [Errno 11001] getaddrinfo failed>
[2026-06-28T20:39:29] market_report:   Barron's: RSS unavailable, using hardcoded fallback
[2026-06-28T20:39:29] market_report:   Selected [Barron's] topic=MACRO: Trade Winds: Tariff Developments Continue to Reshape Global Supply Cha
[2026-06-28T20:39:29] market_report: Fetched 3 news items
[2026-06-28T20:39:29] market_report: Updated marketDailySummary.html with score=+24.47 (Sunny and Partly Cloudy)
[2026-06-28T20:39:29] market_report: Stamped last-updated (06/28/2026 08:39 PM ET) into index.html
[2026-06-28T20:39:29] market_report: Stamped last-updated (06/28/2026 08:39 PM ET) into performance1.html
[2026-06-28T20:39:29] market_report: Stamped last-updated (06/28/2026 08:39 PM ET) into Algorithm185History.html
[2026-06-28T20:39:29] market_report: === Market report generation complete ===
[2026-06-29T15:51:00] archive: === Archive started ===
[2026-06-29T15:51:01] archive:   Archived -> marketForecast_2026-06-29.html
[2026-06-29T15:51:01] archive:   Archived -> dailySignal_2026-06-29.html
[2026-06-29T15:51:01] archive:   SKIP (not found): index_186main.html
[2026-06-29T15:51:01] archive:   Archived -> signal185_2026-06-29.html
[2026-06-29T15:51:01] archive:   Archived -> signalKei186_2026-06-29.html
[2026-06-29T15:51:01] archive:   Archived -> signal187hi_2026-06-29.html
[2026-06-29T15:51:01] archive: Rebuilt BackLog/index.html � 43 dates, 82 files
[2026-06-29T15:51:01] archive: === Archive complete ===
[2026-06-29T15:51:01] === Composer daily allocation pull ===
[2026-06-29T15:51:01] Configured symphonies: ['WgHFDD7PsDJYTw3ZCvZx', 'jtQvlI5wINrxpOfxgmgl', 'qjmHJ3IR19kmaAlbgkNj', 'ZGersOlsQFRHg7U2qnSw', 'g7WBkfIc6UWUWC6NiAdu', 'BNwivIq0tIEyex2D10GM']
[2026-06-29T15:51:01] No account_uuid in config; discovering via /accounts/list...
[2026-06-29T15:51:03]   account: uuid=b0d61a36-f329-4226-9d82-4494deaee5f5  {"first_deploy_at": "2023-12-29T14:13:04.640912Z", "account_type": "ROTH_IRA", "first_incoming_acats_transfer_at": null, "first_direct_trade_at": null, "direct_tradable_asset_classes": {"buy": [], "sell": []}, "has_queued_deploy": false, "f
[2026-06-29T15:51:03]   account: uuid=ab37a3ba-4df7-4d20-b239-6ba1b13d159a  {"first_deploy_at": null, "account_type": "TRADITIONAL_IRA", "first_incoming_acats_transfer_at": null, "first_direct_trade_at": null, "direct_tradable_asset_classes": {"buy": [], "sell": []}, "has_queued_deploy": false, "first_deposit_at": 
[2026-06-29T15:51:03]   account: uuid=5faa30f0-1913-43f2-9d0d-63aa6394e07c  {"first_deploy_at": "2023-05-18T19:48:28.886816Z", "account_type": "INDIVIDUAL", "first_incoming_acats_transfer_at": null, "first_direct_trade_at": "2025-07-22T15:01:44.425605Z", "direct_tradable_asset_classes": {"buy": ["EQUITIES"], "sell"
[2026-06-29T15:51:03] Matched account_number 171091982 -> 5faa30f0-1913-43f2-9d0d-63aa6394e07c
[2026-06-29T15:51:03] Matched account_number 4CM05765 -> b0d61a36-f329-4226-9d82-4494deaee5f5
[2026-06-29T15:51:03] Pulling from 2 account(s): ['5faa30f0-1913-43f2-9d0d-63aa6394e07c', 'b0d61a36-f329-4226-9d82-4494deaee5f5']
[2026-06-29T15:51:03] Fetching per-symphony stats from /portfolio/.../symphony-stats-meta...
[2026-06-29T15:51:03] GET /api/v0.1/portfolio/accounts/5faa30f0-1913-43f2-9d0d-63aa6394e07c/symphony-stats-meta
[2026-06-29T15:51:04] GET /api/v0.1/portfolio/accounts/b0d61a36-f329-4226-9d82-4494deaee5f5/symphony-stats-meta
[2026-06-29T15:51:05] Saved merged symphony-stats (8 symphonies) to composer_symphony_stats_2026-06-29.json
[2026-06-29T15:51:05] True Composer account total (all symphonies): $225,883.57
[2026-06-29T15:51:05] --- BLEE - 186 2026 ALL in One 57% Max-Down SGOV Bond (WgHFDD7PsDJYTw3ZCvZx) ---
[2026-06-29T15:51:05]   WARN: symphony-stats-meta returned no positions for WgHFDD7PsDJYTw3ZCvZx (check 2026-06-29 JSON to verify the id matches one in the response)
[2026-06-29T15:51:05]   ERROR: no positions found for WgHFDD7PsDJYTw3ZCvZx; skipping CSV/HTML for this symphony
[2026-06-29T15:51:05] --- BLEE - 186 2026 ALL in One (jtQvlI5wINrxpOfxgmgl) ---
[2026-06-29T15:51:05]   WARN: symphony-stats-meta returned no positions for jtQvlI5wINrxpOfxgmgl (check 2026-06-29 JSON to verify the id matches one in the response)
[2026-06-29T15:51:05]   ERROR: no positions found for jtQvlI5wINrxpOfxgmgl; skipping CSV/HTML for this symphony
[2026-06-29T15:51:05] --- BLEE - 187 2026 SGOV Bond 20% Yield and Min Dual Reversal (qjmHJ3IR19kmaAlbgkNj) ---
[2026-06-29T15:51:05]   WARN: symphony-stats-meta returned no positions for qjmHJ3IR19kmaAlbgkNj (check 2026-06-29 JSON to verify the id matches one in the response)
[2026-06-29T15:51:05]   ERROR: no positions found for qjmHJ3IR19kmaAlbgkNj; skipping CSV/HTML for this symphony
[2026-06-29T15:51:05] --- BLEE - 185 2026 SGOV and Dual Reversal (ZGersOlsQFRHg7U2qnSw) ---
[2026-06-29T15:51:05]   Got 4 positions from symphony-stats-meta
[2026-06-29T15:51:05]   RSI override: DISABLED (symphony handles its own rotation)
[2026-06-29T15:51:05]   Saved today's slice to composer_allocations_185v2_2026-06-29.json
[2026-06-29T15:51:05]   Updated stable file: composer_allocations_185.json
[2026-06-29T15:51:06]   Wrote 4 rows for 2026-06-29 to composer_allocations_185v2.csv (kept 108 prior rows, source=symphony-stats-meta)
[2026-06-29T15:51:06] Generated dashboard -> index_185v2.html (value=$6,344.89, days=28)
[2026-06-29T15:51:06]   Prepended 2026-06-29 row to composer_allocations_185_3yr2.csv
[2026-06-29T15:51:06]   Prepended 2026-06-29 row to Algorithm185History.html ALLOC_DATA
[2026-06-29T15:51:06] --- BLEE A - 186 Part 1 Kei 90% NVDA (g7WBkfIc6UWUWC6NiAdu) ---
[2026-06-29T15:51:06]   Got 13 positions from symphony-stats-meta
[2026-06-29T15:51:06]   RSI override: DISABLED (symphony handles its own rotation)
[2026-06-29T15:51:06]   Saved today's slice to composer_allocations_kei186_2026-06-29.json
[2026-06-29T15:51:06]   Updated stable file: composer_allocations_kei186.json
[2026-06-29T15:51:06]   Wrote 13 rows for 2026-06-29 to composer_allocations_kei186.csv (kept 284 prior rows, source=symphony-stats-meta)
[2026-06-29T15:51:06] Generated dashboard -> index_kei186.html (value=$2,607.99, days=29)
[2026-06-29T15:51:06] --- BLEE - 187 2026 ALL in One For High Interest Period (BNwivIq0tIEyex2D10GM) ---
[2026-06-29T15:51:06]   Got 16 positions from symphony-stats-meta
[2026-06-29T15:51:06]   RSI override: DISABLED (symphony handles its own rotation)
[2026-06-29T15:51:06]   Saved today's slice to composer_allocations_187hi_2026-06-29.json
[2026-06-29T15:51:06]   Updated stable file: composer_allocations_187hi.json
[2026-06-29T15:51:06]   Wrote 16 rows for 2026-06-29 to composer_allocations_187hi.csv (kept 216 prior rows, source=symphony-stats-meta)
[2026-06-29T15:51:06] Generated dashboard -> index_187hi.html (value=$140,513.39, days=17)
[2026-06-29T15:51:06] Published signal_latest.json (3 positions, date=2026-06-10)
[2026-06-29T15:51:06] Regenerated CurrentWatchSymphony.html (3 symphonies)
[2026-06-29T15:51:06] === Done ===
[2026-06-29T15:51:15] Stamped last-updated (06/29/2026 03:51 PM ET) into index.html
[2026-06-29T15:51:15] Stamped last-updated (06/29/2026 03:51 PM ET) into performance1.html
[2026-06-29T15:51:15] Stamped last-updated (06/29/2026 03:51 PM ET) into Algorithm185History.html
[2026-06-29T15:51:15] --- Pushing updates to GitHub ---
[2026-06-29T15:51:15]   $ git -C "C:\Kei\ComposerInvest" add .
[2026-06-29T15:51:16]   $ git -C "C:\Kei\ComposerInvest" commit -m "daily auto update 2026-06-29"
[2026-06-29T15:51:16]   $ git -C "C:\Kei\ComposerInvest" push
[2026-06-29T15:51:22] GitHub push successful.
[2026-06-29T15:53:02] market_report: === Market report generation started ===
[2026-06-29T15:53:02] market_report: Loaded 21 ETF points from Index_50_point.csv
[2026-06-29T15:53:02] market_report: Loaded 16 ETF allocations from composer_allocations_187hi.json (BLEE - 187 2026 ALL in One For High Interest Period)
[2026-06-29T15:53:05] market_report:   RSI-14 fetched: 51.94 (SPY close=740.3)
[2026-06-29T15:53:05] market_report:   RSI signal: Neutral RSI (10d avg=51.21, adj=+0, new score=+25.42)
[2026-06-29T15:53:05] market_report:   RSI override not triggered: Today RSI 51.9 ≤ 76.0 — override not triggered
[2026-06-29T15:53:05] market_report: Composite score: +25.42 -> Sunny and Partly Cloudy
[2026-06-29T15:53:07] market_report:   RSS WSJ: 20 items fetched
[2026-06-29T15:53:07] market_report:   Selected [WSJ] topic=EQUITY: Stocks Sink in Broad AI Rout Sparked by China's DeepSeek
[2026-06-29T15:53:08] market_report:   RSS Yahoo Finance: 44 items fetched
[2026-06-29T15:53:08] market_report:   Selected [Yahoo Finance] topic=OTHER: BlackRock IBIT investors are now nursing a 40% loss
[2026-06-29T15:53:09] market_report:   RSS fetch failed (Barron's): HTTP Error 403: Forbidden
[2026-06-29T15:53:09] market_report:   Barron's: RSS unavailable, using hardcoded fallback
[2026-06-29T15:53:09] market_report:   Selected [Barron's] topic=MACRO: Trade Winds: Tariff Developments Continue to Reshape Global Supply Cha
[2026-06-29T15:53:09] market_report: Fetched 3 news items
[2026-06-29T15:53:09] market_report: Updated marketDailySummary.html with score=+25.42 (Sunny and Partly Cloudy)
[2026-06-29T15:53:09] market_report: Stamped last-updated (06/29/2026 03:53 PM ET) into index.html
[2026-06-29T15:53:10] market_report: Stamped last-updated (06/29/2026 03:53 PM ET) into performance1.html
[2026-06-29T15:53:10] market_report: Stamped last-updated (06/29/2026 03:53 PM ET) into Algorithm185History.html
[2026-06-29T15:53:10] market_report: === Market report generation complete ===
[2026-06-30T15:51:01] archive: === Archive started ===
[2026-06-30T15:51:01] archive:   Archived -> marketForecast_2026-06-30.html
[2026-06-30T15:51:01] archive:   Archived -> dailySignal_2026-06-30.html
[2026-06-30T15:51:01] archive:   SKIP (not found): index_186main.html
[2026-06-30T15:51:01] archive:   Archived -> signal185_2026-06-30.html
[2026-06-30T15:51:01] archive:   Archived -> signalKei186_2026-06-30.html
[2026-06-30T15:51:01] archive:   Archived -> signal187hi_2026-06-30.html
[2026-06-30T15:51:01] archive: Rebuilt BackLog/index.html � 44 dates, 84 files
[2026-06-30T15:51:01] archive: === Archive complete ===
[2026-06-30T15:51:01] === Composer daily allocation pull ===
[2026-06-30T15:51:01] Configured symphonies: ['WgHFDD7PsDJYTw3ZCvZx', 'jtQvlI5wINrxpOfxgmgl', 'qjmHJ3IR19kmaAlbgkNj', 'ZGersOlsQFRHg7U2qnSw', 'g7WBkfIc6UWUWC6NiAdu', 'BNwivIq0tIEyex2D10GM']
[2026-06-30T15:51:01] No account_uuid in config; discovering via /accounts/list...
[2026-06-30T15:51:03]   account: uuid=b0d61a36-f329-4226-9d82-4494deaee5f5  {"first_deploy_at": "2023-12-29T14:13:04.640912Z", "account_type": "ROTH_IRA", "first_incoming_acats_transfer_at": null, "first_direct_trade_at": null, "direct_tradable_asset_classes": {"buy": [], "sell": []}, "has_queued_deploy": true, "fi
[2026-06-30T15:51:03]   account: uuid=ab37a3ba-4df7-4d20-b239-6ba1b13d159a  {"first_deploy_at": null, "account_type": "TRADITIONAL_IRA", "first_incoming_acats_transfer_at": null, "first_direct_trade_at": null, "direct_tradable_asset_classes": {"buy": [], "sell": []}, "has_queued_deploy": false, "first_deposit_at": 
[2026-06-30T15:51:03]   account: uuid=5faa30f0-1913-43f2-9d0d-63aa6394e07c  {"first_deploy_at": "2023-05-18T19:48:28.886816Z", "account_type": "INDIVIDUAL", "first_incoming_acats_transfer_at": null, "first_direct_trade_at": "2025-07-22T15:01:44.425605Z", "direct_tradable_asset_classes": {"buy": ["EQUITIES"], "sell"
[2026-06-30T15:51:03] Matched account_number 171091982 -> 5faa30f0-1913-43f2-9d0d-63aa6394e07c
[2026-06-30T15:51:03] Matched account_number 4CM05765 -> b0d61a36-f329-4226-9d82-4494deaee5f5
[2026-06-30T15:51:03] Pulling from 2 account(s): ['5faa30f0-1913-43f2-9d0d-63aa6394e07c', 'b0d61a36-f329-4226-9d82-4494deaee5f5']
[2026-06-30T15:51:03] Fetching per-symphony stats from /portfolio/.../symphony-stats-meta...
[2026-06-30T15:51:03] GET /api/v0.1/portfolio/accounts/5faa30f0-1913-43f2-9d0d-63aa6394e07c/symphony-stats-meta
[2026-06-30T15:51:04] GET /api/v0.1/portfolio/accounts/b0d61a36-f329-4226-9d82-4494deaee5f5/symphony-stats-meta
[2026-06-30T15:51:05] Saved merged symphony-stats (8 symphonies) to composer_symphony_stats_2026-06-30.json
[2026-06-30T15:51:05] True Composer account total (all symphonies): $228,121.30
[2026-06-30T15:51:05] --- BLEE - 186 2026 ALL in One 57% Max-Down SGOV Bond (WgHFDD7PsDJYTw3ZCvZx) ---
[2026-06-30T15:51:05]   WARN: symphony-stats-meta returned no positions for WgHFDD7PsDJYTw3ZCvZx (check 2026-06-30 JSON to verify the id matches one in the response)
[2026-06-30T15:51:06]   ERROR: no positions found for WgHFDD7PsDJYTw3ZCvZx; skipping CSV/HTML for this symphony
[2026-06-30T15:51:06] --- BLEE - 186 2026 ALL in One (jtQvlI5wINrxpOfxgmgl) ---
[2026-06-30T15:51:06]   WARN: symphony-stats-meta returned no positions for jtQvlI5wINrxpOfxgmgl (check 2026-06-30 JSON to verify the id matches one in the response)
[2026-06-30T15:51:06]   ERROR: no positions found for jtQvlI5wINrxpOfxgmgl; skipping CSV/HTML for this symphony
[2026-06-30T15:51:06] --- BLEE - 187 2026 SGOV Bond 20% Yield and Min Dual Reversal (qjmHJ3IR19kmaAlbgkNj) ---
[2026-06-30T15:51:06]   WARN: symphony-stats-meta returned no positions for qjmHJ3IR19kmaAlbgkNj (check 2026-06-30 JSON to verify the id matches one in the response)
[2026-06-30T15:51:06]   ERROR: no positions found for qjmHJ3IR19kmaAlbgkNj; skipping CSV/HTML for this symphony
[2026-06-30T15:51:06] --- BLEE - 185 2026 SGOV and Dual Reversal (ZGersOlsQFRHg7U2qnSw) ---
[2026-06-30T15:51:06]   Got 4 positions from symphony-stats-meta
[2026-06-30T15:51:06]   RSI override: DISABLED (symphony handles its own rotation)
[2026-06-30T15:51:06]   Saved today's slice to composer_allocations_185v2_2026-06-30.json
[2026-06-30T15:51:06]   Updated stable file: composer_allocations_185.json
[2026-06-30T15:51:06]   Wrote 4 rows for 2026-06-30 to composer_allocations_185v2.csv (kept 112 prior rows, source=symphony-stats-meta)
[2026-06-30T15:51:06] Generated dashboard -> index_185v2.html (value=$6,350.59, days=29)
[2026-06-30T15:51:06]   Prepended 2026-06-30 row to composer_allocations_185_3yr2.csv
[2026-06-30T15:51:06]   Prepended 2026-06-30 row to Algorithm185History.html ALLOC_DATA
[2026-06-30T15:51:06] --- BLEE A - 186 Part 1 Kei 90% NVDA (g7WBkfIc6UWUWC6NiAdu) ---
[2026-06-30T15:51:06]   Got 13 positions from symphony-stats-meta
[2026-06-30T15:51:06]   RSI override: DISABLED (symphony handles its own rotation)
[2026-06-30T15:51:06]   Saved today's slice to composer_allocations_kei186_2026-06-30.json
[2026-06-30T15:51:06]   Updated stable file: composer_allocations_kei186.json
[2026-06-30T15:51:06]   Wrote 13 rows for 2026-06-30 to composer_allocations_kei186.csv (kept 297 prior rows, source=symphony-stats-meta)
[2026-06-30T15:51:06] Generated dashboard -> index_kei186.html (value=$2,688.55, days=30)
[2026-06-30T15:51:06] --- BLEE - 187 2026 ALL in One For High Interest Period (BNwivIq0tIEyex2D10GM) ---
[2026-06-30T15:51:06]   Got 16 positions from symphony-stats-meta
[2026-06-30T15:51:06]   RSI override: DISABLED (symphony handles its own rotation)
[2026-06-30T15:51:06]   Saved today's slice to composer_allocations_187hi_2026-06-30.json
[2026-06-30T15:51:06]   Updated stable file: composer_allocations_187hi.json
[2026-06-30T15:51:06]   Wrote 16 rows for 2026-06-30 to composer_allocations_187hi.csv (kept 232 prior rows, source=symphony-stats-meta)
[2026-06-30T15:51:06] Generated dashboard -> index_187hi.html (value=$142,207.57, days=18)
[2026-06-30T15:51:06] Published signal_latest.json (3 positions, date=2026-06-10)
[2026-06-30T15:51:06] Regenerated CurrentWatchSymphony.html (3 symphonies)
[2026-06-30T15:51:06] === Done ===
[2026-06-30T15:51:14] Stamped last-updated (06/30/2026 03:51 PM ET) into index.html
[2026-06-30T15:51:14] Stamped last-updated (06/30/2026 03:51 PM ET) into performance1.html
[2026-06-30T15:51:15] Stamped last-updated (06/30/2026 03:51 PM ET) into Algorithm185History.html
[2026-06-30T15:51:15] --- Pushing updates to GitHub ---
[2026-06-30T15:51:15]   $ git -C "C:\Kei\ComposerInvest" add .
[2026-06-30T15:51:15]   $ git -C "C:\Kei\ComposerInvest" commit -m "daily auto update 2026-06-30"
[2026-06-30T15:51:16]   $ git -C "C:\Kei\ComposerInvest" push
[2026-06-30T15:51:22] GitHub push successful.
[2026-06-30T15:53:02] market_report: === Market report generation started ===
[2026-06-30T15:53:02] market_report: Loaded 21 ETF points from Index_50_point.csv
[2026-06-30T15:53:02] market_report: Loaded 16 ETF allocations from composer_allocations_187hi.json (BLEE - 187 2026 ALL in One For High Interest Period)
[2026-06-30T15:53:06] market_report:   RSI-14 fetched: 55.92 (SPY close=747.35)
[2026-06-30T15:53:06] market_report:   RSI signal: Neutral RSI (10d avg=51.5, adj=+0, new score=+26.52)
[2026-06-30T15:53:06] market_report:   RSI override not triggered: Today RSI 55.9 ≤ 76.0 — override not triggered
[2026-06-30T15:53:06] market_report: Composite score: +26.52 -> Sunny and Partly Cloudy
[2026-06-30T15:53:07] market_report:   RSS WSJ: 20 items fetched
[2026-06-30T15:53:07] market_report:   Selected [WSJ] topic=EQUITY: Stocks Sink in Broad AI Rout Sparked by China's DeepSeek
[2026-06-30T15:53:08] market_report:   RSS Yahoo Finance: 50 items fetched
[2026-06-30T15:53:08] market_report:   Selected [Yahoo Finance] topic=OTHER: Autonomous driving firm Momenta targets $752m in Hong Kong listing
[2026-06-30T15:53:10] market_report:   RSS fetch failed (Barron's): HTTP Error 403: Forbidden
[2026-06-30T15:53:10] market_report:   Barron's: RSS unavailable, using hardcoded fallback
[2026-06-30T15:53:10] market_report:   Selected [Barron's] topic=MACRO: Trade Winds: Tariff Developments Continue to Reshape Global Supply Cha
[2026-06-30T15:53:10] market_report: Fetched 3 news items
[2026-06-30T15:53:10] market_report: Updated marketDailySummary.html with score=+26.52 (Sunny and Partly Cloudy)
[2026-06-30T15:53:10] market_report: Stamped last-updated (06/30/2026 03:53 PM ET) into index.html
[2026-06-30T15:53:10] market_report: Stamped last-updated (06/30/2026 03:53 PM ET) into performance1.html
[2026-06-30T15:53:10] market_report: Stamped last-updated (06/30/2026 03:53 PM ET) into Algorithm185History.html
[2026-06-30T15:53:10] market_report: === Market report generation complete ===
[2026-07-01T17:47:27] archive: === Archive started ===
[2026-07-01T17:47:27] archive:   Archived -> marketForecast_2026-07-01.html
[2026-07-01T17:47:27] archive:   Archived -> dailySignal_2026-07-01.html
[2026-07-01T17:47:27] archive:   SKIP (not found): index_186main.html
[2026-07-01T17:47:27] archive:   Archived -> signal185_2026-07-01.html
[2026-07-01T17:47:27] market_report: === Market report generation started ===
[2026-07-01T17:47:27] archive:   Archived -> signalKei186_2026-07-01.html
[2026-07-01T17:47:27] market_report: Loaded 21 ETF points from Index_50_point.csv
[2026-07-01T17:47:27] market_report: Loaded 16 ETF allocations from composer_allocations_187hi.json (BLEE - 187 2026 ALL in One For High Interest Period)
[2026-07-01T17:47:27] archive:   Archived -> signal187hi_2026-07-01.html
[2026-07-01T17:47:27] archive: Rebuilt BackLog/index.html � 45 dates, 86 files
[2026-07-01T17:47:27] archive: === Archive complete ===
[2026-07-01T17:47:31] === Composer daily allocation pull ===
[2026-07-01T17:47:31] Configured symphonies: ['WgHFDD7PsDJYTw3ZCvZx', 'jtQvlI5wINrxpOfxgmgl', 'qjmHJ3IR19kmaAlbgkNj', 'ZGersOlsQFRHg7U2qnSw', 'g7WBkfIc6UWUWC6NiAdu', 'BNwivIq0tIEyex2D10GM']
[2026-07-01T17:47:31] No account_uuid in config; discovering via /accounts/list...
[2026-07-01T17:47:32]   account: uuid=b0d61a36-f329-4226-9d82-4494deaee5f5  {"first_deploy_at": "2023-12-29T14:13:04.640912Z", "account_type": "ROTH_IRA", "first_incoming_acats_transfer_at": null, "first_direct_trade_at": null, "direct_tradable_asset_classes": {"buy": [], "sell": []}, "has_queued_deploy": false, "f
[2026-07-01T17:47:32]   account: uuid=ab37a3ba-4df7-4d20-b239-6ba1b13d159a  {"first_deploy_at": null, "account_type": "TRADITIONAL_IRA", "first_incoming_acats_transfer_at": null, "first_direct_trade_at": null, "direct_tradable_asset_classes": {"buy": [], "sell": []}, "has_queued_deploy": false, "first_deposit_at": 
[2026-07-01T17:47:32]   account: uuid=5faa30f0-1913-43f2-9d0d-63aa6394e07c  {"first_deploy_at": "2023-05-18T19:48:28.886816Z", "account_type": "INDIVIDUAL", "first_incoming_acats_transfer_at": null, "first_direct_trade_at": "2025-07-22T15:01:44.425605Z", "direct_tradable_asset_classes": {"buy": ["EQUITIES"], "sell"
[2026-07-01T17:47:32] Matched account_number 171091982 -> 5faa30f0-1913-43f2-9d0d-63aa6394e07c
[2026-07-01T17:47:32] Matched account_number 4CM05765 -> b0d61a36-f329-4226-9d82-4494deaee5f5
[2026-07-01T17:47:32] Pulling from 2 account(s): ['5faa30f0-1913-43f2-9d0d-63aa6394e07c', 'b0d61a36-f329-4226-9d82-4494deaee5f5']
[2026-07-01T17:47:32] Fetching per-symphony stats from /portfolio/.../symphony-stats-meta...
[2026-07-01T17:47:32] GET /api/v0.1/portfolio/accounts/5faa30f0-1913-43f2-9d0d-63aa6394e07c/symphony-stats-meta
[2026-07-01T17:47:34] GET /api/v0.1/portfolio/accounts/b0d61a36-f329-4226-9d82-4494deaee5f5/symphony-stats-meta
[2026-07-01T17:47:36] Saved merged symphony-stats (8 symphonies) to composer_symphony_stats_2026-07-01.json
[2026-07-01T17:47:36] True Composer account total (all symphonies): $179,801.36
[2026-07-01T17:47:36] --- BLEE - 186 2026 ALL in One 57% Max-Down SGOV Bond (WgHFDD7PsDJYTw3ZCvZx) ---
[2026-07-01T17:47:36]   WARN: symphony-stats-meta returned no positions for WgHFDD7PsDJYTw3ZCvZx (check 2026-07-01 JSON to verify the id matches one in the response)
[2026-07-01T17:47:36]   ERROR: no positions found for WgHFDD7PsDJYTw3ZCvZx; skipping CSV/HTML for this symphony
[2026-07-01T17:47:36] --- BLEE - 186 2026 ALL in One (jtQvlI5wINrxpOfxgmgl) ---
[2026-07-01T17:47:36]   WARN: symphony-stats-meta returned no positions for jtQvlI5wINrxpOfxgmgl (check 2026-07-01 JSON to verify the id matches one in the response)
[2026-07-01T17:47:36]   ERROR: no positions found for jtQvlI5wINrxpOfxgmgl; skipping CSV/HTML for this symphony
[2026-07-01T17:47:36] --- BLEE - 187 2026 SGOV Bond 20% Yield and Min Dual Reversal (qjmHJ3IR19kmaAlbgkNj) ---
[2026-07-01T17:47:36]   WARN: symphony-stats-meta returned no positions for qjmHJ3IR19kmaAlbgkNj (check 2026-07-01 JSON to verify the id matches one in the response)
[2026-07-01T17:47:36]   ERROR: no positions found for qjmHJ3IR19kmaAlbgkNj; skipping CSV/HTML for this symphony
[2026-07-01T17:47:36] --- BLEE - 185 2026 SGOV and Dual Reversal (ZGersOlsQFRHg7U2qnSw) ---
[2026-07-01T17:47:36]   Got 4 positions from symphony-stats-meta
[2026-07-01T17:47:36]   RSI override: DISABLED (symphony handles its own rotation)
[2026-07-01T17:47:36]   Saved today's slice to composer_allocations_185v2_2026-07-01.json
[2026-07-01T17:47:36]   Updated stable file: composer_allocations_185.json
[2026-07-01T17:47:36]   Wrote 4 rows for 2026-07-01 to composer_allocations_185v2.csv (kept 116 prior rows, source=symphony-stats-meta)
[2026-07-01T17:47:36] Generated dashboard -> index_185v2.html (value=$1,349.84, days=30)
[2026-07-01T17:47:36]   Prepended 2026-07-01 row to composer_allocations_185_3yr2.csv
[2026-07-01T17:47:37]   Prepended 2026-07-01 row to Algorithm185History.html ALLOC_DATA
[2026-07-01T17:47:37] --- BLEE A - 186 Part 1 Kei 90% NVDA (g7WBkfIc6UWUWC6NiAdu) ---
[2026-07-01T17:47:37]   Got 11 positions from symphony-stats-meta
[2026-07-01T17:47:37]   RSI override: DISABLED (symphony handles its own rotation)
[2026-07-01T17:47:37]   Saved today's slice to composer_allocations_kei186_2026-07-01.json
[2026-07-01T17:47:37]   Updated stable file: composer_allocations_kei186.json
[2026-07-01T17:47:37]   Wrote 11 rows for 2026-07-01 to composer_allocations_kei186.csv (kept 310 prior rows, source=symphony-stats-meta)
[2026-07-01T17:47:37] Generated dashboard -> index_kei186.html (value=$1,061.90, days=31)
[2026-07-01T17:47:37] --- BLEE - 187 2026 ALL in One For High Interest Period (BNwivIq0tIEyex2D10GM) ---
[2026-07-01T17:47:37]   Got 16 positions from symphony-stats-meta
[2026-07-01T17:47:37]   RSI override: DISABLED (symphony handles its own rotation)
[2026-07-01T17:47:37]   Saved today's slice to composer_allocations_187hi_2026-07-01.json
[2026-07-01T17:47:37]   Updated stable file: composer_allocations_187hi.json
[2026-07-01T17:47:37]   Wrote 16 rows for 2026-07-01 to composer_allocations_187hi.csv (kept 248 prior rows, source=symphony-stats-meta)
[2026-07-01T17:47:37] Generated dashboard -> index_187hi.html (value=$130,987.18, days=19)
[2026-07-01T17:47:37] Published signal_latest.json (3 positions, date=2026-06-10)
[2026-07-01T17:47:38] Regenerated CurrentWatchSymphony.html (3 symphonies)
[2026-07-01T17:47:38] === Done ===
[2026-07-01T17:47:54] Stamped last-updated (07/01/2026 05:47 PM ET) into index.html
[2026-07-01T17:47:54] Stamped last-updated (07/01/2026 05:47 PM ET) into performance1.html
[2026-07-01T17:47:54] Stamped last-updated (07/01/2026 05:47 PM ET) into Algorithm185History.html
[2026-07-01T17:47:54] --- Pushing updates to GitHub ---
[2026-07-01T17:47:54]   $ git -C "C:\Kei\ComposerInvest" add .
[2026-07-01T17:47:55]   $ git -C "C:\Kei\ComposerInvest" commit -m "daily auto update 2026-07-01"
[2026-07-01T17:47:57]   $ git -C "C:\Kei\ComposerInvest" push
[2026-07-01T17:48:00] market_report:   RSI-14 fetched: 55.27 (SPY close=745.76)
[2026-07-01T17:48:00] market_report:   RSI signal: Neutral RSI (10d avg=51.05, adj=+0, new score=+26.52)
[2026-07-01T17:48:00] market_report:   RSI override not triggered: Today RSI 55.3 ≤ 76.0 — override not triggered
[2026-07-01T17:48:00] market_report: Composite score: +26.52 -> Sunny and Partly Cloudy
[2026-07-01T17:48:02] market_report:   RSS WSJ: 20 items fetched
[2026-07-01T17:48:02] market_report:   Selected [WSJ] topic=EQUITY: Stocks Sink in Broad AI Rout Sparked by China's DeepSeek
[2026-07-01T17:48:03] market_report:   RSS Yahoo Finance: 48 items fetched
[2026-07-01T17:48:03] market_report:   Selected [Yahoo Finance] topic=OTHER: Former retail giant closed over 1,000 locations
[2026-07-01T17:48:04] GitHub push successful.
[2026-07-01T17:48:06] market_report:   RSS fetch failed (Barron's): HTTP Error 403: Forbidden
[2026-07-01T17:48:06] market_report:   Barron's: RSS unavailable, using hardcoded fallback
[2026-07-01T17:48:06] market_report:   Selected [Barron's] topic=MACRO: Trade Winds: Tariff Developments Continue to Reshape Global Supply Cha
[2026-07-01T17:48:06] market_report: Fetched 3 news items
[2026-07-01T17:48:06] market_report: Updated marketDailySummary.html with score=+26.52 (Sunny and Partly Cloudy)
[2026-07-01T17:48:06] market_report: Stamped last-updated (07/01/2026 05:48 PM ET) into index.html
[2026-07-01T17:48:06] market_report: Stamped last-updated (07/01/2026 05:48 PM ET) into performance1.html
[2026-07-01T17:48:06] market_report: Stamped last-updated (07/01/2026 05:48 PM ET) into Algorithm185History.html
[2026-07-01T17:48:06] market_report: === Market report generation complete ===
[2026-07-02T20:03:19] archive: === Archive started ===
[2026-07-02T20:03:19] archive:   Archived -> marketForecast_2026-07-02.html
[2026-07-02T20:03:21] archive:   Archived -> dailySignal_2026-07-02.html
[2026-07-02T20:03:21] archive:   SKIP (not found): index_186main.html
[2026-07-02T20:03:22] archive:   Archived -> signal185_2026-07-02.html
[2026-07-02T20:03:22] market_report: === Market report generation started ===
[2026-07-02T20:03:22] market_report: Loaded 21 ETF points from Index_50_point.csv
[2026-07-02T20:03:22] market_report: Loaded 16 ETF allocations from composer_allocations_187hi.json (BLEE - 187 2026 ALL in One For High Interest Period)
[2026-07-02T20:03:22] archive:   Archived -> signalKei186_2026-07-02.html
[2026-07-02T20:03:22] archive:   Archived -> signal187hi_2026-07-02.html
[2026-07-02T20:03:22] archive: Rebuilt BackLog/index.html � 46 dates, 88 files
[2026-07-02T20:03:22] archive: === Archive complete ===
[2026-07-02T20:03:24] === Composer daily allocation pull ===
[2026-07-02T20:03:24] Configured symphonies: ['WgHFDD7PsDJYTw3ZCvZx', 'jtQvlI5wINrxpOfxgmgl', 'qjmHJ3IR19kmaAlbgkNj', 'ZGersOlsQFRHg7U2qnSw', 'g7WBkfIc6UWUWC6NiAdu', 'BNwivIq0tIEyex2D10GM']
[2026-07-02T20:03:24] No account_uuid in config; discovering via /accounts/list...
[2026-07-02T20:03:25]   account: uuid=b0d61a36-f329-4226-9d82-4494deaee5f5  {"first_deploy_at": "2023-12-29T14:13:04.640912Z", "account_type": "ROTH_IRA", "first_incoming_acats_transfer_at": null, "first_direct_trade_at": null, "direct_tradable_asset_classes": {"buy": [], "sell": []}, "has_queued_deploy": false, "f
[2026-07-02T20:03:25]   account: uuid=ab37a3ba-4df7-4d20-b239-6ba1b13d159a  {"first_deploy_at": null, "account_type": "TRADITIONAL_IRA", "first_incoming_acats_transfer_at": null, "first_direct_trade_at": null, "direct_tradable_asset_classes": {"buy": [], "sell": []}, "has_queued_deploy": false, "first_deposit_at": 
[2026-07-02T20:03:25]   account: uuid=5faa30f0-1913-43f2-9d0d-63aa6394e07c  {"first_deploy_at": "2023-05-18T19:48:28.886816Z", "account_type": "INDIVIDUAL", "first_incoming_acats_transfer_at": null, "first_direct_trade_at": "2025-07-22T15:01:44.425605Z", "direct_tradable_asset_classes": {"buy": ["EQUITIES"], "sell"
[2026-07-02T20:03:25] Matched account_number 171091982 -> 5faa30f0-1913-43f2-9d0d-63aa6394e07c
[2026-07-02T20:03:25] Matched account_number 4CM05765 -> b0d61a36-f329-4226-9d82-4494deaee5f5
[2026-07-02T20:03:25] Pulling from 2 account(s): ['5faa30f0-1913-43f2-9d0d-63aa6394e07c', 'b0d61a36-f329-4226-9d82-4494deaee5f5']
[2026-07-02T20:03:25] Fetching per-symphony stats from /portfolio/.../symphony-stats-meta...
[2026-07-02T20:03:25] GET /api/v0.1/portfolio/accounts/5faa30f0-1913-43f2-9d0d-63aa6394e07c/symphony-stats-meta
[2026-07-02T20:03:27] GET /api/v0.1/portfolio/accounts/b0d61a36-f329-4226-9d82-4494deaee5f5/symphony-stats-meta
[2026-07-02T20:03:29] Saved merged symphony-stats (8 symphonies) to composer_symphony_stats_2026-07-02.json
[2026-07-02T20:03:29] True Composer account total (all symphonies): $230,619.24
[2026-07-02T20:03:29] --- BLEE - 186 2026 ALL in One 57% Max-Down SGOV Bond (WgHFDD7PsDJYTw3ZCvZx) ---
[2026-07-02T20:03:29]   WARN: symphony-stats-meta returned no positions for WgHFDD7PsDJYTw3ZCvZx (check 2026-07-02 JSON to verify the id matches one in the response)
[2026-07-02T20:03:29]   ERROR: no positions found for WgHFDD7PsDJYTw3ZCvZx; skipping CSV/HTML for this symphony
[2026-07-02T20:03:29] --- BLEE - 186 2026 ALL in One (jtQvlI5wINrxpOfxgmgl) ---
[2026-07-02T20:03:29]   WARN: symphony-stats-meta returned no positions for jtQvlI5wINrxpOfxgmgl (check 2026-07-02 JSON to verify the id matches one in the response)
[2026-07-02T20:03:29]   ERROR: no positions found for jtQvlI5wINrxpOfxgmgl; skipping CSV/HTML for this symphony
[2026-07-02T20:03:29] --- BLEE - 187 2026 SGOV Bond 20% Yield and Min Dual Reversal (qjmHJ3IR19kmaAlbgkNj) ---
[2026-07-02T20:03:29]   WARN: symphony-stats-meta returned no positions for qjmHJ3IR19kmaAlbgkNj (check 2026-07-02 JSON to verify the id matches one in the response)
[2026-07-02T20:03:29]   ERROR: no positions found for qjmHJ3IR19kmaAlbgkNj; skipping CSV/HTML for this symphony
[2026-07-02T20:03:29] --- BLEE - 185 2026 SGOV and Dual Reversal (ZGersOlsQFRHg7U2qnSw) ---
[2026-07-02T20:03:29]   Got 4 positions from symphony-stats-meta
[2026-07-02T20:03:29]   RSI override: DISABLED (symphony handles its own rotation)
[2026-07-02T20:03:29]   Saved today's slice to composer_allocations_185v2_2026-07-02.json
[2026-07-02T20:03:29]   Updated stable file: composer_allocations_185.json
[2026-07-02T20:03:29]   Wrote 4 rows for 2026-07-02 to composer_allocations_185v2.csv (kept 120 prior rows, source=symphony-stats-meta)
[2026-07-02T20:03:29] Generated dashboard -> index_185v2.html (value=$16,862.01, days=31)
[2026-07-02T20:03:29]   Prepended 2026-07-02 row to composer_allocations_185_3yr2.csv
[2026-07-02T20:03:29]   Prepended 2026-07-02 row to Algorithm185History.html ALLOC_DATA
[2026-07-02T20:03:29] --- BLEE A - 186 Part 1 Kei 90% NVDA (g7WBkfIc6UWUWC6NiAdu) ---
[2026-07-02T20:03:29]   Got 13 positions from symphony-stats-meta
[2026-07-02T20:03:29]   RSI override: DISABLED (symphony handles its own rotation)
[2026-07-02T20:03:29]   Saved today's slice to composer_allocations_kei186_2026-07-02.json
[2026-07-02T20:03:29]   Updated stable file: composer_allocations_kei186.json
[2026-07-02T20:03:29]   Wrote 13 rows for 2026-07-02 to composer_allocations_kei186.csv (kept 321 prior rows, source=symphony-stats-meta)
[2026-07-02T20:03:29] Generated dashboard -> index_kei186.html (value=$1,039.76, days=32)
[2026-07-02T20:03:29] --- BLEE - 187 2026 ALL in One For High Interest Period (BNwivIq0tIEyex2D10GM) ---
[2026-07-02T20:03:29]   Got 16 positions from symphony-stats-meta
[2026-07-02T20:03:29]   RSI override: DISABLED (symphony handles its own rotation)
[2026-07-02T20:03:29]   Saved today's slice to composer_allocations_187hi_2026-07-02.json
[2026-07-02T20:03:30]   Updated stable file: composer_allocations_187hi.json
[2026-07-02T20:03:30]   Wrote 16 rows for 2026-07-02 to composer_allocations_187hi.csv (kept 264 prior rows, source=symphony-stats-meta)
[2026-07-02T20:03:30] Generated dashboard -> index_187hi.html (value=$100,780.56, days=20)
[2026-07-02T20:03:30] Published signal_latest.json (3 positions, date=2026-06-10)
[2026-07-02T20:03:30] Regenerated CurrentWatchSymphony.html (3 symphonies)
[2026-07-02T20:03:30] === Done ===
[2026-07-02T20:03:41] Stamped last-updated (07/02/2026 08:03 PM ET) into index.html
[2026-07-02T20:03:41] Stamped last-updated (07/02/2026 08:03 PM ET) into performance1.html
[2026-07-02T20:03:42] Stamped last-updated (07/02/2026 08:03 PM ET) into Algorithm185History.html
[2026-07-02T20:03:42] --- Pushing updates to GitHub ---
[2026-07-02T20:03:42]   $ git -C "C:\Kei\ComposerInvest" add .
[2026-07-02T20:03:43]   $ git -C "C:\Kei\ComposerInvest" commit -m "daily auto update 2026-07-02"
[2026-07-02T20:03:44] market_report:   RSI-14 fetched: 54.53 (SPY close=744.78)
[2026-07-02T20:03:44] market_report:   RSI signal: Neutral RSI (10d avg=50.83, adj=+0, new score=+20.16)
[2026-07-02T20:03:44] market_report:   RSI override not triggered: Today RSI 54.5 ≤ 76.0 — override not triggered
[2026-07-02T20:03:44] market_report: Composite score: +20.16 -> Sunny and Partly Cloudy
[2026-07-02T20:03:45]   $ git -C "C:\Kei\ComposerInvest" push
[2026-07-02T20:03:45] market_report:   RSS WSJ: 20 items fetched
[2026-07-02T20:03:45] market_report:   Selected [WSJ] topic=EQUITY: Stocks Sink in Broad AI Rout Sparked by China's DeepSeek
[2026-07-02T20:03:47] market_report:   RSS Yahoo Finance: 42 items fetched
[2026-07-02T20:03:47] market_report:   Selected [Yahoo Finance] topic=OTHER: Giant satellite TV company files Chapter 11 bankruptcy
[2026-07-02T20:03:48] market_report:   RSS fetch failed (Barron's): HTTP Error 403: Forbidden
[2026-07-02T20:03:48] market_report:   Barron's: RSS unavailable, using hardcoded fallback
[2026-07-02T20:03:48] market_report:   Selected [Barron's] topic=MACRO: Trade Winds: Tariff Developments Continue to Reshape Global Supply Cha
[2026-07-02T20:03:48] market_report: Fetched 3 news items
[2026-07-02T20:03:48] market_report: Updated marketDailySummary.html with score=+20.16 (Sunny and Partly Cloudy)
[2026-07-02T20:03:49] market_report: === Market report generation complete ===
[2026-07-02T20:03:54] GitHub push successful.
[2026-07-03T19:41:40] archive: === Archive started ===
[2026-07-03T19:41:41] archive:   Archived -> marketForecast_2026-07-03.html
[2026-07-03T19:41:42] archive:   Archived -> dailySignal_2026-07-03.html
[2026-07-03T19:41:42] archive:   SKIP (not found): index_186main.html
[2026-07-03T19:41:42] archive:   Archived -> signal185_2026-07-03.html
[2026-07-03T19:41:42] archive:   Archived -> signalKei186_2026-07-03.html
[2026-07-03T19:41:42] archive:   Archived -> signal187hi_2026-07-03.html
[2026-07-03T19:41:43] archive: Rebuilt BackLog/index.html � 47 dates, 90 files
[2026-07-03T19:41:43] archive: === Archive complete ===
[2026-07-03T19:41:45] === Composer daily allocation pull ===
[2026-07-03T19:41:46] Configured symphonies: ['WgHFDD7PsDJYTw3ZCvZx', 'jtQvlI5wINrxpOfxgmgl', 'qjmHJ3IR19kmaAlbgkNj', 'ZGersOlsQFRHg7U2qnSw', 'g7WBkfIc6UWUWC6NiAdu', 'BNwivIq0tIEyex2D10GM']
[2026-07-03T19:41:46] No account_uuid in config; discovering via /accounts/list...
[2026-07-03T19:41:46] Network error on GET /api/v0.1/accounts/list: <urlopen error [Errno 11001] getaddrinfo failed>
[2026-07-03T19:41:46] FATAL: URLError: <urlopen error [Errno 11001] getaddrinfo failed>
[2026-07-04T21:47:02] market_report: === Market report generation started ===
[2026-07-04T21:47:02] market_report: Loaded 21 ETF points from Index_50_point.csv
[2026-07-04T21:47:02] market_report: Loaded 16 ETF allocations from composer_allocations_187hi.json (BLEE - 187 2026 ALL in One For High Interest Period)
[2026-07-04T21:47:46] market_report:   RSI-14 fetched: 54.17 (SPY close=744.78)
[2026-07-04T21:47:46] market_report:   RSI signal: Neutral RSI (10d avg=50.83, adj=+0, new score=+24.58)
[2026-07-04T21:47:46] market_report:   RSI override not triggered: Today RSI 54.5 ≤ 76.0 — override not triggered
[2026-07-04T21:47:46] market_report: Composite score: +24.58 -> Sunny and Partly Cloudy
[2026-07-04T21:47:48] market_report:   RSS WSJ: 20 items fetched
[2026-07-04T21:47:48] market_report:   Selected [WSJ] topic=EQUITY: Stocks Sink in Broad AI Rout Sparked by China's DeepSeek
[2026-07-04T21:47:50] market_report:   RSS Yahoo Finance: 50 items fetched
[2026-07-04T21:47:50] market_report:   Selected [Yahoo Finance] topic=OTHER: All Eyes Are on Social Security's Financial Woes. But Medicare Is in T
[2026-07-04T21:47:51] market_report:   RSS fetch failed (Barron's): HTTP Error 403: Forbidden
[2026-07-04T21:47:51] market_report:   Barron's: RSS unavailable, using hardcoded fallback
[2026-07-04T21:47:51] market_report:   Selected [Barron's] topic=MACRO: Trade Winds: Tariff Developments Continue to Reshape Global Supply Cha
[2026-07-04T21:47:51] market_report: Fetched 3 news items
[2026-07-04T21:47:52] market_report: Updated marketDailySummary.html with score=+24.58 (Sunny and Partly Cloudy)
[2026-07-04T21:47:52] market_report: Stamped last-updated (07/04/2026 09:47 PM ET) into index.html
[2026-07-04T21:47:52] market_report: Stamped last-updated (07/04/2026 09:47 PM ET) into performance1.html
[2026-07-04T21:47:53] market_report: Stamped last-updated (07/04/2026 09:47 PM ET) into Algorithm185History.html
[2026-07-04T21:47:53] market_report: === Market report generation complete ===
[2026-07-05T15:51:01] archive: === Archive started ===
[2026-07-05T15:51:01] archive:   Archived -> marketForecast_2026-07-05.html
[2026-07-05T15:51:01] archive:   Archived -> dailySignal_2026-07-05.html
[2026-07-05T15:51:01] archive:   SKIP (not found): index_186main.html
[2026-07-05T15:51:02] archive:   Archived -> signal185_2026-07-05.html
[2026-07-05T15:51:02] archive:   Archived -> signalKei186_2026-07-05.html
[2026-07-05T15:51:02] archive:   Archived -> signal187hi_2026-07-05.html
[2026-07-05T15:51:02] archive: Rebuilt BackLog/index.html � 48 dates, 92 files
[2026-07-05T15:51:02] archive: === Archive complete ===
[2026-07-05T15:51:02] === Composer daily allocation pull ===
[2026-07-05T15:51:02] Configured symphonies: ['WgHFDD7PsDJYTw3ZCvZx', 'jtQvlI5wINrxpOfxgmgl', 'qjmHJ3IR19kmaAlbgkNj', 'ZGersOlsQFRHg7U2qnSw', 'g7WBkfIc6UWUWC6NiAdu', 'BNwivIq0tIEyex2D10GM']
[2026-07-05T15:51:02] No account_uuid in config; discovering via /accounts/list...
[2026-07-05T15:51:04]   account: uuid=b0d61a36-f329-4226-9d82-4494deaee5f5  {"first_deploy_at": "2023-12-29T14:13:04.640912Z", "account_type": "ROTH_IRA", "first_incoming_acats_transfer_at": null, "first_direct_trade_at": null, "direct_tradable_asset_classes": {"buy": [], "sell": []}, "has_queued_deploy": true, "fi
[2026-07-05T15:51:04]   account: uuid=ab37a3ba-4df7-4d20-b239-6ba1b13d159a  {"first_deploy_at": null, "account_type": "TRADITIONAL_IRA", "first_incoming_acats_transfer_at": null, "first_direct_trade_at": null, "direct_tradable_asset_classes": {"buy": [], "sell": []}, "has_queued_deploy": false, "first_deposit_at": 
[2026-07-05T15:51:04]   account: uuid=5faa30f0-1913-43f2-9d0d-63aa6394e07c  {"first_deploy_at": "2023-05-18T19:48:28.886816Z", "account_type": "INDIVIDUAL", "first_incoming_acats_transfer_at": null, "first_direct_trade_at": "2025-07-22T15:01:44.425605Z", "direct_tradable_asset_classes": {"buy": ["EQUITIES"], "sell"
[2026-07-05T15:51:04] Matched account_number 171091982 -> 5faa30f0-1913-43f2-9d0d-63aa6394e07c
[2026-07-05T15:51:04] Matched account_number 4CM05765 -> b0d61a36-f329-4226-9d82-4494deaee5f5
[2026-07-05T15:51:04] Pulling from 2 account(s): ['5faa30f0-1913-43f2-9d0d-63aa6394e07c', 'b0d61a36-f329-4226-9d82-4494deaee5f5']
[2026-07-05T15:51:04] Fetching per-symphony stats from /portfolio/.../symphony-stats-meta...
[2026-07-05T15:51:04] GET /api/v0.1/portfolio/accounts/5faa30f0-1913-43f2-9d0d-63aa6394e07c/symphony-stats-meta
[2026-07-05T15:51:06] GET /api/v0.1/portfolio/accounts/b0d61a36-f329-4226-9d82-4494deaee5f5/symphony-stats-meta
[2026-07-05T15:51:07] Saved merged symphony-stats (8 symphonies) to composer_symphony_stats_2026-07-05.json
[2026-07-05T15:51:07] True Composer account total (all symphonies): $230,618.59
[2026-07-05T15:51:07] --- BLEE - 186 2026 ALL in One 57% Max-Down SGOV Bond (WgHFDD7PsDJYTw3ZCvZx) ---
[2026-07-05T15:51:07]   WARN: symphony-stats-meta returned no positions for WgHFDD7PsDJYTw3ZCvZx (check 2026-07-05 JSON to verify the id matches one in the response)
[2026-07-05T15:51:07]   ERROR: no positions found for WgHFDD7PsDJYTw3ZCvZx; skipping CSV/HTML for this symphony
[2026-07-05T15:51:07] --- BLEE - 186 2026 ALL in One (jtQvlI5wINrxpOfxgmgl) ---
[2026-07-05T15:51:07]   WARN: symphony-stats-meta returned no positions for jtQvlI5wINrxpOfxgmgl (check 2026-07-05 JSON to verify the id matches one in the response)
[2026-07-05T15:51:07]   ERROR: no positions found for jtQvlI5wINrxpOfxgmgl; skipping CSV/HTML for this symphony
[2026-07-05T15:51:07] --- BLEE - 187 2026 SGOV Bond 20% Yield and Min Dual Reversal (qjmHJ3IR19kmaAlbgkNj) ---
[2026-07-05T15:51:07]   WARN: symphony-stats-meta returned no positions for qjmHJ3IR19kmaAlbgkNj (check 2026-07-05 JSON to verify the id matches one in the response)
[2026-07-05T15:51:07]   ERROR: no positions found for qjmHJ3IR19kmaAlbgkNj; skipping CSV/HTML for this symphony
[2026-07-05T15:51:07] --- BLEE - 185 2026 SGOV and Dual Reversal (ZGersOlsQFRHg7U2qnSw) ---
[2026-07-05T15:51:07]   Got 4 positions from symphony-stats-meta
[2026-07-05T15:51:07]   RSI override: DISABLED (symphony handles its own rotation)
[2026-07-05T15:51:07]   Saved today's slice to composer_allocations_185v2_2026-07-05.json
[2026-07-05T15:51:07]   Updated stable file: composer_allocations_185.json
[2026-07-05T15:51:07]   Wrote 4 rows for 2026-07-05 to composer_allocations_185v2.csv (kept 124 prior rows, source=symphony-stats-meta)
[2026-07-05T15:51:07] Generated dashboard -> index_185v2.html (value=$16,862.01, days=32)
[2026-07-05T15:51:07]   Prepended 2026-07-05 row to composer_allocations_185_3yr2.csv
[2026-07-05T15:51:07]   Prepended 2026-07-05 row to Algorithm185History.html ALLOC_DATA
[2026-07-05T15:51:07] --- BLEE A - 186 Part 1 Kei 90% NVDA (g7WBkfIc6UWUWC6NiAdu) ---
[2026-07-05T15:51:08]   Got 13 positions from symphony-stats-meta
[2026-07-05T15:51:08]   RSI override: DISABLED (symphony handles its own rotation)
[2026-07-05T15:51:08]   Saved today's slice to composer_allocations_kei186_2026-07-05.json
[2026-07-05T15:51:08]   Updated stable file: composer_allocations_kei186.json
[2026-07-05T15:51:08]   Wrote 13 rows for 2026-07-05 to composer_allocations_kei186.csv (kept 334 prior rows, source=symphony-stats-meta)
[2026-07-05T15:51:08] Generated dashboard -> index_kei186.html (value=$1,039.76, days=33)
[2026-07-05T15:51:08] --- BLEE - 187 2026 ALL in One For High Interest Period (BNwivIq0tIEyex2D10GM) ---
[2026-07-05T15:51:08]   Got 16 positions from symphony-stats-meta
[2026-07-05T15:51:08]   RSI override: DISABLED (symphony handles its own rotation)
[2026-07-05T15:51:08]   Saved today's slice to composer_allocations_187hi_2026-07-05.json
[2026-07-05T15:51:08]   Updated stable file: composer_allocations_187hi.json
[2026-07-05T15:51:08]   Wrote 16 rows for 2026-07-05 to composer_allocations_187hi.csv (kept 280 prior rows, source=symphony-stats-meta)
[2026-07-05T15:51:08] Generated dashboard -> index_187hi.html (value=$100,780.46, days=21)
[2026-07-05T15:51:08] Published signal_latest.json (3 positions, date=2026-06-10)
[2026-07-05T15:51:08] Regenerated CurrentWatchSymphony.html (3 symphonies)
[2026-07-05T15:51:08] === Done ===
[2026-07-05T15:51:16] Stamped last-updated (07/05/2026 03:51 PM ET) into index.html
[2026-07-05T15:51:16] Stamped last-updated (07/05/2026 03:51 PM ET) into performance1.html
[2026-07-05T15:51:17] Stamped last-updated (07/05/2026 03:51 PM ET) into Algorithm185History.html
[2026-07-05T15:51:17] --- Pushing updates to GitHub ---
[2026-07-05T15:51:17]   $ git -C "C:\Kei\ComposerInvest" add .
[2026-07-05T15:51:17]   $ git -C "C:\Kei\ComposerInvest" commit -m "daily auto update 2026-07-05"
[2026-07-05T15:51:18]   $ git -C "C:\Kei\ComposerInvest" push
[2026-07-05T15:51:25] GitHub push successful.
[2026-07-05T15:53:01] market_report: === Market report generation started ===
[2026-07-05T15:53:01] market_report: Loaded 21 ETF points from Index_50_point.csv
[2026-07-05T15:53:01] market_report: Loaded 16 ETF allocations from composer_allocations_187hi.json (BLEE - 187 2026 ALL in One For High Interest Period)
[2026-07-05T15:53:05] market_report:   RSI-14 fetched: 53.34 (SPY close=744.78)
[2026-07-05T15:53:05] market_report:   RSI signal: Neutral RSI (10d avg=50.83, adj=+0, new score=+24.58)
[2026-07-05T15:53:05] market_report:   RSI override not triggered: Today RSI 54.5 ≤ 76.0 — override not triggered
[2026-07-05T15:53:05] market_report: Composite score: +24.58 -> Sunny and Partly Cloudy
[2026-07-05T15:53:07] market_report:   RSS WSJ: 20 items fetched
[2026-07-05T15:53:07] market_report:   Selected [WSJ] topic=EQUITY: Stocks Sink in Broad AI Rout Sparked by China's DeepSeek
[2026-07-05T15:53:09] market_report:   RSS Yahoo Finance: 49 items fetched
[2026-07-05T15:53:09] market_report:   Selected [Yahoo Finance] topic=OTHER: 7 OPEC+ countries agree to expand monthly oil production modestly as p
[2026-07-05T15:53:10] market_report:   RSS fetch failed (Barron's): HTTP Error 403: Forbidden
[2026-07-05T15:53:10] market_report:   Barron's: RSS unavailable, using hardcoded fallback
[2026-07-05T15:53:10] market_report:   Selected [Barron's] topic=MACRO: Trade Winds: Tariff Developments Continue to Reshape Global Supply Cha
[2026-07-05T15:53:10] market_report: Fetched 3 news items
[2026-07-05T15:53:10] market_report: Updated marketDailySummary.html with score=+24.58 (Sunny and Partly Cloudy)
[2026-07-05T15:53:10] market_report: Stamped last-updated (07/05/2026 03:53 PM ET) into index.html
[2026-07-05T15:53:11] market_report: Stamped last-updated (07/05/2026 03:53 PM ET) into performance1.html
[2026-07-05T15:53:11] market_report: Stamped last-updated (07/05/2026 03:53 PM ET) into Algorithm185History.html
[2026-07-05T15:53:11] market_report: === Market report generation complete ===
[2026-07-06T15:51:01] archive: === Archive started ===
[2026-07-06T15:51:01] archive:   Archived -> marketForecast_2026-07-06.html
[2026-07-06T15:51:01] archive:   Archived -> dailySignal_2026-07-06.html
[2026-07-06T15:51:01] archive:   SKIP (not found): index_186main.html
[2026-07-06T15:51:01] archive:   Archived -> signal185_2026-07-06.html
[2026-07-06T15:51:01] archive:   Archived -> signalKei186_2026-07-06.html
[2026-07-06T15:51:01] archive:   Archived -> signal187hi_2026-07-06.html
[2026-07-06T15:51:02] archive: Rebuilt BackLog/index.html � 49 dates, 94 files
[2026-07-06T15:51:02] archive: === Archive complete ===
[2026-07-06T15:51:02] === Composer daily allocation pull ===
[2026-07-06T15:51:02] Configured symphonies: ['WgHFDD7PsDJYTw3ZCvZx', 'jtQvlI5wINrxpOfxgmgl', 'qjmHJ3IR19kmaAlbgkNj', 'ZGersOlsQFRHg7U2qnSw', 'g7WBkfIc6UWUWC6NiAdu', 'BNwivIq0tIEyex2D10GM']
[2026-07-06T15:51:02] No account_uuid in config; discovering via /accounts/list...
[2026-07-06T15:51:04]   account: uuid=b0d61a36-f329-4226-9d82-4494deaee5f5  {"first_deploy_at": "2023-12-29T14:13:04.640912Z", "account_type": "ROTH_IRA", "first_incoming_acats_transfer_at": null, "first_direct_trade_at": null, "direct_tradable_asset_classes": {"buy": [], "sell": []}, "has_queued_deploy": false, "f
[2026-07-06T15:51:04]   account: uuid=ab37a3ba-4df7-4d20-b239-6ba1b13d159a  {"first_deploy_at": null, "account_type": "TRADITIONAL_IRA", "first_incoming_acats_transfer_at": null, "first_direct_trade_at": null, "direct_tradable_asset_classes": {"buy": [], "sell": []}, "has_queued_deploy": false, "first_deposit_at": 
[2026-07-06T15:51:04]   account: uuid=5faa30f0-1913-43f2-9d0d-63aa6394e07c  {"first_deploy_at": "2023-05-18T19:48:28.886816Z", "account_type": "INDIVIDUAL", "first_incoming_acats_transfer_at": null, "first_direct_trade_at": "2025-07-22T15:01:44.425605Z", "direct_tradable_asset_classes": {"buy": ["EQUITIES"], "sell"
[2026-07-06T15:51:04] Matched account_number 171091982 -> 5faa30f0-1913-43f2-9d0d-63aa6394e07c
[2026-07-06T15:51:04] Matched account_number 4CM05765 -> b0d61a36-f329-4226-9d82-4494deaee5f5
[2026-07-06T15:51:04] Pulling from 2 account(s): ['5faa30f0-1913-43f2-9d0d-63aa6394e07c', 'b0d61a36-f329-4226-9d82-4494deaee5f5']
[2026-07-06T15:51:04] Fetching per-symphony stats from /portfolio/.../symphony-stats-meta...
[2026-07-06T15:51:04] GET /api/v0.1/portfolio/accounts/5faa30f0-1913-43f2-9d0d-63aa6394e07c/symphony-stats-meta
[2026-07-06T15:51:05] GET /api/v0.1/portfolio/accounts/b0d61a36-f329-4226-9d82-4494deaee5f5/symphony-stats-meta
[2026-07-06T15:51:06] Saved merged symphony-stats (8 symphonies) to composer_symphony_stats_2026-07-06.json
[2026-07-06T15:51:06] True Composer account total (all symphonies): $229,003.20
[2026-07-06T15:51:06] --- BLEE - 186 2026 ALL in One 57% Max-Down SGOV Bond (WgHFDD7PsDJYTw3ZCvZx) ---
[2026-07-06T15:51:06]   WARN: symphony-stats-meta returned no positions for WgHFDD7PsDJYTw3ZCvZx (check 2026-07-06 JSON to verify the id matches one in the response)
[2026-07-06T15:51:06]   ERROR: no positions found for WgHFDD7PsDJYTw3ZCvZx; skipping CSV/HTML for this symphony
[2026-07-06T15:51:06] --- BLEE - 186 2026 ALL in One (jtQvlI5wINrxpOfxgmgl) ---
[2026-07-06T15:51:06]   WARN: symphony-stats-meta returned no positions for jtQvlI5wINrxpOfxgmgl (check 2026-07-06 JSON to verify the id matches one in the response)
[2026-07-06T15:51:06]   ERROR: no positions found for jtQvlI5wINrxpOfxgmgl; skipping CSV/HTML for this symphony
[2026-07-06T15:51:06] --- BLEE - 187 2026 SGOV Bond 20% Yield and Min Dual Reversal (qjmHJ3IR19kmaAlbgkNj) ---
[2026-07-06T15:51:06]   WARN: symphony-stats-meta returned no positions for qjmHJ3IR19kmaAlbgkNj (check 2026-07-06 JSON to verify the id matches one in the response)
[2026-07-06T15:51:06]   ERROR: no positions found for qjmHJ3IR19kmaAlbgkNj; skipping CSV/HTML for this symphony
[2026-07-06T15:51:06] --- BLEE - 185 2026 SGOV and Dual Reversal (ZGersOlsQFRHg7U2qnSw) ---
[2026-07-06T15:51:06]   Got 4 positions from symphony-stats-meta
[2026-07-06T15:51:06]   RSI override: DISABLED (symphony handles its own rotation)
[2026-07-06T15:51:06]   Saved today's slice to composer_allocations_185v2_2026-07-06.json
[2026-07-06T15:51:06]   Updated stable file: composer_allocations_185.json
[2026-07-06T15:51:07]   Wrote 4 rows for 2026-07-06 to composer_allocations_185v2.csv (kept 128 prior rows, source=symphony-stats-meta)
[2026-07-06T15:51:07] Generated dashboard -> index_185v2.html (value=$894.56, days=33)
[2026-07-06T15:51:07]   Prepended 2026-07-06 row to composer_allocations_185_3yr2.csv
[2026-07-06T15:51:07]   Prepended 2026-07-06 row to Algorithm185History.html ALLOC_DATA
[2026-07-06T15:51:07] --- BLEE A - 186 Part 1 Kei 90% NVDA (g7WBkfIc6UWUWC6NiAdu) ---
[2026-07-06T15:51:07]   Got 12 positions from symphony-stats-meta
[2026-07-06T15:51:07]   RSI override: DISABLED (symphony handles its own rotation)
[2026-07-06T15:51:07]   Saved today's slice to composer_allocations_kei186_2026-07-06.json
[2026-07-06T15:51:07]   Updated stable file: composer_allocations_kei186.json
[2026-07-06T15:51:07]   Wrote 12 rows for 2026-07-06 to composer_allocations_kei186.csv (kept 347 prior rows, source=symphony-stats-meta)
[2026-07-06T15:51:07] Generated dashboard -> index_kei186.html (value=$162,295.30, days=34)
[2026-07-06T15:51:07] --- BLEE - 187 2026 ALL in One For High Interest Period (BNwivIq0tIEyex2D10GM) ---
[2026-07-06T15:51:07]   Got 16 positions from symphony-stats-meta
[2026-07-06T15:51:07]   RSI override: DISABLED (symphony handles its own rotation)
[2026-07-06T15:51:07]   Saved today's slice to composer_allocations_187hi_2026-07-06.json
[2026-07-06T15:51:07]   Updated stable file: composer_allocations_187hi.json
[2026-07-06T15:51:07]   Wrote 16 rows for 2026-07-06 to composer_allocations_187hi.csv (kept 296 prior rows, source=symphony-stats-meta)
[2026-07-06T15:51:07] Generated dashboard -> index_187hi.html (value=$11,515.42, days=22)
[2026-07-06T15:51:07] Published signal_latest.json (3 positions, date=2026-06-10)
[2026-07-06T15:51:07] Regenerated CurrentWatchSymphony.html (3 symphonies)
[2026-07-06T15:51:07] === Done ===
[2026-07-06T15:51:16] Stamped last-updated (07/06/2026 03:51 PM ET) into index.html
[2026-07-06T15:51:16] Stamped last-updated (07/06/2026 03:51 PM ET) into performance1.html
[2026-07-06T15:51:16] Stamped last-updated (07/06/2026 03:51 PM ET) into Algorithm185History.html
[2026-07-06T15:51:16] --- Pushing updates to GitHub ---
[2026-07-06T15:51:16]   $ git -C "C:\Kei\ComposerInvest" add .
[2026-07-06T15:51:17]   $ git -C "C:\Kei\ComposerInvest" commit -m "daily auto update 2026-07-06"
[2026-07-06T15:51:18]   $ git -C "C:\Kei\ComposerInvest" push
[2026-07-06T15:51:24] GitHub push successful.
[2026-07-06T15:53:01] market_report: === Market report generation started ===
[2026-07-06T15:53:01] market_report: Loaded 21 ETF points from Index_50_point.csv
[2026-07-06T15:53:01] market_report: Loaded 16 ETF allocations from composer_allocations_187hi.json (BLEE - 187 2026 ALL in One For High Interest Period)
[2026-07-06T15:53:05] market_report:   RSI-14 fetched: 57.86 (SPY close=751.41)
[2026-07-06T15:53:05] market_report:   RSI signal: Neutral RSI (10d avg=51.66, adj=+0, new score=+20.41)
[2026-07-06T15:53:05] market_report:   RSI override not triggered: Today RSI 57.9 ≤ 76.0 — override not triggered
[2026-07-06T15:53:05] market_report: Composite score: +20.41 -> Sunny and Partly Cloudy
[2026-07-06T15:53:07] market_report:   RSS WSJ: 20 items fetched
[2026-07-06T15:53:07] market_report:   Selected [WSJ] topic=EQUITY: Stocks Sink in Broad AI Rout Sparked by China's DeepSeek
[2026-07-06T15:53:09] market_report:   RSS Yahoo Finance: 48 items fetched
[2026-07-06T15:53:09] market_report:   Selected [Yahoo Finance] topic=RISK: ‘You have to be careful’: Personal finance expert warns travelers abou
[2026-07-06T15:53:11] market_report:   RSS fetch failed (Barron's): HTTP Error 403: Forbidden
[2026-07-06T15:53:11] market_report:   Barron's: RSS unavailable, using hardcoded fallback
[2026-07-06T15:53:11] market_report:   Selected [Barron's] topic=MACRO: Trade Winds: Tariff Developments Continue to Reshape Global Supply Cha
[2026-07-06T15:53:11] market_report: Fetched 3 news items
[2026-07-06T15:53:11] market_report: Updated marketDailySummary.html with score=+20.41 (Sunny and Partly Cloudy)
[2026-07-06T15:53:11] market_report: Stamped last-updated (07/06/2026 03:53 PM ET) into index.html
[2026-07-06T15:53:11] market_report: Stamped last-updated (07/06/2026 03:53 PM ET) into performance1.html
[2026-07-06T15:53:11] market_report: Stamped last-updated (07/06/2026 03:53 PM ET) into Algorithm185History.html
[2026-07-06T15:53:11] market_report: === Market report generation complete ===
[2026-07-07T16:19:10] archive: === Archive started ===
[2026-07-07T16:19:10] archive:   Archived -> marketForecast_2026-07-07.html
[2026-07-07T16:19:10] archive:   Archived -> dailySignal_2026-07-07.html
[2026-07-07T16:19:10] archive:   SKIP (not found): index_186main.html
[2026-07-07T16:19:13] archive:   Archived -> signal185_2026-07-07.html
[2026-07-07T16:19:13] archive:   Archived -> signalKei186_2026-07-07.html
[2026-07-07T16:19:15] archive:   Archived -> signal187hi_2026-07-07.html
[2026-07-07T16:19:15] market_report: === Market report generation started ===
[2026-07-07T16:19:16] market_report: Loaded 21 ETF points from Index_50_point.csv
[2026-07-07T16:19:16] archive: Rebuilt BackLog/index.html � 50 dates, 96 files
[2026-07-07T16:19:16] archive: === Archive complete ===
[2026-07-07T16:19:16] market_report: Loaded 16 ETF allocations from composer_allocations_187hi.json (BLEE - 187 2026 ALL in One For High Interest Period)
[2026-07-07T16:19:17] === Composer daily allocation pull ===
[2026-07-07T16:19:17] Configured symphonies: ['WgHFDD7PsDJYTw3ZCvZx', 'jtQvlI5wINrxpOfxgmgl', 'qjmHJ3IR19kmaAlbgkNj', 'ZGersOlsQFRHg7U2qnSw', 'g7WBkfIc6UWUWC6NiAdu', 'BNwivIq0tIEyex2D10GM']
[2026-07-07T16:19:17] No account_uuid in config; discovering via /accounts/list...
[2026-07-07T16:19:20]   account: uuid=b0d61a36-f329-4226-9d82-4494deaee5f5  {"first_deploy_at": "2023-12-29T14:13:04.640912Z", "account_type": "ROTH_IRA", "first_incoming_acats_transfer_at": null, "first_direct_trade_at": null, "direct_tradable_asset_classes": {"buy": [], "sell": []}, "has_queued_deploy": false, "f
[2026-07-07T16:19:20]   account: uuid=ab37a3ba-4df7-4d20-b239-6ba1b13d159a  {"first_deploy_at": null, "account_type": "TRADITIONAL_IRA", "first_incoming_acats_transfer_at": null, "first_direct_trade_at": null, "direct_tradable_asset_classes": {"buy": [], "sell": []}, "has_queued_deploy": false, "first_deposit_at": 
[2026-07-07T16:19:20]   account: uuid=5faa30f0-1913-43f2-9d0d-63aa6394e07c  {"first_deploy_at": "2023-05-18T19:48:28.886816Z", "account_type": "INDIVIDUAL", "first_incoming_acats_transfer_at": null, "first_direct_trade_at": "2025-07-22T15:01:44.425605Z", "direct_tradable_asset_classes": {"buy": ["EQUITIES"], "sell"
[2026-07-07T16:19:20] Matched account_number 171091982 -> 5faa30f0-1913-43f2-9d0d-63aa6394e07c
[2026-07-07T16:19:20] Matched account_number 4CM05765 -> b0d61a36-f329-4226-9d82-4494deaee5f5
[2026-07-07T16:19:20] Pulling from 2 account(s): ['5faa30f0-1913-43f2-9d0d-63aa6394e07c', 'b0d61a36-f329-4226-9d82-4494deaee5f5']
[2026-07-07T16:19:20] Fetching per-symphony stats from /portfolio/.../symphony-stats-meta...
[2026-07-07T16:19:20] GET /api/v0.1/portfolio/accounts/5faa30f0-1913-43f2-9d0d-63aa6394e07c/symphony-stats-meta
[2026-07-07T16:19:22] GET /api/v0.1/portfolio/accounts/b0d61a36-f329-4226-9d82-4494deaee5f5/symphony-stats-meta
[2026-07-07T16:19:23] Saved merged symphony-stats (8 symphonies) to composer_symphony_stats_2026-07-07.json
[2026-07-07T16:19:23] True Composer account total (all symphonies): $228,403.28
[2026-07-07T16:19:23] --- BLEE - 186 2026 ALL in One 57% Max-Down SGOV Bond (WgHFDD7PsDJYTw3ZCvZx) ---
[2026-07-07T16:19:23]   WARN: symphony-stats-meta returned no positions for WgHFDD7PsDJYTw3ZCvZx (check 2026-07-07 JSON to verify the id matches one in the response)
[2026-07-07T16:19:23]   ERROR: no positions found for WgHFDD7PsDJYTw3ZCvZx; skipping CSV/HTML for this symphony
[2026-07-07T16:19:23] --- BLEE - 186 2026 ALL in One (jtQvlI5wINrxpOfxgmgl) ---
[2026-07-07T16:19:23]   WARN: symphony-stats-meta returned no positions for jtQvlI5wINrxpOfxgmgl (check 2026-07-07 JSON to verify the id matches one in the response)
[2026-07-07T16:19:23]   ERROR: no positions found for jtQvlI5wINrxpOfxgmgl; skipping CSV/HTML for this symphony
[2026-07-07T16:19:23] --- BLEE - 187 2026 SGOV Bond 20% Yield and Min Dual Reversal (qjmHJ3IR19kmaAlbgkNj) ---
[2026-07-07T16:19:23]   WARN: symphony-stats-meta returned no positions for qjmHJ3IR19kmaAlbgkNj (check 2026-07-07 JSON to verify the id matches one in the response)
[2026-07-07T16:19:23]   ERROR: no positions found for qjmHJ3IR19kmaAlbgkNj; skipping CSV/HTML for this symphony
[2026-07-07T16:19:23] --- BLEE - 185 2026 SGOV and Dual Reversal (ZGersOlsQFRHg7U2qnSw) ---
[2026-07-07T16:19:23]   Got 4 positions from symphony-stats-meta
[2026-07-07T16:19:23]   RSI override: DISABLED (symphony handles its own rotation)
[2026-07-07T16:19:23]   Saved today's slice to composer_allocations_185v2_2026-07-07.json
[2026-07-07T16:19:23]   Updated stable file: composer_allocations_185.json
[2026-07-07T16:19:23]   Wrote 4 rows for 2026-07-07 to composer_allocations_185v2.csv (kept 132 prior rows, source=symphony-stats-meta)
[2026-07-07T16:19:23] Generated dashboard -> index_185v2.html (value=$893.13, days=34)
[2026-07-07T16:19:24]   Prepended 2026-07-07 row to composer_allocations_185_3yr2.csv
[2026-07-07T16:19:24]   Prepended 2026-07-07 row to Algorithm185History.html ALLOC_DATA
[2026-07-07T16:19:24] --- BLEE A - 186 Part 1 Kei 90% NVDA (g7WBkfIc6UWUWC6NiAdu) ---
[2026-07-07T16:19:24]   Got 15 positions from symphony-stats-meta
[2026-07-07T16:19:24]   RSI override: DISABLED (symphony handles its own rotation)
[2026-07-07T16:19:24]   Saved today's slice to composer_allocations_kei186_2026-07-07.json
[2026-07-07T16:19:24]   Updated stable file: composer_allocations_kei186.json
[2026-07-07T16:19:24]   Wrote 15 rows for 2026-07-07 to composer_allocations_kei186.csv (kept 359 prior rows, source=symphony-stats-meta)
[2026-07-07T16:19:24] Generated dashboard -> index_kei186.html (value=$11,918.16, days=35)
[2026-07-07T16:19:24] --- BLEE - 187 2026 ALL in One For High Interest Period (BNwivIq0tIEyex2D10GM) ---
[2026-07-07T16:19:24]   Got 18 positions from symphony-stats-meta
[2026-07-07T16:19:24]   RSI override: DISABLED (symphony handles its own rotation)
[2026-07-07T16:19:24]   Saved today's slice to composer_allocations_187hi_2026-07-07.json
[2026-07-07T16:19:24]   Updated stable file: composer_allocations_187hi.json
[2026-07-07T16:19:24]   Wrote 18 rows for 2026-07-07 to composer_allocations_187hi.csv (kept 312 prior rows, source=symphony-stats-meta)
[2026-07-07T16:19:24] Generated dashboard -> index_187hi.html (value=$161,244.28, days=23)
[2026-07-07T16:19:24] Published signal_latest.json (3 positions, date=2026-06-10)
[2026-07-07T16:19:24] Regenerated CurrentWatchSymphony.html (3 symphonies)
[2026-07-07T16:19:24] === Done ===
[2026-07-07T16:19:37] Stamped last-updated (07/07/2026 04:19 PM ET) into index.html
[2026-07-07T16:19:38] Stamped last-updated (07/07/2026 04:19 PM ET) into performance1.html
[2026-07-07T16:19:38] Stamped last-updated (07/07/2026 04:19 PM ET) into Algorithm185History.html
[2026-07-07T16:19:38] --- Pushing updates to GitHub ---
[2026-07-07T16:19:38]   $ git -C "C:\Kei\ComposerInvest" add .
[2026-07-07T16:19:40]   $ git -C "C:\Kei\ComposerInvest" commit -m "daily auto update 2026-07-07"
[2026-07-07T16:19:40] market_report:   RSI-14 fetched: 54.42 (SPY close=747.62)
[2026-07-07T16:19:40] market_report:   RSI signal: Neutral RSI (10d avg=51.68, adj=+0, new score=+20.41)
[2026-07-07T16:19:40] market_report:   RSI override not triggered: Today RSI 54.4 ≤ 76.0 — override not triggered
[2026-07-07T16:19:40] market_report: Composite score: +20.41 -> Sunny and Partly Cloudy
[2026-07-07T16:19:42] market_report:   RSS WSJ: 20 items fetched
[2026-07-07T16:19:42] market_report:   Selected [WSJ] topic=EQUITY: Stocks Sink in Broad AI Rout Sparked by China's DeepSeek
[2026-07-07T16:19:43] market_report:   RSS Yahoo Finance: 45 items fetched
[2026-07-07T16:19:43] market_report:   Selected [Yahoo Finance] topic=OTHER: Best Buy and Apple flag a price shock for shoppers
[2026-07-07T16:19:43]   $ git -C "C:\Kei\ComposerInvest" push
[2026-07-07T16:19:44] market_report:   RSS fetch failed (Barron's): HTTP Error 403: Forbidden
[2026-07-07T16:19:44] market_report:   Barron's: RSS unavailable, using hardcoded fallback
[2026-07-07T16:19:44] market_report:   Selected [Barron's] topic=MACRO: Trade Winds: Tariff Developments Continue to Reshape Global Supply Cha
[2026-07-07T16:19:44] market_report: Fetched 3 news items
[2026-07-07T16:19:44] market_report: Updated marketDailySummary.html with score=+20.41 (Sunny and Partly Cloudy)
[2026-07-07T16:19:45] market_report: === Market report generation complete ===
[2026-07-07T16:19:50] GitHub push successful.
[2026-07-08T15:51:00] archive: === Archive started ===
[2026-07-08T15:51:00] archive:   Archived -> marketForecast_2026-07-08.html
[2026-07-08T15:51:01] archive:   Archived -> dailySignal_2026-07-08.html
[2026-07-08T15:51:01] archive:   SKIP (not found): index_186main.html
[2026-07-08T15:51:01] archive:   Archived -> signal185_2026-07-08.html
[2026-07-08T15:51:01] archive:   Archived -> signalKei186_2026-07-08.html
[2026-07-08T15:51:01] archive:   Archived -> signal187hi_2026-07-08.html
[2026-07-08T15:51:01] archive: Rebuilt BackLog/index.html � 51 dates, 98 files
[2026-07-08T15:51:01] archive: === Archive complete ===
[2026-07-08T15:51:01] === Composer daily allocation pull ===
[2026-07-08T15:51:01] Configured symphonies: ['WgHFDD7PsDJYTw3ZCvZx', 'jtQvlI5wINrxpOfxgmgl', 'qjmHJ3IR19kmaAlbgkNj', 'ZGersOlsQFRHg7U2qnSw', 'g7WBkfIc6UWUWC6NiAdu', 'BNwivIq0tIEyex2D10GM']
[2026-07-08T15:51:01] No account_uuid in config; discovering via /accounts/list...
[2026-07-08T15:51:02]   account: uuid=b0d61a36-f329-4226-9d82-4494deaee5f5  {"first_deploy_at": "2023-12-29T14:13:04.640912Z", "account_type": "ROTH_IRA", "first_incoming_acats_transfer_at": null, "first_direct_trade_at": null, "direct_tradable_asset_classes": {"buy": [], "sell": []}, "has_queued_deploy": false, "f
[2026-07-08T15:51:02]   account: uuid=ab37a3ba-4df7-4d20-b239-6ba1b13d159a  {"first_deploy_at": null, "account_type": "TRADITIONAL_IRA", "first_incoming_acats_transfer_at": null, "first_direct_trade_at": null, "direct_tradable_asset_classes": {"buy": [], "sell": []}, "has_queued_deploy": false, "first_deposit_at": 
[2026-07-08T15:51:02]   account: uuid=5faa30f0-1913-43f2-9d0d-63aa6394e07c  {"first_deploy_at": "2023-05-18T19:48:28.886816Z", "account_type": "INDIVIDUAL", "first_incoming_acats_transfer_at": null, "first_direct_trade_at": "2025-07-22T15:01:44.425605Z", "direct_tradable_asset_classes": {"buy": ["EQUITIES"], "sell"
[2026-07-08T15:51:02] Matched account_number 171091982 -> 5faa30f0-1913-43f2-9d0d-63aa6394e07c
[2026-07-08T15:51:02] Matched account_number 4CM05765 -> b0d61a36-f329-4226-9d82-4494deaee5f5
[2026-07-08T15:51:02] Pulling from 2 account(s): ['5faa30f0-1913-43f2-9d0d-63aa6394e07c', 'b0d61a36-f329-4226-9d82-4494deaee5f5']
[2026-07-08T15:51:02] Fetching per-symphony stats from /portfolio/.../symphony-stats-meta...
[2026-07-08T15:51:02] GET /api/v0.1/portfolio/accounts/5faa30f0-1913-43f2-9d0d-63aa6394e07c/symphony-stats-meta
[2026-07-08T15:51:04] GET /api/v0.1/portfolio/accounts/b0d61a36-f329-4226-9d82-4494deaee5f5/symphony-stats-meta
[2026-07-08T15:51:05] Saved merged symphony-stats (6 symphonies) to composer_symphony_stats_2026-07-08.json
[2026-07-08T15:51:05] True Composer account total (all symphonies): $65,750.48
[2026-07-08T15:51:05] --- BLEE - 186 2026 ALL in One 57% Max-Down SGOV Bond (WgHFDD7PsDJYTw3ZCvZx) ---
[2026-07-08T15:51:05]   WARN: symphony-stats-meta returned no positions for WgHFDD7PsDJYTw3ZCvZx (check 2026-07-08 JSON to verify the id matches one in the response)
[2026-07-08T15:51:05]   ERROR: no positions found for WgHFDD7PsDJYTw3ZCvZx; skipping CSV/HTML for this symphony
[2026-07-08T15:51:05] --- BLEE - 186 2026 ALL in One (jtQvlI5wINrxpOfxgmgl) ---
[2026-07-08T15:51:05]   WARN: symphony-stats-meta returned no positions for jtQvlI5wINrxpOfxgmgl (check 2026-07-08 JSON to verify the id matches one in the response)
[2026-07-08T15:51:05]   ERROR: no positions found for jtQvlI5wINrxpOfxgmgl; skipping CSV/HTML for this symphony
[2026-07-08T15:51:05] --- BLEE - 187 2026 SGOV Bond 20% Yield and Min Dual Reversal (qjmHJ3IR19kmaAlbgkNj) ---
[2026-07-08T15:51:05]   WARN: symphony-stats-meta returned no positions for qjmHJ3IR19kmaAlbgkNj (check 2026-07-08 JSON to verify the id matches one in the response)
[2026-07-08T15:51:05]   ERROR: no positions found for qjmHJ3IR19kmaAlbgkNj; skipping CSV/HTML for this symphony
[2026-07-08T15:51:05] --- BLEE - 185 2026 SGOV and Dual Reversal (ZGersOlsQFRHg7U2qnSw) ---
[2026-07-08T15:51:05]   Got 4 positions from symphony-stats-meta
[2026-07-08T15:51:05]   RSI override: DISABLED (symphony handles its own rotation)
[2026-07-08T15:51:05]   Saved today's slice to composer_allocations_185v2_2026-07-08.json
[2026-07-08T15:51:05]   Updated stable file: composer_allocations_185.json
[2026-07-08T15:51:05]   Wrote 4 rows for 2026-07-08 to composer_allocations_185v2.csv (kept 136 prior rows, source=symphony-stats-meta)
[2026-07-08T15:51:05] Generated dashboard -> index_185v2.html (value=$892.91, days=35)
[2026-07-08T15:51:05]   Prepended 2026-07-08 row to composer_allocations_185_3yr2.csv
[2026-07-08T15:51:05]   Prepended 2026-07-08 row to Algorithm185History.html ALLOC_DATA
[2026-07-08T15:51:05] --- BLEE A - 186 Part 1 Kei 90% NVDA (g7WBkfIc6UWUWC6NiAdu) ---
[2026-07-08T15:51:05]   Got 15 positions from symphony-stats-meta
[2026-07-08T15:51:05]   RSI override: DISABLED (symphony handles its own rotation)
[2026-07-08T15:51:05]   Saved today's slice to composer_allocations_kei186_2026-07-08.json
[2026-07-08T15:51:05]   Updated stable file: composer_allocations_kei186.json
[2026-07-08T15:51:05]   Wrote 15 rows for 2026-07-08 to composer_allocations_kei186.csv (kept 374 prior rows, source=symphony-stats-meta)
[2026-07-08T15:51:05] Generated dashboard -> index_kei186.html (value=$11,811.69, days=36)
[2026-07-08T15:51:05] --- BLEE - 187 2026 ALL in One For High Interest Period (BNwivIq0tIEyex2D10GM) ---
[2026-07-08T15:51:05]   WARN: symphony-stats-meta returned no positions for BNwivIq0tIEyex2D10GM (check 2026-07-08 JSON to verify the id matches one in the response)
[2026-07-08T15:51:05]   ERROR: no positions found for BNwivIq0tIEyex2D10GM; skipping CSV/HTML for this symphony
[2026-07-08T15:51:05] Published signal_latest.json (3 positions, date=2026-06-10)
[2026-07-08T15:51:06] Regenerated CurrentWatchSymphony.html (2 symphonies)
[2026-07-08T15:51:06] === Done ===
[2026-07-08T15:51:13] Stamped last-updated (07/08/2026 03:51 PM ET) into index.html
[2026-07-08T15:51:13] Stamped last-updated (07/08/2026 03:51 PM ET) into performance1.html
[2026-07-08T15:51:13] Stamped last-updated (07/08/2026 03:51 PM ET) into Algorithm185History.html
[2026-07-08T15:51:13] --- Pushing updates to GitHub ---
[2026-07-08T15:51:13]   $ git -C "C:\Kei\ComposerInvest" add .
[2026-07-08T15:51:14]   $ git -C "C:\Kei\ComposerInvest" commit -m "daily auto update 2026-07-08"
[2026-07-08T15:51:15]   $ git -C "C:\Kei\ComposerInvest" push
[2026-07-08T15:51:20] GitHub push successful.
[2026-07-08T15:53:02] market_report: === Market report generation started ===
[2026-07-08T15:53:02] market_report: Loaded 21 ETF points from Index_50_point.csv
[2026-07-08T15:53:02] market_report: Loaded 18 ETF allocations from composer_allocations_187hi.json (BLEE - 187 2026 ALL in One For High Interest Period)
[2026-07-08T15:53:05] market_report:   RSI-14 fetched: 52.74 (SPY close=745.565)
[2026-07-08T15:53:05] market_report:   RSI signal: Neutral RSI (10d avg=52.2, adj=+0, new score=+11.06)
[2026-07-08T15:53:05] market_report:   RSI override not triggered: Today RSI 52.7 ≤ 76.0 — override not triggered
[2026-07-08T15:53:05] market_report: Composite score: +11.06 -> Mostly Cloudy
[2026-07-08T15:53:07] market_report:   RSS WSJ: 20 items fetched
[2026-07-08T15:53:07] market_report:   Selected [WSJ] topic=EQUITY: Stocks Sink in Broad AI Rout Sparked by China's DeepSeek
[2026-07-08T15:53:08] market_report:   RSS Yahoo Finance: 47 items fetched
[2026-07-08T15:53:08] market_report:   Selected [Yahoo Finance] topic=RISK: Bank of America warns America now has 2 economies
[2026-07-08T15:53:09] market_report:   RSS fetch failed (Barron's): HTTP Error 403: Forbidden
[2026-07-08T15:53:09] market_report:   Barron's: RSS unavailable, using hardcoded fallback
[2026-07-08T15:53:09] market_report:   Selected [Barron's] topic=MACRO: Trade Winds: Tariff Developments Continue to Reshape Global Supply Cha
[2026-07-08T15:53:09] market_report: Fetched 3 news items
[2026-07-08T15:53:09] market_report: Updated marketDailySummary.html with score=+11.06 (Mostly Cloudy)
[2026-07-08T15:53:09] market_report: Stamped last-updated (07/08/2026 03:53 PM ET) into index.html
[2026-07-08T15:53:10] market_report: Stamped last-updated (07/08/2026 03:53 PM ET) into performance1.html
[2026-07-08T15:53:10] market_report: Stamped last-updated (07/08/2026 03:53 PM ET) into Algorithm185History.html
[2026-07-08T15:53:10] market_report: === Market report generation complete ===
[2026-07-09T07:30:30] === Composer daily allocation pull ===
[2026-07-09T07:30:30] Configured symphonies: ['WgHFDD7PsDJYTw3ZCvZx', 'jtQvlI5wINrxpOfxgmgl', 'qjmHJ3IR19kmaAlbgkNj', 'ZGersOlsQFRHg7U2qnSw', 'g7WBkfIc6UWUWC6NiAdu', 'BNwivIq0tIEyex2D10GM', 'gHJn5DKfpQ6g6VGXHOQO', 'onbkd6V1mHyOAFsWWSlJ']
[2026-07-09T07:30:30] No account_uuid in config; discovering via /accounts/list...
[2026-07-09T07:30:31]   account: uuid=b0d61a36-f329-4226-9d82-4494deaee5f5  {"first_deploy_at": "2023-12-29T14:13:04.640912Z", "account_type": "ROTH_IRA", "first_incoming_acats_transfer_at": null, "first_direct_trade_at": null, "direct_tradable_asset_classes": {"buy": [], "sell": []}, "has_queued_deploy": true, "fi
[2026-07-09T07:30:31]   account: uuid=ab37a3ba-4df7-4d20-b239-6ba1b13d159a  {"first_deploy_at": null, "account_type": "TRADITIONAL_IRA", "first_incoming_acats_transfer_at": null, "first_direct_trade_at": null, "direct_tradable_asset_classes": {"buy": [], "sell": []}, "has_queued_deploy": false, "first_deposit_at": 
[2026-07-09T07:30:31]   account: uuid=5faa30f0-1913-43f2-9d0d-63aa6394e07c  {"first_deploy_at": "2023-05-18T19:48:28.886816Z", "account_type": "INDIVIDUAL", "first_incoming_acats_transfer_at": null, "first_direct_trade_at": "2025-07-22T15:01:44.425605Z", "direct_tradable_asset_classes": {"buy": ["EQUITIES"], "sell"
[2026-07-09T07:30:31] Matched account_number 171091982 -> 5faa30f0-1913-43f2-9d0d-63aa6394e07c
[2026-07-09T07:30:31] Matched account_number 4CM05765 -> b0d61a36-f329-4226-9d82-4494deaee5f5
[2026-07-09T07:30:31] Pulling from 2 account(s): ['5faa30f0-1913-43f2-9d0d-63aa6394e07c', 'b0d61a36-f329-4226-9d82-4494deaee5f5']
[2026-07-09T07:30:31] Fetching per-symphony stats from /portfolio/.../symphony-stats-meta...
[2026-07-09T07:30:31] GET /api/v0.1/portfolio/accounts/5faa30f0-1913-43f2-9d0d-63aa6394e07c/symphony-stats-meta
[2026-07-09T07:30:33] GET /api/v0.1/portfolio/accounts/b0d61a36-f329-4226-9d82-4494deaee5f5/symphony-stats-meta
[2026-07-09T07:30:34] Saved merged symphony-stats (6 symphonies) to composer_symphony_stats_2026-07-09.json
[2026-07-09T07:30:34] True Composer account total (all symphonies): $135,516.27
[2026-07-09T07:30:34] --- BLEE - 186 2026 ALL in One 57% Max-Down SGOV Bond (WgHFDD7PsDJYTw3ZCvZx) ---
[2026-07-09T07:30:34]   WARN: symphony-stats-meta returned no positions for WgHFDD7PsDJYTw3ZCvZx (check 2026-07-09 JSON to verify the id matches one in the response)
[2026-07-09T07:30:34]   ERROR: no positions found for WgHFDD7PsDJYTw3ZCvZx; skipping CSV/HTML for this symphony
[2026-07-09T07:30:34] --- BLEE - 186 2026 ALL in One (jtQvlI5wINrxpOfxgmgl) ---
[2026-07-09T07:30:34]   WARN: symphony-stats-meta returned no positions for jtQvlI5wINrxpOfxgmgl (check 2026-07-09 JSON to verify the id matches one in the response)
[2026-07-09T07:30:34]   ERROR: no positions found for jtQvlI5wINrxpOfxgmgl; skipping CSV/HTML for this symphony
[2026-07-09T07:30:34] --- BLEE - 187 2026 SGOV Bond 20% Yield and Min Dual Reversal (qjmHJ3IR19kmaAlbgkNj) ---
[2026-07-09T07:30:34]   WARN: symphony-stats-meta returned no positions for qjmHJ3IR19kmaAlbgkNj (check 2026-07-09 JSON to verify the id matches one in the response)
[2026-07-09T07:30:34]   ERROR: no positions found for qjmHJ3IR19kmaAlbgkNj; skipping CSV/HTML for this symphony
[2026-07-09T07:30:34] --- BLEE - 185 2026 SGOV and Dual Reversal (ZGersOlsQFRHg7U2qnSw) ---
[2026-07-09T07:30:34]   Got 4 positions from symphony-stats-meta
[2026-07-09T07:30:34]   RSI override: DISABLED (symphony handles its own rotation)
[2026-07-09T07:30:34]   Saved today's slice to composer_allocations_185v2_2026-07-09.json
[2026-07-09T07:30:34]   Updated stable file: composer_allocations_185.json
[2026-07-09T07:30:34]   Wrote 4 rows for 2026-07-09 to composer_allocations_185v2.csv (kept 140 prior rows, source=symphony-stats-meta)
[2026-07-09T07:30:34] Generated dashboard -> index_185v2.html (value=$892.83, days=36)
[2026-07-09T07:30:34]   Prepended 2026-07-09 row to composer_allocations_185_3yr2.csv
[2026-07-09T07:30:34]   Prepended 2026-07-09 row to Algorithm185History.html ALLOC_DATA
[2026-07-09T07:30:34] --- BLEE A - 186 Part 1 Kei 90% NVDA (g7WBkfIc6UWUWC6NiAdu) ---
[2026-07-09T07:30:34]   Got 13 positions from symphony-stats-meta
[2026-07-09T07:30:34]   RSI override: DISABLED (symphony handles its own rotation)
[2026-07-09T07:30:34]   Saved today's slice to composer_allocations_kei186_2026-07-09.json
[2026-07-09T07:30:34]   Updated stable file: composer_allocations_kei186.json
[2026-07-09T07:30:34]   Wrote 13 rows for 2026-07-09 to composer_allocations_kei186.csv (kept 389 prior rows, source=symphony-stats-meta)
[2026-07-09T07:30:35] Generated dashboard -> index_kei186.html (value=$11,818.51, days=37)
[2026-07-09T07:30:35] --- BLEE - 187 2026 ALL in One For High Interest Period (BNwivIq0tIEyex2D10GM) ---
[2026-07-09T07:30:35]   WARN: symphony-stats-meta returned no positions for BNwivIq0tIEyex2D10GM (check 2026-07-09 JSON to verify the id matches one in the response)
[2026-07-09T07:30:35]   ERROR: no positions found for BNwivIq0tIEyex2D10GM; skipping CSV/HTML for this symphony
[2026-07-09T07:30:35] --- BLEE 186 - 40% Max down 5.8% Fighting for Direction SDOW/TQQQ UDOW/SQQQ (gHJn5DKfpQ6g6VGXHOQO) ---
[2026-07-09T07:30:35]   WARN: symphony-stats-meta returned no positions for gHJn5DKfpQ6g6VGXHOQO (check 2026-07-09 JSON to verify the id matches one in the response)
[2026-07-09T07:30:35]   ERROR: no positions found for gHJn5DKfpQ6g6VGXHOQO; skipping CSV/HTML for this symphony
[2026-07-09T07:30:35] --- BLEE 186 - 65% Max down 12.6% Fighting for Direction Max SDOW/TQQQ UDOW/SQQQ (onbkd6V1mHyOAFsWWSlJ) ---
[2026-07-09T07:30:35]   WARN: symphony-stats-meta returned no positions for onbkd6V1mHyOAFsWWSlJ (check 2026-07-09 JSON to verify the id matches one in the response)
[2026-07-09T07:30:35]   ERROR: no positions found for onbkd6V1mHyOAFsWWSlJ; skipping CSV/HTML for this symphony
[2026-07-09T07:30:35] Published signal_latest.json (3 positions, date=2026-06-10)
[2026-07-09T07:30:35] Regenerated CurrentWatchSymphony.html (2 symphonies)
[2026-07-09T07:30:35] === Done ===
[2026-07-09T07:30:42] Stamped last-updated (07/09/2026 07:30 AM ET) into index.html
[2026-07-09T07:30:42] Stamped last-updated (07/09/2026 07:30 AM ET) into performance1.html
[2026-07-09T07:30:42] Stamped last-updated (07/09/2026 07:30 AM ET) into Algorithm185History.html
[2026-07-09T07:30:42] --- Pushing updates to GitHub ---
[2026-07-09T07:30:42]   $ git -C "C:\Kei\ComposerInvest" add .
[2026-07-09T07:30:43]   $ git -C "C:\Kei\ComposerInvest" commit -m "daily auto update 2026-07-09"
[2026-07-09T07:30:43]   $ git -C "C:\Kei\ComposerInvest" push
[2026-07-09T07:30:49] GitHub push successful.
[2026-07-09T09:40:11] === Composer daily allocation pull ===
[2026-07-09T09:40:11] Configured symphonies: ['WgHFDD7PsDJYTw3ZCvZx', 'jtQvlI5wINrxpOfxgmgl', 'qjmHJ3IR19kmaAlbgkNj', 'ZGersOlsQFRHg7U2qnSw', 'g7WBkfIc6UWUWC6NiAdu', 'BNwivIq0tIEyex2D10GM', 'gHJn5DKfpQ6g6VGXHOQO', 'onbkd6V1mHyOAFsWWSlJ']
[2026-07-09T09:40:11] No account_uuid in config; discovering via /accounts/list...
[2026-07-09T09:40:12]   account: uuid=b0d61a36-f329-4226-9d82-4494deaee5f5  {"first_deploy_at": "2023-12-29T14:13:04.640912Z", "account_type": "ROTH_IRA", "first_incoming_acats_transfer_at": null, "first_direct_trade_at": null, "direct_tradable_asset_classes": {"buy": [], "sell": []}, "has_queued_deploy": true, "fi
[2026-07-09T09:40:12]   account: uuid=ab37a3ba-4df7-4d20-b239-6ba1b13d159a  {"first_deploy_at": null, "account_type": "TRADITIONAL_IRA", "first_incoming_acats_transfer_at": null, "first_direct_trade_at": null, "direct_tradable_asset_classes": {"buy": [], "sell": []}, "has_queued_deploy": false, "first_deposit_at": 
[2026-07-09T09:40:12]   account: uuid=5faa30f0-1913-43f2-9d0d-63aa6394e07c  {"first_deploy_at": "2023-05-18T19:48:28.886816Z", "account_type": "INDIVIDUAL", "first_incoming_acats_transfer_at": null, "first_direct_trade_at": "2025-07-22T15:01:44.425605Z", "direct_tradable_asset_classes": {"buy": ["EQUITIES"], "sell"
[2026-07-09T09:40:12] Matched account_number 171091982 -> 5faa30f0-1913-43f2-9d0d-63aa6394e07c
[2026-07-09T09:40:12] Matched account_number 4CM05765 -> b0d61a36-f329-4226-9d82-4494deaee5f5
[2026-07-09T09:40:12] Pulling from 2 account(s): ['5faa30f0-1913-43f2-9d0d-63aa6394e07c', 'b0d61a36-f329-4226-9d82-4494deaee5f5']
[2026-07-09T09:40:12] Fetching per-symphony stats from /portfolio/.../symphony-stats-meta...
[2026-07-09T09:40:12] GET /api/v0.1/portfolio/accounts/5faa30f0-1913-43f2-9d0d-63aa6394e07c/symphony-stats-meta
[2026-07-09T09:40:16] GET /api/v0.1/portfolio/accounts/b0d61a36-f329-4226-9d82-4494deaee5f5/symphony-stats-meta
[2026-07-09T09:40:20] Saved merged symphony-stats (6 symphonies) to composer_symphony_stats_2026-07-09.json
[2026-07-09T09:40:20] True Composer account total (all symphonies): $180,494.03
[2026-07-09T09:40:20] --- BLEE - 186 2026 ALL in One 57% Max-Down SGOV Bond (WgHFDD7PsDJYTw3ZCvZx) ---
[2026-07-09T09:40:20]   WARN: symphony-stats-meta returned no positions for WgHFDD7PsDJYTw3ZCvZx (check 2026-07-09 JSON to verify the id matches one in the response)
[2026-07-09T09:40:20]   ERROR: no positions found for WgHFDD7PsDJYTw3ZCvZx; skipping CSV/HTML for this symphony
[2026-07-09T09:40:20] --- BLEE - 186 2026 ALL in One (jtQvlI5wINrxpOfxgmgl) ---
[2026-07-09T09:40:20]   WARN: symphony-stats-meta returned no positions for jtQvlI5wINrxpOfxgmgl (check 2026-07-09 JSON to verify the id matches one in the response)
[2026-07-09T09:40:20]   ERROR: no positions found for jtQvlI5wINrxpOfxgmgl; skipping CSV/HTML for this symphony
[2026-07-09T09:40:20] --- BLEE - 187 2026 SGOV Bond 20% Yield and Min Dual Reversal (qjmHJ3IR19kmaAlbgkNj) ---
[2026-07-09T09:40:20]   WARN: symphony-stats-meta returned no positions for qjmHJ3IR19kmaAlbgkNj (check 2026-07-09 JSON to verify the id matches one in the response)
[2026-07-09T09:40:20]   ERROR: no positions found for qjmHJ3IR19kmaAlbgkNj; skipping CSV/HTML for this symphony
[2026-07-09T09:40:20] --- BLEE - 185 2026 SGOV and Dual Reversal (ZGersOlsQFRHg7U2qnSw) ---
[2026-07-09T09:40:20]   Got 4 positions from symphony-stats-meta
[2026-07-09T09:40:20]   RSI override: DISABLED (symphony handles its own rotation)
[2026-07-09T09:40:20]   Saved today's slice to composer_allocations_185v2_2026-07-09.json
[2026-07-09T09:40:20]   Updated stable file: composer_allocations_185.json
[2026-07-09T09:40:20]   Wrote 4 rows for 2026-07-09 to composer_allocations_185v2.csv (kept 140 prior rows, source=symphony-stats-meta)
[2026-07-09T09:40:20] Generated dashboard -> index_185v2.html (value=$893.66, days=36)
[2026-07-09T09:40:20]   Updated 2026-07-09 row in composer_allocations_185_3yr2.csv
[2026-07-09T09:40:20]   Updated today's row in Algorithm185History.html
[2026-07-09T09:40:20] --- BLEE A - 186 Part 1 Kei 90% NVDA (g7WBkfIc6UWUWC6NiAdu) ---
[2026-07-09T09:40:20]   Got 13 positions from symphony-stats-meta
[2026-07-09T09:40:20]   RSI override: DISABLED (symphony handles its own rotation)
[2026-07-09T09:40:20]   Saved today's slice to composer_allocations_kei186_2026-07-09.json
[2026-07-09T09:40:20]   Updated stable file: composer_allocations_kei186.json
[2026-07-09T09:40:20]   Wrote 13 rows for 2026-07-09 to composer_allocations_kei186.csv (kept 389 prior rows, source=symphony-stats-meta)
[2026-07-09T09:40:20] Generated dashboard -> index_kei186.html (value=$12,099.67, days=37)
[2026-07-09T09:40:20] --- BLEE - 187 2026 ALL in One For High Interest Period (BNwivIq0tIEyex2D10GM) ---
[2026-07-09T09:40:20]   WARN: symphony-stats-meta returned no positions for BNwivIq0tIEyex2D10GM (check 2026-07-09 JSON to verify the id matches one in the response)
[2026-07-09T09:40:20]   ERROR: no positions found for BNwivIq0tIEyex2D10GM; skipping CSV/HTML for this symphony
[2026-07-09T09:40:20] --- BLEE 186 - 40% Max down 5.8% Fighting for Direction SDOW/TQQQ UDOW/SQQQ (gHJn5DKfpQ6g6VGXHOQO) ---
[2026-07-09T09:40:20]   WARN: symphony-stats-meta returned no positions for gHJn5DKfpQ6g6VGXHOQO (check 2026-07-09 JSON to verify the id matches one in the response)
[2026-07-09T09:40:20]   ERROR: no positions found for gHJn5DKfpQ6g6VGXHOQO; skipping CSV/HTML for this symphony
[2026-07-09T09:40:20] --- BLEE 186 - 65% Max down 12.6% Fighting for Direction Max SDOW/TQQQ UDOW/SQQQ (onbkd6V1mHyOAFsWWSlJ) ---
[2026-07-09T09:40:20]   Got 14 positions from symphony-stats-meta
[2026-07-09T09:40:20]   RSI override: DISABLED (symphony handles its own rotation)
[2026-07-09T09:40:20]   Saved today's slice to composer_allocations_186fd65_2026-07-09.json
[2026-07-09T09:40:20]   Updated stable file: composer_allocations_186fd65.json
[2026-07-09T09:40:20]   Wrote 14 rows for 2026-07-09 to composer_allocations_186fd65.csv (kept 0 prior rows, source=symphony-stats-meta)
[2026-07-09T09:40:20] Generated dashboard -> index_186fd65.html (value=$104,016.20, days=1)
[2026-07-09T09:40:20] Published signal_latest.json (3 positions, date=2026-06-10)
[2026-07-09T09:40:21] Regenerated CurrentWatchSymphony.html (3 symphonies)
[2026-07-09T09:40:21] === Done ===
[2026-07-09T09:40:21] Stamped last-updated (07/09/2026 09:40 AM ET) into index.html
[2026-07-09T09:40:21] Stamped last-updated (07/09/2026 09:40 AM ET) into performance1.html
[2026-07-09T09:40:21] Stamped last-updated (07/09/2026 09:40 AM ET) into Algorithm185History.html
[2026-07-09T09:40:21] --- Pushing updates to GitHub ---
[2026-07-09T09:40:21]   $ git -C "C:\Kei\ComposerInvest" add .
[2026-07-09T09:40:22]   $ git -C "C:\Kei\ComposerInvest" commit -m "daily auto update 2026-07-09"
[2026-07-09T09:40:22]   $ git -C "C:\Kei\ComposerInvest" push
[2026-07-09T09:40:30] GitHub push successful.
[2026-07-09T15:51:00] archive: === Archive started ===
[2026-07-09T15:51:00] archive:   Archived -> marketForecast_2026-07-09.html
[2026-07-09T15:51:00] archive:   Archived -> dailySignal_2026-07-09.html
[2026-07-09T15:51:00] archive:   SKIP (not found): index_186main.html
[2026-07-09T15:51:01] archive:   Archived -> signal185_2026-07-09.html
[2026-07-09T15:51:01] archive:   Archived -> signalKei186_2026-07-09.html
[2026-07-09T15:51:01] archive:   Archived -> signal187hi_2026-07-09.html
[2026-07-09T15:51:01] archive: Rebuilt BackLog/index.html � 52 dates, 100 files
[2026-07-09T15:51:01] archive: === Archive complete ===
[2026-07-09T15:51:01] === Composer daily allocation pull ===
[2026-07-09T15:51:01] Configured symphonies: ['WgHFDD7PsDJYTw3ZCvZx', 'jtQvlI5wINrxpOfxgmgl', 'qjmHJ3IR19kmaAlbgkNj', 'ZGersOlsQFRHg7U2qnSw', 'g7WBkfIc6UWUWC6NiAdu', 'BNwivIq0tIEyex2D10GM', 'gHJn5DKfpQ6g6VGXHOQO', 'onbkd6V1mHyOAFsWWSlJ']
[2026-07-09T15:51:01] No account_uuid in config; discovering via /accounts/list...
[2026-07-09T15:51:02]   account: uuid=b0d61a36-f329-4226-9d82-4494deaee5f5  {"first_deploy_at": "2023-12-29T14:13:04.640912Z", "account_type": "ROTH_IRA", "first_incoming_acats_transfer_at": null, "first_direct_trade_at": null, "direct_tradable_asset_classes": {"buy": [], "sell": []}, "has_queued_deploy": true, "fi
[2026-07-09T15:51:02]   account: uuid=ab37a3ba-4df7-4d20-b239-6ba1b13d159a  {"first_deploy_at": null, "account_type": "TRADITIONAL_IRA", "first_incoming_acats_transfer_at": null, "first_direct_trade_at": null, "direct_tradable_asset_classes": {"buy": [], "sell": []}, "has_queued_deploy": false, "first_deposit_at": 
[2026-07-09T15:51:02]   account: uuid=5faa30f0-1913-43f2-9d0d-63aa6394e07c  {"first_deploy_at": "2023-05-18T19:48:28.886816Z", "account_type": "INDIVIDUAL", "first_incoming_acats_transfer_at": null, "first_direct_trade_at": "2025-07-22T15:01:44.425605Z", "direct_tradable_asset_classes": {"buy": ["EQUITIES"], "sell"
[2026-07-09T15:51:02] Matched account_number 171091982 -> 5faa30f0-1913-43f2-9d0d-63aa6394e07c
[2026-07-09T15:51:02] Matched account_number 4CM05765 -> b0d61a36-f329-4226-9d82-4494deaee5f5
[2026-07-09T15:51:02] Pulling from 2 account(s): ['5faa30f0-1913-43f2-9d0d-63aa6394e07c', 'b0d61a36-f329-4226-9d82-4494deaee5f5']
[2026-07-09T15:51:02] Fetching per-symphony stats from /portfolio/.../symphony-stats-meta...
[2026-07-09T15:51:02] GET /api/v0.1/portfolio/accounts/5faa30f0-1913-43f2-9d0d-63aa6394e07c/symphony-stats-meta
[2026-07-09T15:51:04] GET /api/v0.1/portfolio/accounts/b0d61a36-f329-4226-9d82-4494deaee5f5/symphony-stats-meta
[2026-07-09T15:51:05] Saved merged symphony-stats (7 symphonies) to composer_symphony_stats_2026-07-09.json
[2026-07-09T15:51:05] True Composer account total (all symphonies): $180,729.50
[2026-07-09T15:51:05] --- BLEE - 186 2026 ALL in One 57% Max-Down SGOV Bond (WgHFDD7PsDJYTw3ZCvZx) ---
[2026-07-09T15:51:05]   WARN: symphony-stats-meta returned no positions for WgHFDD7PsDJYTw3ZCvZx (check 2026-07-09 JSON to verify the id matches one in the response)
[2026-07-09T15:51:05]   ERROR: no positions found for WgHFDD7PsDJYTw3ZCvZx; skipping CSV/HTML for this symphony
[2026-07-09T15:51:05] --- BLEE - 186 2026 ALL in One (jtQvlI5wINrxpOfxgmgl) ---
[2026-07-09T15:51:05]   WARN: symphony-stats-meta returned no positions for jtQvlI5wINrxpOfxgmgl (check 2026-07-09 JSON to verify the id matches one in the response)
[2026-07-09T15:51:05]   ERROR: no positions found for jtQvlI5wINrxpOfxgmgl; skipping CSV/HTML for this symphony
[2026-07-09T15:51:05] --- BLEE - 187 2026 SGOV Bond 20% Yield and Min Dual Reversal (qjmHJ3IR19kmaAlbgkNj) ---
[2026-07-09T15:51:05]   WARN: symphony-stats-meta returned no positions for qjmHJ3IR19kmaAlbgkNj (check 2026-07-09 JSON to verify the id matches one in the response)
[2026-07-09T15:51:05]   ERROR: no positions found for qjmHJ3IR19kmaAlbgkNj; skipping CSV/HTML for this symphony
[2026-07-09T15:51:05] --- BLEE - 185 2026 SGOV and Dual Reversal (ZGersOlsQFRHg7U2qnSw) ---
[2026-07-09T15:51:05]   Got 4 positions from symphony-stats-meta
[2026-07-09T15:51:05]   RSI override: DISABLED (symphony handles its own rotation)
[2026-07-09T15:51:05]   Saved today's slice to composer_allocations_185v2_2026-07-09.json
[2026-07-09T15:51:05]   Updated stable file: composer_allocations_185.json
[2026-07-09T15:51:05]   Wrote 4 rows for 2026-07-09 to composer_allocations_185v2.csv (kept 140 prior rows, source=symphony-stats-meta)
[2026-07-09T15:51:05] Generated dashboard -> index_185v2.html (value=$894.21, days=36)
[2026-07-09T15:51:05]   Updated 2026-07-09 row in composer_allocations_185_3yr2.csv
[2026-07-09T15:51:06]   Updated today's row in Algorithm185History.html
[2026-07-09T15:51:06] --- BLEE A - 186 Part 1 Kei 90% NVDA (g7WBkfIc6UWUWC6NiAdu) ---
[2026-07-09T15:51:06]   Got 11 positions from symphony-stats-meta
[2026-07-09T15:51:06]   RSI override: DISABLED (symphony handles its own rotation)
[2026-07-09T15:51:06]   Saved today's slice to composer_allocations_kei186_2026-07-09.json
[2026-07-09T15:51:06]   Updated stable file: composer_allocations_kei186.json
[2026-07-09T15:51:06]   Wrote 11 rows for 2026-07-09 to composer_allocations_kei186.csv (kept 389 prior rows, source=symphony-stats-meta)
[2026-07-09T15:51:06] Generated dashboard -> index_kei186.html (value=$12,146.70, days=37)
[2026-07-09T15:51:06] --- BLEE - 187 2026 ALL in One For High Interest Period (BNwivIq0tIEyex2D10GM) ---
[2026-07-09T15:51:06]   WARN: symphony-stats-meta returned no positions for BNwivIq0tIEyex2D10GM (check 2026-07-09 JSON to verify the id matches one in the response)
[2026-07-09T15:51:06]   ERROR: no positions found for BNwivIq0tIEyex2D10GM; skipping CSV/HTML for this symphony
[2026-07-09T15:51:06] --- BLEE 186 - 40% Max down 5.8% Fighting for Direction SDOW/TQQQ UDOW/SQQQ (gHJn5DKfpQ6g6VGXHOQO) ---
[2026-07-09T15:51:06]   WARN: symphony-stats-meta returned no positions for gHJn5DKfpQ6g6VGXHOQO (check 2026-07-09 JSON to verify the id matches one in the response)
[2026-07-09T15:51:06]   ERROR: no positions found for gHJn5DKfpQ6g6VGXHOQO; skipping CSV/HTML for this symphony
[2026-07-09T15:51:06] --- BLEE 186 - 65% Max down 12.6% Fighting for Direction Max SDOW/TQQQ UDOW/SQQQ (onbkd6V1mHyOAFsWWSlJ) ---
[2026-07-09T15:51:06]   Got 13 positions from symphony-stats-meta
[2026-07-09T15:51:06]   RSI override: DISABLED (symphony handles its own rotation)
[2026-07-09T15:51:06]   Saved today's slice to composer_allocations_186fd65_2026-07-09.json
[2026-07-09T15:51:06]   Updated stable file: composer_allocations_186fd65.json
[2026-07-09T15:51:06]   Wrote 13 rows for 2026-07-09 to composer_allocations_186fd65.csv (kept 0 prior rows, source=symphony-stats-meta)
[2026-07-09T15:51:06] Generated dashboard -> index_186fd65.html (value=$4,194.89, days=1)
[2026-07-09T15:51:06] Published signal_latest.json (3 positions, date=2026-06-10)
[2026-07-09T15:51:06] Regenerated CurrentWatchSymphony.html (3 symphonies)
[2026-07-09T15:51:06] === Done ===
[2026-07-09T15:51:06] Stamped last-updated (07/09/2026 03:51 PM ET) into index.html
[2026-07-09T15:51:07] Stamped last-updated (07/09/2026 03:51 PM ET) into performance1.html
[2026-07-09T15:51:07] Stamped last-updated (07/09/2026 03:51 PM ET) into Algorithm185History.html
[2026-07-09T15:51:07] --- Pushing updates to GitHub ---
[2026-07-09T15:51:07]   $ git -C "C:\Kei\ComposerInvest" add .
[2026-07-09T15:51:07]   $ git -C "C:\Kei\ComposerInvest" commit -m "daily auto update 2026-07-09"
[2026-07-09T15:51:08]   $ git -C "C:\Kei\ComposerInvest" push
[2026-07-09T15:51:12] GitHub push successful.
[2026-07-09T15:53:01] market_report: === Market report generation started ===
[2026-07-09T15:53:01] market_report: Loaded 21 ETF points from Index_50_point.csv
[2026-07-09T15:53:01] market_report: Loaded 18 ETF allocations from composer_allocations_187hi.json (BLEE - 187 2026 ALL in One For High Interest Period)
[2026-07-09T15:53:05] market_report:   RSI-14 fetched: 56.37 (SPY close=750.96)
[2026-07-09T15:53:05] market_report:   RSI signal: Neutral RSI (10d avg=53.18, adj=+0, new score=+11.06)
[2026-07-09T15:53:05] market_report:   RSI override not triggered: Today RSI 56.4 ≤ 76.0 — override not triggered
[2026-07-09T15:53:05] market_report: Composite score: +11.06 -> Mostly Cloudy
[2026-07-09T15:53:07] market_report:   RSS WSJ: 20 items fetched
[2026-07-09T15:53:07] market_report:   Selected [WSJ] topic=EQUITY: Stocks Sink in Broad AI Rout Sparked by China's DeepSeek
[2026-07-09T15:53:08] market_report:   RSS Yahoo Finance: 49 items fetched
[2026-07-09T15:53:08] market_report:   Selected [Yahoo Finance] topic=OTHER: AT&amp;T leaves rivals flat-footed as bankrupt carrier folds
[2026-07-09T15:53:09] market_report:   RSS fetch failed (Barron's): HTTP Error 403: Forbidden
[2026-07-09T15:53:09] market_report:   Barron's: RSS unavailable, using hardcoded fallback
[2026-07-09T15:53:09] market_report:   Selected [Barron's] topic=MACRO: Trade Winds: Tariff Developments Continue to Reshape Global Supply Cha
[2026-07-09T15:53:09] market_report: Fetched 3 news items
[2026-07-09T15:53:09] market_report: Updated marketDailySummary.html with score=+11.06 (Mostly Cloudy)
[2026-07-09T15:53:09] market_report: Stamped last-updated (07/09/2026 03:53 PM ET) into index.html
[2026-07-09T15:53:10] market_report: Stamped last-updated (07/09/2026 03:53 PM ET) into performance1.html
[2026-07-09T15:53:10] market_report: Stamped last-updated (07/09/2026 03:53 PM ET) into Algorithm185History.html
[2026-07-09T15:53:10] market_report: === Market report generation complete ===
[2026-07-10T15:51:00] archive: === Archive started ===
[2026-07-10T15:51:00] archive:   Archived -> marketForecast_2026-07-10.html
[2026-07-10T15:51:01] archive:   Archived -> dailySignal_2026-07-10.html
[2026-07-10T15:51:01] archive:   SKIP (not found): index_186main.html
[2026-07-10T15:51:01] archive:   Archived -> signal185_2026-07-10.html
[2026-07-10T15:51:01] archive:   Archived -> signalKei186_2026-07-10.html
[2026-07-10T15:51:01] archive:   Archived -> signal187hi_2026-07-10.html
[2026-07-10T15:51:01] archive: Rebuilt BackLog/index.html � 53 dates, 102 files
[2026-07-10T15:51:01] archive: === Archive complete ===
[2026-07-10T15:51:01] === Composer daily allocation pull ===
[2026-07-10T15:51:01] Configured symphonies: ['WgHFDD7PsDJYTw3ZCvZx', 'jtQvlI5wINrxpOfxgmgl', 'qjmHJ3IR19kmaAlbgkNj', 'ZGersOlsQFRHg7U2qnSw', 'g7WBkfIc6UWUWC6NiAdu', 'BNwivIq0tIEyex2D10GM', 'gHJn5DKfpQ6g6VGXHOQO', 'onbkd6V1mHyOAFsWWSlJ']
[2026-07-10T15:51:01] No account_uuid in config; discovering via /accounts/list...
[2026-07-10T15:51:03]   account: uuid=b0d61a36-f329-4226-9d82-4494deaee5f5  {"first_deploy_at": "2023-12-29T14:13:04.640912Z", "account_type": "ROTH_IRA", "first_incoming_acats_transfer_at": null, "first_direct_trade_at": null, "direct_tradable_asset_classes": {"buy": [], "sell": []}, "has_queued_deploy": true, "fi
[2026-07-10T15:51:03]   account: uuid=ab37a3ba-4df7-4d20-b239-6ba1b13d159a  {"first_deploy_at": null, "account_type": "TRADITIONAL_IRA", "first_incoming_acats_transfer_at": null, "first_direct_trade_at": null, "direct_tradable_asset_classes": {"buy": [], "sell": []}, "has_queued_deploy": false, "first_deposit_at": 
[2026-07-10T15:51:03]   account: uuid=5faa30f0-1913-43f2-9d0d-63aa6394e07c  {"first_deploy_at": "2023-05-18T19:48:28.886816Z", "account_type": "INDIVIDUAL", "first_incoming_acats_transfer_at": null, "first_direct_trade_at": "2025-07-22T15:01:44.425605Z", "direct_tradable_asset_classes": {"buy": ["EQUITIES"], "sell"
[2026-07-10T15:51:03] Matched account_number 171091982 -> 5faa30f0-1913-43f2-9d0d-63aa6394e07c
[2026-07-10T15:51:03] Matched account_number 4CM05765 -> b0d61a36-f329-4226-9d82-4494deaee5f5
[2026-07-10T15:51:03] Pulling from 2 account(s): ['5faa30f0-1913-43f2-9d0d-63aa6394e07c', 'b0d61a36-f329-4226-9d82-4494deaee5f5']
[2026-07-10T15:51:03] Fetching per-symphony stats from /portfolio/.../symphony-stats-meta...
[2026-07-10T15:51:03] GET /api/v0.1/portfolio/accounts/5faa30f0-1913-43f2-9d0d-63aa6394e07c/symphony-stats-meta
[2026-07-10T15:51:05] GET /api/v0.1/portfolio/accounts/b0d61a36-f329-4226-9d82-4494deaee5f5/symphony-stats-meta
[2026-07-10T15:51:06] Saved merged symphony-stats (10 symphonies) to composer_symphony_stats_2026-07-10.json
[2026-07-10T15:51:06] True Composer account total (all symphonies): $206,798.51
[2026-07-10T15:51:06] --- BLEE - 186 2026 ALL in One 57% Max-Down SGOV Bond (WgHFDD7PsDJYTw3ZCvZx) ---
[2026-07-10T15:51:06]   WARN: symphony-stats-meta returned no positions for WgHFDD7PsDJYTw3ZCvZx (check 2026-07-10 JSON to verify the id matches one in the response)
[2026-07-10T15:51:06]   ERROR: no positions found for WgHFDD7PsDJYTw3ZCvZx; skipping CSV/HTML for this symphony
[2026-07-10T15:51:06] --- BLEE - 186 2026 ALL in One (jtQvlI5wINrxpOfxgmgl) ---
[2026-07-10T15:51:06]   WARN: symphony-stats-meta returned no positions for jtQvlI5wINrxpOfxgmgl (check 2026-07-10 JSON to verify the id matches one in the response)
[2026-07-10T15:51:06]   ERROR: no positions found for jtQvlI5wINrxpOfxgmgl; skipping CSV/HTML for this symphony
[2026-07-10T15:51:06] --- BLEE - 187 2026 SGOV Bond 20% Yield and Min Dual Reversal (qjmHJ3IR19kmaAlbgkNj) ---
[2026-07-10T15:51:06]   WARN: symphony-stats-meta returned no positions for qjmHJ3IR19kmaAlbgkNj (check 2026-07-10 JSON to verify the id matches one in the response)
[2026-07-10T15:51:06]   ERROR: no positions found for qjmHJ3IR19kmaAlbgkNj; skipping CSV/HTML for this symphony
[2026-07-10T15:51:06] --- BLEE - 185 2026 SGOV and Dual Reversal (ZGersOlsQFRHg7U2qnSw) ---
[2026-07-10T15:51:06]   Got 4 positions from symphony-stats-meta
[2026-07-10T15:51:06]   RSI override: DISABLED (symphony handles its own rotation)
[2026-07-10T15:51:06]   Saved today's slice to composer_allocations_185v2_2026-07-10.json
[2026-07-10T15:51:06]   Updated stable file: composer_allocations_185.json
[2026-07-10T15:51:06]   Wrote 4 rows for 2026-07-10 to composer_allocations_185v2.csv (kept 144 prior rows, source=symphony-stats-meta)
[2026-07-10T15:51:06] Generated dashboard -> index_185v2.html (value=$895.33, days=37)
[2026-07-10T15:51:06]   Prepended 2026-07-10 row to composer_allocations_185_3yr2.csv
[2026-07-10T15:51:06]   Prepended 2026-07-10 row to Algorithm185History.html ALLOC_DATA
[2026-07-10T15:51:06] --- BLEE A - 186 Part 1 Kei 90% NVDA (g7WBkfIc6UWUWC6NiAdu) ---
[2026-07-10T15:51:06]   Got 13 positions from symphony-stats-meta
[2026-07-10T15:51:06]   RSI override: DISABLED (symphony handles its own rotation)
[2026-07-10T15:51:06]   Saved today's slice to composer_allocations_kei186_2026-07-10.json
[2026-07-10T15:51:06]   Updated stable file: composer_allocations_kei186.json
[2026-07-10T15:51:06]   Wrote 13 rows for 2026-07-10 to composer_allocations_kei186.csv (kept 400 prior rows, source=symphony-stats-meta)
[2026-07-10T15:51:07] Generated dashboard -> index_kei186.html (value=$2,092.98, days=38)
[2026-07-10T15:51:07] --- BLEE - 187 2026 ALL in One For High Interest Period (BNwivIq0tIEyex2D10GM) ---
[2026-07-10T15:51:07]   WARN: symphony-stats-meta returned no positions for BNwivIq0tIEyex2D10GM (check 2026-07-10 JSON to verify the id matches one in the response)
[2026-07-10T15:51:07]   ERROR: no positions found for BNwivIq0tIEyex2D10GM; skipping CSV/HTML for this symphony
[2026-07-10T15:51:07] --- BLEE 186 - 40% Max down 5.8% Fighting for Direction SDOW/TQQQ UDOW/SQQQ (gHJn5DKfpQ6g6VGXHOQO) ---
[2026-07-10T15:51:07]   WARN: symphony-stats-meta returned no positions for gHJn5DKfpQ6g6VGXHOQO (check 2026-07-10 JSON to verify the id matches one in the response)
[2026-07-10T15:51:07]   ERROR: no positions found for gHJn5DKfpQ6g6VGXHOQO; skipping CSV/HTML for this symphony
[2026-07-10T15:51:07] --- BLEE 186 - 65% Max down 12.6% Fighting for Direction Max SDOW/TQQQ UDOW/SQQQ (onbkd6V1mHyOAFsWWSlJ) ---
[2026-07-10T15:51:07]   Got 13 positions from symphony-stats-meta
[2026-07-10T15:51:07]   RSI override: DISABLED (symphony handles its own rotation)
[2026-07-10T15:51:07]   Saved today's slice to composer_allocations_186fd65_2026-07-10.json
[2026-07-10T15:51:07]   Updated stable file: composer_allocations_186fd65.json
[2026-07-10T15:51:07]   Wrote 13 rows for 2026-07-10 to composer_allocations_186fd65.csv (kept 13 prior rows, source=symphony-stats-meta)
[2026-07-10T15:51:07] Generated dashboard -> index_186fd65.html (value=$4,205.58, days=2)
[2026-07-10T15:51:07] Published signal_latest.json (3 positions, date=2026-06-10)
[2026-07-10T15:51:07] Regenerated CurrentWatchSymphony.html (3 symphonies)
[2026-07-10T15:51:07] === Done ===
[2026-07-10T15:51:14] Stamped last-updated (07/10/2026 03:51 PM ET) into index.html
[2026-07-10T15:51:15] Stamped last-updated (07/10/2026 03:51 PM ET) into performance1.html
[2026-07-10T15:51:15] Stamped last-updated (07/10/2026 03:51 PM ET) into Algorithm185History.html
[2026-07-10T15:51:15] --- Pushing updates to GitHub ---
[2026-07-10T15:51:15]   $ git -C "C:\Kei\ComposerInvest" add .
[2026-07-10T15:51:16]   $ git -C "C:\Kei\ComposerInvest" commit -m "daily auto update 2026-07-10"
[2026-07-10T15:51:17]   $ git -C "C:\Kei\ComposerInvest" push
[2026-07-10T15:51:23] GitHub push successful.
[2026-07-10T15:53:01] market_report: === Market report generation started ===
[2026-07-10T15:53:02] market_report: Loaded 21 ETF points from Index_50_point.csv
[2026-07-10T15:53:02] market_report: Loaded 18 ETF allocations from composer_allocations_187hi.json (BLEE - 187 2026 ALL in One For High Interest Period)
[2026-07-10T15:53:06] market_report:   RSI-14 fetched: 58.94 (SPY close=755.0799)
[2026-07-10T15:53:06] market_report:   RSI signal: Neutral RSI (10d avg=54.46, adj=+0, new score=+11.06)
[2026-07-10T15:53:06] market_report:   RSI override not triggered: Today RSI 58.9 ≤ 76.0 — override not triggered
[2026-07-10T15:53:06] market_report: Composite score: +11.06 -> Mostly Cloudy
[2026-07-10T15:53:07] market_report:   RSS WSJ: 20 items fetched
[2026-07-10T15:53:07] market_report:   Selected [WSJ] topic=EQUITY: Stocks Sink in Broad AI Rout Sparked by China's DeepSeek
[2026-07-10T15:53:08] market_report:   RSS Yahoo Finance: 47 items fetched
[2026-07-10T15:53:08] market_report:   Selected [Yahoo Finance] topic=FED: Fed minutes expose deep divide over interest-rate outlook
[2026-07-10T15:53:10] market_report:   RSS fetch failed (Barron's): HTTP Error 403: Forbidden
[2026-07-10T15:53:10] market_report:   Barron's: RSS unavailable, using hardcoded fallback
[2026-07-10T15:53:10] market_report:   Selected [Barron's] topic=MACRO: Trade Winds: Tariff Developments Continue to Reshape Global Supply Cha
[2026-07-10T15:53:10] market_report: Fetched 3 news items
[2026-07-10T15:53:10] market_report: Updated marketDailySummary.html with score=+11.06 (Mostly Cloudy)
[2026-07-10T15:53:10] market_report: Stamped last-updated (07/10/2026 03:53 PM ET) into index.html
[2026-07-10T15:53:10] market_report: Stamped last-updated (07/10/2026 03:53 PM ET) into performance1.html
[2026-07-10T15:53:10] market_report: Stamped last-updated (07/10/2026 03:53 PM ET) into Algorithm185History.html
[2026-07-10T15:53:10] market_report: === Market report generation complete ===
[2026-07-11T22:30:33] market_report: === Market report generation started ===
[2026-07-11T22:30:33] market_report: Loaded 21 ETF points from Index_50_point.csv
[2026-07-11T22:30:33] market_report: Loaded 18 ETF allocations from composer_allocations_187hi.json (BLEE - 187 2026 ALL in One For High Interest Period)
[2026-07-11T22:31:14] market_report:   RSI-14 fetched: 59.07 (SPY close=754.95)
[2026-07-11T22:31:14] market_report:   RSI signal: Neutral RSI (10d avg=54.46, adj=+0, new score=+11.06)
[2026-07-11T22:31:14] market_report:   RSI override not triggered: Today RSI 58.9 ≤ 76.0 — override not triggered
[2026-07-11T22:31:14] market_report: Composite score: +11.06 -> Mostly Cloudy
[2026-07-11T22:31:16] market_report:   RSS WSJ: 20 items fetched
[2026-07-11T22:31:16] market_report:   Selected [WSJ] topic=EQUITY: Stocks Sink in Broad AI Rout Sparked by China's DeepSeek
[2026-07-11T22:31:18] market_report:   RSS Yahoo Finance: 42 items fetched
[2026-07-11T22:31:18] market_report:   Selected [Yahoo Finance] topic=OTHER: Elon Musk SEC settlement raises 'red flags,' judge says
[2026-07-11T22:31:19] market_report:   RSS fetch failed (Barron's): HTTP Error 403: Forbidden
[2026-07-11T22:31:19] market_report:   Barron's: RSS unavailable, using hardcoded fallback
[2026-07-11T22:31:19] market_report:   Selected [Barron's] topic=MACRO: Trade Winds: Tariff Developments Continue to Reshape Global Supply Cha
[2026-07-11T22:31:19] market_report: Fetched 3 news items
[2026-07-11T22:31:20] market_report: Updated marketDailySummary.html with score=+11.06 (Mostly Cloudy)
[2026-07-11T22:31:21] market_report: Stamped last-updated (07/11/2026 10:31 PM ET) into index.html
[2026-07-11T22:31:21] market_report: Stamped last-updated (07/11/2026 10:31 PM ET) into performance1.html
[2026-07-11T22:31:21] market_report: Stamped last-updated (07/11/2026 10:31 PM ET) into Algorithm185History.html
[2026-07-11T22:31:21] market_report: === Market report generation complete ===
[2026-07-12T19:30:56] archive: === Archive started ===
[2026-07-12T19:30:56] archive:   Archived -> marketForecast_2026-07-12.html
[2026-07-12T19:30:56] archive:   Archived -> dailySignal_2026-07-12.html
[2026-07-12T19:30:56] archive:   SKIP (not found): index_186main.html
[2026-07-12T19:30:56] archive:   Archived -> signal185_2026-07-12.html
[2026-07-12T19:30:56] archive:   Archived -> signalKei186_2026-07-12.html
[2026-07-12T19:30:56] archive:   Archived -> signal187hi_2026-07-12.html
[2026-07-12T19:30:56] archive: Rebuilt BackLog/index.html � 54 dates, 104 files
[2026-07-12T19:30:56] archive: === Archive complete ===
[2026-07-12T19:30:56] === Composer daily allocation pull ===
[2026-07-12T19:30:56] Configured symphonies: ['WgHFDD7PsDJYTw3ZCvZx', 'jtQvlI5wINrxpOfxgmgl', 'qjmHJ3IR19kmaAlbgkNj', 'ZGersOlsQFRHg7U2qnSw', 'g7WBkfIc6UWUWC6NiAdu', 'BNwivIq0tIEyex2D10GM', 'gHJn5DKfpQ6g6VGXHOQO', 'onbkd6V1mHyOAFsWWSlJ']
[2026-07-12T19:30:56] No account_uuid in config; discovering via /accounts/list...
[2026-07-12T19:31:03]   account: uuid=b0d61a36-f329-4226-9d82-4494deaee5f5  {"first_deploy_at": "2023-12-29T14:13:04.640912Z", "account_type": "ROTH_IRA", "first_incoming_acats_transfer_at": null, "first_direct_trade_at": null, "direct_tradable_asset_classes": {"buy": [], "sell": []}, "has_queued_deploy": true, "fi
[2026-07-12T19:31:03]   account: uuid=ab37a3ba-4df7-4d20-b239-6ba1b13d159a  {"first_deploy_at": null, "account_type": "TRADITIONAL_IRA", "first_incoming_acats_transfer_at": null, "first_direct_trade_at": null, "direct_tradable_asset_classes": {"buy": [], "sell": []}, "has_queued_deploy": false, "first_deposit_at": 
[2026-07-12T19:31:03]   account: uuid=5faa30f0-1913-43f2-9d0d-63aa6394e07c  {"first_deploy_at": "2023-05-18T19:48:28.886816Z", "account_type": "INDIVIDUAL", "first_incoming_acats_transfer_at": null, "first_direct_trade_at": "2025-07-22T15:01:44.425605Z", "direct_tradable_asset_classes": {"buy": ["EQUITIES"], "sell"
[2026-07-12T19:31:03] Matched account_number 171091982 -> 5faa30f0-1913-43f2-9d0d-63aa6394e07c
[2026-07-12T19:31:03] Matched account_number 4CM05765 -> b0d61a36-f329-4226-9d82-4494deaee5f5
[2026-07-12T19:31:03] Pulling from 2 account(s): ['5faa30f0-1913-43f2-9d0d-63aa6394e07c', 'b0d61a36-f329-4226-9d82-4494deaee5f5']
[2026-07-12T19:31:03] Fetching per-symphony stats from /portfolio/.../symphony-stats-meta...
[2026-07-12T19:31:03] GET /api/v0.1/portfolio/accounts/5faa30f0-1913-43f2-9d0d-63aa6394e07c/symphony-stats-meta
[2026-07-12T19:31:05] GET /api/v0.1/portfolio/accounts/b0d61a36-f329-4226-9d82-4494deaee5f5/symphony-stats-meta
[2026-07-12T19:31:07] Saved merged symphony-stats (10 symphonies) to composer_symphony_stats_2026-07-12.json
[2026-07-12T19:31:07] True Composer account total (all symphonies): $181,753.77
[2026-07-12T19:31:07] --- BLEE - 186 2026 ALL in One 57% Max-Down SGOV Bond (WgHFDD7PsDJYTw3ZCvZx) ---
[2026-07-12T19:31:07]   WARN: symphony-stats-meta returned no positions for WgHFDD7PsDJYTw3ZCvZx (check 2026-07-12 JSON to verify the id matches one in the response)
[2026-07-12T19:31:07]   ERROR: no positions found for WgHFDD7PsDJYTw3ZCvZx; skipping CSV/HTML for this symphony
[2026-07-12T19:31:07] --- BLEE - 186 2026 ALL in One (jtQvlI5wINrxpOfxgmgl) ---
[2026-07-12T19:31:07]   WARN: symphony-stats-meta returned no positions for jtQvlI5wINrxpOfxgmgl (check 2026-07-12 JSON to verify the id matches one in the response)
[2026-07-12T19:31:07]   ERROR: no positions found for jtQvlI5wINrxpOfxgmgl; skipping CSV/HTML for this symphony
[2026-07-12T19:31:07] --- BLEE - 187 2026 SGOV Bond 20% Yield and Min Dual Reversal (qjmHJ3IR19kmaAlbgkNj) ---
[2026-07-12T19:31:07]   WARN: symphony-stats-meta returned no positions for qjmHJ3IR19kmaAlbgkNj (check 2026-07-12 JSON to verify the id matches one in the response)
[2026-07-12T19:31:07]   ERROR: no positions found for qjmHJ3IR19kmaAlbgkNj; skipping CSV/HTML for this symphony
[2026-07-12T19:31:07] --- BLEE - 185 2026 SGOV and Dual Reversal (ZGersOlsQFRHg7U2qnSw) ---
[2026-07-12T19:31:07]   Got 4 positions from symphony-stats-meta
[2026-07-12T19:31:07]   RSI override: DISABLED (symphony handles its own rotation)
[2026-07-12T19:31:07]   Saved today's slice to composer_allocations_185v2_2026-07-12.json
[2026-07-12T19:31:07]   Updated stable file: composer_allocations_185.json
[2026-07-12T19:31:07]   Wrote 4 rows for 2026-07-12 to composer_allocations_185v2.csv (kept 148 prior rows, source=symphony-stats-meta)
[2026-07-12T19:31:07] Generated dashboard -> index_185v2.html (value=$895.07, days=38)
[2026-07-12T19:31:07]   Prepended 2026-07-12 row to composer_allocations_185_3yr2.csv
[2026-07-12T19:31:07]   Prepended 2026-07-12 row to Algorithm185History.html ALLOC_DATA
[2026-07-12T19:31:07] --- BLEE A - 186 Part 1 Kei 90% NVDA (g7WBkfIc6UWUWC6NiAdu) ---
[2026-07-12T19:31:07]   Got 12 positions from symphony-stats-meta
[2026-07-12T19:31:07]   RSI override: DISABLED (symphony handles its own rotation)
[2026-07-12T19:31:07]   Saved today's slice to composer_allocations_kei186_2026-07-12.json
[2026-07-12T19:31:07]   Updated stable file: composer_allocations_kei186.json
[2026-07-12T19:31:07]   Wrote 12 rows for 2026-07-12 to composer_allocations_kei186.csv (kept 413 prior rows, source=symphony-stats-meta)
[2026-07-12T19:31:07] Generated dashboard -> index_kei186.html (value=$2,091.46, days=39)
[2026-07-12T19:31:07] --- BLEE - 187 2026 ALL in One For High Interest Period (BNwivIq0tIEyex2D10GM) ---
[2026-07-12T19:31:07]   WARN: symphony-stats-meta returned no positions for BNwivIq0tIEyex2D10GM (check 2026-07-12 JSON to verify the id matches one in the response)
[2026-07-12T19:31:07]   ERROR: no positions found for BNwivIq0tIEyex2D10GM; skipping CSV/HTML for this symphony
[2026-07-12T19:31:07] --- BLEE 186 - 40% Max down 5.8% Fighting for Direction SDOW/TQQQ UDOW/SQQQ (gHJn5DKfpQ6g6VGXHOQO) ---
[2026-07-12T19:31:07]   WARN: symphony-stats-meta returned no positions for gHJn5DKfpQ6g6VGXHOQO (check 2026-07-12 JSON to verify the id matches one in the response)
[2026-07-12T19:31:07]   ERROR: no positions found for gHJn5DKfpQ6g6VGXHOQO; skipping CSV/HTML for this symphony
[2026-07-12T19:31:07] --- BLEE 186 - 65% Max down 12.6% Fighting for Direction Max SDOW/TQQQ UDOW/SQQQ (onbkd6V1mHyOAFsWWSlJ) ---
[2026-07-12T19:31:07]   Got 14 positions from symphony-stats-meta
[2026-07-12T19:31:07]   RSI override: DISABLED (symphony handles its own rotation)
[2026-07-12T19:31:08]   Saved today's slice to composer_allocations_186fd65_2026-07-12.json
[2026-07-12T19:31:08]   Updated stable file: composer_allocations_186fd65.json
[2026-07-12T19:31:08]   Wrote 14 rows for 2026-07-12 to composer_allocations_186fd65.csv (kept 26 prior rows, source=symphony-stats-meta)
[2026-07-12T19:31:08] Generated dashboard -> index_186fd65.html (value=$4,203.57, days=3)
[2026-07-12T19:31:08] Published signal_latest.json (3 positions, date=2026-06-10)
[2026-07-12T19:31:08] Regenerated CurrentWatchSymphony.html (3 symphonies)
[2026-07-12T19:31:08] === Done ===
[2026-07-12T19:31:18] Stamped last-updated (07/12/2026 07:31 PM ET) into index.html
[2026-07-12T19:31:18] Stamped last-updated (07/12/2026 07:31 PM ET) into performance1.html
[2026-07-12T19:31:18] Stamped last-updated (07/12/2026 07:31 PM ET) into Algorithm185History.html
[2026-07-12T19:31:18] --- Pushing updates to GitHub ---
[2026-07-12T19:31:18]   $ git -C "C:\Kei\ComposerInvest" add .
[2026-07-12T19:31:20]   $ git -C "C:\Kei\ComposerInvest" commit -m "daily auto update 2026-07-12"
[2026-07-12T19:31:21]   $ git -C "C:\Kei\ComposerInvest" push
[2026-07-12T19:31:27] GitHub push successful.
[2026-07-13T15:51:01] archive: === Archive started ===
[2026-07-13T15:51:01] archive:   Archived -> marketForecast_2026-07-13.html
[2026-07-13T15:51:01] archive:   Archived -> dailySignal_2026-07-13.html
[2026-07-13T15:51:01] archive:   SKIP (not found): index_186main.html
[2026-07-13T15:51:01] archive:   Archived -> signal185_2026-07-13.html
[2026-07-13T15:51:01] archive:   Archived -> signalKei186_2026-07-13.html
[2026-07-13T15:51:01] archive:   Archived -> signal187hi_2026-07-13.html
[2026-07-13T15:51:01] archive: Rebuilt BackLog/index.html � 55 dates, 106 files
[2026-07-13T15:51:01] archive: === Archive complete ===
[2026-07-13T15:51:02] === Composer daily allocation pull ===
[2026-07-13T15:51:02] Configured symphonies: ['WgHFDD7PsDJYTw3ZCvZx', 'jtQvlI5wINrxpOfxgmgl', 'qjmHJ3IR19kmaAlbgkNj', 'ZGersOlsQFRHg7U2qnSw', 'g7WBkfIc6UWUWC6NiAdu', 'BNwivIq0tIEyex2D10GM', 'gHJn5DKfpQ6g6VGXHOQO', 'onbkd6V1mHyOAFsWWSlJ']
[2026-07-13T15:51:02] No account_uuid in config; discovering via /accounts/list...
[2026-07-13T15:51:03]   account: uuid=b0d61a36-f329-4226-9d82-4494deaee5f5  {"first_deploy_at": "2023-12-29T14:13:04.640912Z", "account_type": "ROTH_IRA", "first_incoming_acats_transfer_at": null, "first_direct_trade_at": null, "direct_tradable_asset_classes": {"buy": [], "sell": []}, "has_queued_deploy": true, "fi
[2026-07-13T15:51:03]   account: uuid=ab37a3ba-4df7-4d20-b239-6ba1b13d159a  {"first_deploy_at": null, "account_type": "TRADITIONAL_IRA", "first_incoming_acats_transfer_at": null, "first_direct_trade_at": null, "direct_tradable_asset_classes": {"buy": [], "sell": []}, "has_queued_deploy": false, "first_deposit_at": 
[2026-07-13T15:51:03]   account: uuid=5faa30f0-1913-43f2-9d0d-63aa6394e07c  {"first_deploy_at": "2023-05-18T19:48:28.886816Z", "account_type": "INDIVIDUAL", "first_incoming_acats_transfer_at": null, "first_direct_trade_at": "2025-07-22T15:01:44.425605Z", "direct_tradable_asset_classes": {"buy": ["EQUITIES"], "sell"
[2026-07-13T15:51:03] Matched account_number 171091982 -> 5faa30f0-1913-43f2-9d0d-63aa6394e07c
[2026-07-13T15:51:03] Matched account_number 4CM05765 -> b0d61a36-f329-4226-9d82-4494deaee5f5
[2026-07-13T15:51:03] Pulling from 2 account(s): ['5faa30f0-1913-43f2-9d0d-63aa6394e07c', 'b0d61a36-f329-4226-9d82-4494deaee5f5']
[2026-07-13T15:51:03] Fetching per-symphony stats from /portfolio/.../symphony-stats-meta...
[2026-07-13T15:51:03] GET /api/v0.1/portfolio/accounts/5faa30f0-1913-43f2-9d0d-63aa6394e07c/symphony-stats-meta
[2026-07-13T15:51:05] GET /api/v0.1/portfolio/accounts/b0d61a36-f329-4226-9d82-4494deaee5f5/symphony-stats-meta
[2026-07-13T15:51:06] Saved merged symphony-stats (8 symphonies) to composer_symphony_stats_2026-07-13.json
[2026-07-13T15:51:06] True Composer account total (all symphonies): $6,871.96
[2026-07-13T15:51:06] --- BLEE - 186 2026 ALL in One 57% Max-Down SGOV Bond (WgHFDD7PsDJYTw3ZCvZx) ---
[2026-07-13T15:51:06]   WARN: symphony-stats-meta returned no positions for WgHFDD7PsDJYTw3ZCvZx (check 2026-07-13 JSON to verify the id matches one in the response)
[2026-07-13T15:51:06]   ERROR: no positions found for WgHFDD7PsDJYTw3ZCvZx; skipping CSV/HTML for this symphony
[2026-07-13T15:51:06] --- BLEE - 186 2026 ALL in One (jtQvlI5wINrxpOfxgmgl) ---
[2026-07-13T15:51:06]   WARN: symphony-stats-meta returned no positions for jtQvlI5wINrxpOfxgmgl (check 2026-07-13 JSON to verify the id matches one in the response)
[2026-07-13T15:51:06]   ERROR: no positions found for jtQvlI5wINrxpOfxgmgl; skipping CSV/HTML for this symphony
[2026-07-13T15:51:06] --- BLEE - 187 2026 SGOV Bond 20% Yield and Min Dual Reversal (qjmHJ3IR19kmaAlbgkNj) ---
[2026-07-13T15:51:06]   WARN: symphony-stats-meta returned no positions for qjmHJ3IR19kmaAlbgkNj (check 2026-07-13 JSON to verify the id matches one in the response)
[2026-07-13T15:51:06]   ERROR: no positions found for qjmHJ3IR19kmaAlbgkNj; skipping CSV/HTML for this symphony
[2026-07-13T15:51:06] --- BLEE - 185 2026 SGOV and Dual Reversal (ZGersOlsQFRHg7U2qnSw) ---
[2026-07-13T15:51:06]   Got 4 positions from symphony-stats-meta
[2026-07-13T15:51:06]   RSI override: DISABLED (symphony handles its own rotation)
[2026-07-13T15:51:06]   Saved today's slice to composer_allocations_185v2_2026-07-13.json
[2026-07-13T15:51:06]   Updated stable file: composer_allocations_185.json
[2026-07-13T15:51:06]   Wrote 4 rows for 2026-07-13 to composer_allocations_185v2.csv (kept 152 prior rows, source=symphony-stats-meta)
[2026-07-13T15:51:06] Generated dashboard -> index_185v2.html (value=$892.23, days=39)
[2026-07-13T15:51:06]   Prepended 2026-07-13 row to composer_allocations_185_3yr2.csv
[2026-07-13T15:51:06]   Prepended 2026-07-13 row to Algorithm185History.html ALLOC_DATA
[2026-07-13T15:51:06] --- BLEE A - 186 Part 1 Kei 90% NVDA (g7WBkfIc6UWUWC6NiAdu) ---
[2026-07-13T15:51:06]   Got 13 positions from symphony-stats-meta
[2026-07-13T15:51:06]   RSI override: DISABLED (symphony handles its own rotation)
[2026-07-13T15:51:06]   Saved today's slice to composer_allocations_kei186_2026-07-13.json
[2026-07-13T15:51:06]   Updated stable file: composer_allocations_kei186.json
[2026-07-13T15:51:06]   Wrote 13 rows for 2026-07-13 to composer_allocations_kei186.csv (kept 425 prior rows, source=symphony-stats-meta)
[2026-07-13T15:51:06] Generated dashboard -> index_kei186.html (value=$1,030.64, days=40)
[2026-07-13T15:51:06] --- BLEE - 187 2026 ALL in One For High Interest Period (BNwivIq0tIEyex2D10GM) ---
[2026-07-13T15:51:06]   WARN: symphony-stats-meta returned no positions for BNwivIq0tIEyex2D10GM (check 2026-07-13 JSON to verify the id matches one in the response)
[2026-07-13T15:51:06]   ERROR: no positions found for BNwivIq0tIEyex2D10GM; skipping CSV/HTML for this symphony
[2026-07-13T15:51:06] --- BLEE 186 - 40% Max down 5.8% Fighting for Direction SDOW/TQQQ UDOW/SQQQ (gHJn5DKfpQ6g6VGXHOQO) ---
[2026-07-13T15:51:06]   WARN: symphony-stats-meta returned no positions for gHJn5DKfpQ6g6VGXHOQO (check 2026-07-13 JSON to verify the id matches one in the response)
[2026-07-13T15:51:06]   ERROR: no positions found for gHJn5DKfpQ6g6VGXHOQO; skipping CSV/HTML for this symphony
[2026-07-13T15:51:06] --- BLEE 186 - 65% Max down 12.6% Fighting for Direction Max SDOW/TQQQ UDOW/SQQQ (onbkd6V1mHyOAFsWWSlJ) ---
[2026-07-13T15:51:06]   WARN: symphony-stats-meta returned no positions for onbkd6V1mHyOAFsWWSlJ (check 2026-07-13 JSON to verify the id matches one in the response)
[2026-07-13T15:51:06]   ERROR: no positions found for onbkd6V1mHyOAFsWWSlJ; skipping CSV/HTML for this symphony
[2026-07-13T15:51:06] Published signal_latest.json (3 positions, date=2026-06-10)
[2026-07-13T15:51:06] Regenerated CurrentWatchSymphony.html (2 symphonies)
[2026-07-13T15:51:06] === Done ===
[2026-07-13T15:51:13] Stamped last-updated (07/13/2026 03:51 PM ET) into index.html
[2026-07-13T15:51:13] Stamped last-updated (07/13/2026 03:51 PM ET) into performance1.html
[2026-07-13T15:51:13] Stamped last-updated (07/13/2026 03:51 PM ET) into Algorithm185History.html
[2026-07-13T15:51:13] --- Pushing updates to GitHub ---
[2026-07-13T15:51:13]   $ git -C "C:\Kei\ComposerInvest" add .
[2026-07-13T15:51:14]   $ git -C "C:\Kei\ComposerInvest" commit -m "daily auto update 2026-07-13"
[2026-07-13T15:51:14]   $ git -C "C:\Kei\ComposerInvest" push
[2026-07-13T15:51:20] GitHub push successful.
[2026-07-13T15:53:01] market_report: === Market report generation started ===
[2026-07-13T15:53:01] market_report: Loaded 21 ETF points from Index_50_point.csv
[2026-07-13T15:53:01] market_report: Loaded 18 ETF allocations from composer_allocations_187hi.json (BLEE - 187 2026 ALL in One For High Interest Period)
[2026-07-13T15:53:05] market_report:   RSI-14 fetched: 53.48 (SPY close=749.27)
[2026-07-13T15:53:05] market_report:   RSI signal: Mildly Overbought — slight bear lean (10d avg=55.15, adj=-5, new score=+6.06)
[2026-07-13T15:53:05] market_report:   RSI override not triggered: Today RSI 53.5 ≤ 76.0 — override not triggered
[2026-07-13T15:53:05] market_report: Composite score: +6.06 -> Mostly Cloudy
[2026-07-13T15:53:06] market_report:   RSS WSJ: 20 items fetched
[2026-07-13T15:53:06] market_report:   Selected [WSJ] topic=EQUITY: Stocks Sink in Broad AI Rout Sparked by China's DeepSeek
[2026-07-13T15:53:07] market_report:   RSS Yahoo Finance: 50 items fetched
[2026-07-13T15:53:07] market_report:   Selected [Yahoo Finance] topic=OTHER: Borderlands Mexico: Toyota bets big on Texas, moves Tacoma line to San
[2026-07-13T15:53:09] market_report:   RSS fetch failed (Barron's): HTTP Error 403: Forbidden
[2026-07-13T15:53:09] market_report:   Barron's: RSS unavailable, using hardcoded fallback
[2026-07-13T15:53:09] market_report:   Selected [Barron's] topic=MACRO: Trade Winds: Tariff Developments Continue to Reshape Global Supply Cha
[2026-07-13T15:53:09] market_report: Fetched 3 news items
[2026-07-13T15:53:09] market_report: Updated marketDailySummary.html with score=+6.06 (Mostly Cloudy)
[2026-07-13T15:53:09] market_report: Stamped last-updated (07/13/2026 03:53 PM ET) into index.html
[2026-07-13T15:53:09] market_report: Stamped last-updated (07/13/2026 03:53 PM ET) into performance1.html
[2026-07-13T15:53:09] market_report: Stamped last-updated (07/13/2026 03:53 PM ET) into Algorithm185History.html
[2026-07-13T15:53:09] market_report: === Market report generation complete ===
[2026-07-14T00:28:46] === Composer daily allocation pull ===
[2026-07-14T00:28:46] Configured symphonies: ['WgHFDD7PsDJYTw3ZCvZx', 'jtQvlI5wINrxpOfxgmgl', 'qjmHJ3IR19kmaAlbgkNj', 'ZGersOlsQFRHg7U2qnSw', 'g7WBkfIc6UWUWC6NiAdu', 'BNwivIq0tIEyex2D10GM', 'gHJn5DKfpQ6g6VGXHOQO', 'onbkd6V1mHyOAFsWWSlJ']
[2026-07-14T00:28:46] No account_uuid in config; discovering via /accounts/list...
[2026-07-14T00:28:47]   account: uuid=b0d61a36-f329-4226-9d82-4494deaee5f5  {"first_deploy_at": "2023-12-29T14:13:04.640912Z", "account_type": "ROTH_IRA", "first_incoming_acats_transfer_at": null, "first_direct_trade_at": null, "direct_tradable_asset_classes": {"buy": [], "sell": []}, "has_queued_deploy": true, "fi
[2026-07-14T00:28:47]   account: uuid=ab37a3ba-4df7-4d20-b239-6ba1b13d159a  {"first_deploy_at": null, "account_type": "TRADITIONAL_IRA", "first_incoming_acats_transfer_at": null, "first_direct_trade_at": null, "direct_tradable_asset_classes": {"buy": [], "sell": []}, "has_queued_deploy": false, "first_deposit_at": 
[2026-07-14T00:28:47]   account: uuid=5faa30f0-1913-43f2-9d0d-63aa6394e07c  {"first_deploy_at": "2023-05-18T19:48:28.886816Z", "account_type": "INDIVIDUAL", "first_incoming_acats_transfer_at": null, "first_direct_trade_at": "2025-07-22T15:01:44.425605Z", "direct_tradable_asset_classes": {"buy": ["EQUITIES"], "sell"
[2026-07-14T00:28:47] Matched account_number 171091982 -> 5faa30f0-1913-43f2-9d0d-63aa6394e07c
[2026-07-14T00:28:47] Matched account_number 4CM05765 -> b0d61a36-f329-4226-9d82-4494deaee5f5
[2026-07-14T00:28:47] Pulling from 2 account(s): ['5faa30f0-1913-43f2-9d0d-63aa6394e07c', 'b0d61a36-f329-4226-9d82-4494deaee5f5']
[2026-07-14T00:28:47] Fetching per-symphony stats from /portfolio/.../symphony-stats-meta...
[2026-07-14T00:28:47] GET /api/v0.1/portfolio/accounts/5faa30f0-1913-43f2-9d0d-63aa6394e07c/symphony-stats-meta
[2026-07-14T00:28:49] GET /api/v0.1/portfolio/accounts/b0d61a36-f329-4226-9d82-4494deaee5f5/symphony-stats-meta
[2026-07-14T00:28:51] Saved merged symphony-stats (9 symphonies) to composer_symphony_stats_2026-07-14.json
[2026-07-14T00:28:51] True Composer account total (all symphonies): $254,313.09
[2026-07-14T00:28:51] --- BLEE - 186 2026 ALL in One 57% Max-Down SGOV Bond (WgHFDD7PsDJYTw3ZCvZx) ---
[2026-07-14T00:28:51]   WARN: symphony-stats-meta returned no positions for WgHFDD7PsDJYTw3ZCvZx (check 2026-07-14 JSON to verify the id matches one in the response)
[2026-07-14T00:28:51]   ERROR: no positions found for WgHFDD7PsDJYTw3ZCvZx; skipping CSV/HTML for this symphony
[2026-07-14T00:28:51] --- BLEE - 186 2026 ALL in One (jtQvlI5wINrxpOfxgmgl) ---
[2026-07-14T00:28:51]   WARN: symphony-stats-meta returned no positions for jtQvlI5wINrxpOfxgmgl (check 2026-07-14 JSON to verify the id matches one in the response)
[2026-07-14T00:28:51]   ERROR: no positions found for jtQvlI5wINrxpOfxgmgl; skipping CSV/HTML for this symphony
[2026-07-14T00:28:51] --- BLEE - 187 2026 SGOV Bond 20% Yield and Min Dual Reversal (qjmHJ3IR19kmaAlbgkNj) ---
[2026-07-14T00:28:51]   WARN: symphony-stats-meta returned no positions for qjmHJ3IR19kmaAlbgkNj (check 2026-07-14 JSON to verify the id matches one in the response)
[2026-07-14T00:28:51]   ERROR: no positions found for qjmHJ3IR19kmaAlbgkNj; skipping CSV/HTML for this symphony
[2026-07-14T00:28:51] --- BLEE - 185 2026 SGOV and Dual Reversal (ZGersOlsQFRHg7U2qnSw) ---
[2026-07-14T00:28:51]   Got 4 positions from symphony-stats-meta
[2026-07-14T00:28:51]   RSI override: DISABLED (symphony handles its own rotation)
[2026-07-14T00:28:51]   Saved today's slice to composer_allocations_185v2_2026-07-14.json
[2026-07-14T00:28:51]   Updated stable file: composer_allocations_185.json
[2026-07-14T00:28:51]   Wrote 4 rows for 2026-07-14 to composer_allocations_185v2.csv (kept 156 prior rows, source=symphony-stats-meta)
[2026-07-14T00:28:51] Generated dashboard -> index_185v2.html (value=$892.47, days=40)
[2026-07-14T00:28:51]   Prepended 2026-07-14 row to composer_allocations_185_3yr2.csv
[2026-07-14T00:28:51]   Prepended 2026-07-14 row to Algorithm185History.html ALLOC_DATA
[2026-07-14T00:28:51] --- BLEE A - 186 Part 1 Kei 90% NVDA (g7WBkfIc6UWUWC6NiAdu) ---
[2026-07-14T00:28:51]   Got 10 positions from symphony-stats-meta
[2026-07-14T00:28:51]   RSI override: DISABLED (symphony handles its own rotation)
[2026-07-14T00:28:51]   Saved today's slice to composer_allocations_kei186_2026-07-14.json
[2026-07-14T00:28:51]   Updated stable file: composer_allocations_kei186.json
[2026-07-14T00:28:51]   Wrote 10 rows for 2026-07-14 to composer_allocations_kei186.csv (kept 438 prior rows, source=symphony-stats-meta)
[2026-07-14T00:28:51] Generated dashboard -> index_kei186.html (value=$1,030.73, days=41)
[2026-07-14T00:28:51] --- BLEE - 187 2026 ALL in One For High Interest Period (BNwivIq0tIEyex2D10GM) ---
[2026-07-14T00:28:51]   WARN: symphony-stats-meta returned no positions for BNwivIq0tIEyex2D10GM (check 2026-07-14 JSON to verify the id matches one in the response)
[2026-07-14T00:28:51]   ERROR: no positions found for BNwivIq0tIEyex2D10GM; skipping CSV/HTML for this symphony
[2026-07-14T00:28:51] --- BLEE 186 - 40% Max down 5.8% Fighting for Direction SDOW/TQQQ UDOW/SQQQ (gHJn5DKfpQ6g6VGXHOQO) ---
[2026-07-14T00:28:51]   WARN: symphony-stats-meta returned no positions for gHJn5DKfpQ6g6VGXHOQO (check 2026-07-14 JSON to verify the id matches one in the response)
[2026-07-14T00:28:51]   ERROR: no positions found for gHJn5DKfpQ6g6VGXHOQO; skipping CSV/HTML for this symphony
[2026-07-14T00:28:51] --- BLEE 186 - 65% Max down 12.6% Fighting for Direction Max SDOW/TQQQ UDOW/SQQQ (onbkd6V1mHyOAFsWWSlJ) ---
[2026-07-14T00:28:51]   WARN: symphony-stats-meta returned no positions for onbkd6V1mHyOAFsWWSlJ (check 2026-07-14 JSON to verify the id matches one in the response)
[2026-07-14T00:28:51]   ERROR: no positions found for onbkd6V1mHyOAFsWWSlJ; skipping CSV/HTML for this symphony
[2026-07-14T00:28:51] Published signal_latest.json (3 positions, date=2026-06-10)
[2026-07-14T00:28:51]   Auto-included symphony TfiUABT4dGaX6KDFGfXv (BLEE 187 - Ave 55% MaxDown 10% Fighting for Direction Max like June, July, August SDOW/TQQQ, UDOW/SQQQ) -> composer_allocations_auto_TfiUABT4dGaX6KDFGfXv.json
[2026-07-14T00:28:51]   Auto-included symphony gICliANou8gaLs6mjgha (BLEE 186 - 40% Max down 5.8% Fighting for direction like June, July, August SDOW/TQQQ, UDOW/SQQQ (Buy Copy)) -> composer_allocations_auto_gICliANou8gaLs6mjgha.json
[2026-07-14T00:28:51]   Auto-included symphony ODpyX0yk0nQFd5KpmxkS (BLEE 187 - Mighty 45.6% Max down 8.5% Fighting for Direction June, July, August SDOW/TQQQ, UDOW/SQQQ 5% GOLD ) -> composer_allocations_auto_ODpyX0yk0nQFd5KpmxkS.json
[2026-07-14T00:28:51]   Auto-included symphony uP4EOQmkexROiO18SaiN (BLEE - 185 2026 SGOV Bond 20% Yield (Rate high yeild year only over 4%) and Min Dual Reversal ) -> composer_allocations_auto_uP4EOQmkexROiO18SaiN.json
[2026-07-14T00:28:51]   Auto-included symphony 7GJZdYouz3l3acrmUPOD (BLEE - 186 2026 ALL in One 57% ave-7.8% Max-Down SGOV Bond (Rate high yeild year only over 4%)  (Buy Copy) (Buy Copy) (Buy Copy) (Buy Copy)) -> composer_allocations_auto_7GJZdYouz3l3acrmUPOD.json
[2026-07-14T00:28:51]   Auto-included symphony WFgywuUjhvmhGDXL8Lk7 (BLEE 186 - 40% Max down 5.8% Fighting for direction like June, July, August SDOW/TQQQ, UDOW/SQQQ (Buy Copy)) -> composer_allocations_auto_WFgywuUjhvmhGDXL8Lk7.json
[2026-07-14T00:28:51]   Auto-included symphony GMNP4EySQOi6pVw3ZzLb (BLEE 187 - Mighty 45.6% Max down 8.5% Fighting for Direction June, July, August SDOW/TQQQ, UDOW/SQQQ 5% GOLD) -> composer_allocations_auto_GMNP4EySQOi6pVw3ZzLb.json
[2026-07-14T00:28:51] Regenerated CurrentWatchSymphony.html (9 symphonies)
[2026-07-14T00:28:51] === Done ===
[2026-07-14T00:28:56] Stamped last-updated (07/14/2026 12:28 AM ET) into index.html
[2026-07-14T00:28:56] Stamped last-updated (07/14/2026 12:28 AM ET) into performance1.html
[2026-07-14T00:28:56] Stamped last-updated (07/14/2026 12:28 AM ET) into Algorithm185History.html
[2026-07-14T00:28:56] --- Pushing updates to GitHub ---
[2026-07-14T00:28:56]   $ git -C "C:\Kei\ComposerInvest" add .
[2026-07-14T00:28:57]   $ git -C "C:\Kei\ComposerInvest" commit -m "daily auto update 2026-07-14"
[2026-07-14T00:28:57]   $ git -C "C:\Kei\ComposerInvest" push
[2026-07-14T00:29:02] GitHub push successful.
[2026-07-14T20:36:35] archive: === Archive started ===
[2026-07-14T20:36:39] archive:   Archived -> marketForecast_2026-07-14.html
[2026-07-14T20:36:39] market_report: === Market report generation started ===
[2026-07-14T20:36:44] market_report: Loaded 21 ETF points from Index_50_point.csv
[2026-07-14T20:36:44] archive:   Archived -> dailySignal_2026-07-14.html
[2026-07-14T20:36:44] archive:   SKIP (not found): index_186main.html
[2026-07-14T20:36:44] market_report: Loaded 18 ETF allocations from composer_allocations_187hi.json (BLEE - 187 2026 ALL in One For High Interest Period)
[2026-07-14T20:36:44] archive:   Archived -> signal185_2026-07-14.html
[2026-07-14T20:36:44] archive:   Archived -> signalKei186_2026-07-14.html
[2026-07-14T20:36:45] archive:   Archived -> signal187hi_2026-07-14.html
[2026-07-14T20:36:52] archive: Rebuilt BackLog/index.html � 56 dates, 108 files
[2026-07-14T20:36:52] archive: === Archive complete ===
[2026-07-14T20:37:00] === Composer daily allocation pull ===
[2026-07-14T20:37:00] Configured symphonies: ['WgHFDD7PsDJYTw3ZCvZx', 'jtQvlI5wINrxpOfxgmgl', 'qjmHJ3IR19kmaAlbgkNj', 'ZGersOlsQFRHg7U2qnSw', 'g7WBkfIc6UWUWC6NiAdu', 'BNwivIq0tIEyex2D10GM', 'gHJn5DKfpQ6g6VGXHOQO', 'onbkd6V1mHyOAFsWWSlJ']
[2026-07-14T20:37:00] No account_uuid in config; discovering via /accounts/list...
[2026-07-14T20:37:01]   account: uuid=b0d61a36-f329-4226-9d82-4494deaee5f5  {"first_deploy_at": "2023-12-29T14:13:04.640912Z", "account_type": "ROTH_IRA", "first_incoming_acats_transfer_at": null, "first_direct_trade_at": null, "direct_tradable_asset_classes": {"buy": [], "sell": []}, "has_queued_deploy": false, "f
[2026-07-14T20:37:02]   account: uuid=ab37a3ba-4df7-4d20-b239-6ba1b13d159a  {"first_deploy_at": null, "account_type": "TRADITIONAL_IRA", "first_incoming_acats_transfer_at": null, "first_direct_trade_at": null, "direct_tradable_asset_classes": {"buy": [], "sell": []}, "has_queued_deploy": false, "first_deposit_at": 
[2026-07-14T20:37:02]   account: uuid=5faa30f0-1913-43f2-9d0d-63aa6394e07c  {"first_deploy_at": "2023-05-18T19:48:28.886816Z", "account_type": "INDIVIDUAL", "first_incoming_acats_transfer_at": null, "first_direct_trade_at": "2025-07-22T15:01:44.425605Z", "direct_tradable_asset_classes": {"buy": ["EQUITIES"], "sell"
[2026-07-14T20:37:02] Matched account_number 171091982 -> 5faa30f0-1913-43f2-9d0d-63aa6394e07c
[2026-07-14T20:37:02] Matched account_number 4CM05765 -> b0d61a36-f329-4226-9d82-4494deaee5f5
[2026-07-14T20:37:02] Pulling from 2 account(s): ['5faa30f0-1913-43f2-9d0d-63aa6394e07c', 'b0d61a36-f329-4226-9d82-4494deaee5f5']
[2026-07-14T20:37:02] Fetching per-symphony stats from /portfolio/.../symphony-stats-meta...
[2026-07-14T20:37:02] GET /api/v0.1/portfolio/accounts/5faa30f0-1913-43f2-9d0d-63aa6394e07c/symphony-stats-meta
[2026-07-14T20:37:03] GET /api/v0.1/portfolio/accounts/b0d61a36-f329-4226-9d82-4494deaee5f5/symphony-stats-meta
[2026-07-14T20:37:05] Saved merged symphony-stats (10 symphonies) to composer_symphony_stats_2026-07-14.json
[2026-07-14T20:37:05] True Composer account total (all symphonies): $260,219.16
[2026-07-14T20:37:05] --- BLEE - 186 2026 ALL in One 57% Max-Down SGOV Bond (WgHFDD7PsDJYTw3ZCvZx) ---
[2026-07-14T20:37:05]   WARN: symphony-stats-meta returned no positions for WgHFDD7PsDJYTw3ZCvZx (check 2026-07-14 JSON to verify the id matches one in the response)
[2026-07-14T20:37:05]   ERROR: no positions found for WgHFDD7PsDJYTw3ZCvZx; skipping CSV/HTML for this symphony
[2026-07-14T20:37:05] --- BLEE - 186 2026 ALL in One (jtQvlI5wINrxpOfxgmgl) ---
[2026-07-14T20:37:05]   WARN: symphony-stats-meta returned no positions for jtQvlI5wINrxpOfxgmgl (check 2026-07-14 JSON to verify the id matches one in the response)
[2026-07-14T20:37:05]   ERROR: no positions found for jtQvlI5wINrxpOfxgmgl; skipping CSV/HTML for this symphony
[2026-07-14T20:37:05] --- BLEE - 187 2026 SGOV Bond 20% Yield and Min Dual Reversal (qjmHJ3IR19kmaAlbgkNj) ---
[2026-07-14T20:37:05]   WARN: symphony-stats-meta returned no positions for qjmHJ3IR19kmaAlbgkNj (check 2026-07-14 JSON to verify the id matches one in the response)
[2026-07-14T20:37:05]   ERROR: no positions found for qjmHJ3IR19kmaAlbgkNj; skipping CSV/HTML for this symphony
[2026-07-14T20:37:05] --- BLEE - 185 2026 SGOV and Dual Reversal (ZGersOlsQFRHg7U2qnSw) ---
[2026-07-14T20:37:05]   Got 7 positions from symphony-stats-meta
[2026-07-14T20:37:05]   RSI override: DISABLED (symphony handles its own rotation)
[2026-07-14T20:37:05]   Saved today's slice to composer_allocations_185v2_2026-07-14.json
[2026-07-14T20:37:05]   Updated stable file: composer_allocations_185.json
[2026-07-14T20:37:05]   Wrote 7 rows for 2026-07-14 to composer_allocations_185v2.csv (kept 156 prior rows, source=symphony-stats-meta)
[2026-07-14T20:37:07] Generated dashboard -> index_185v2.html (value=$4,900.09, days=40)
[2026-07-14T20:37:07]   Updated 2026-07-14 row in composer_allocations_185_3yr2.csv
[2026-07-14T20:37:08]   Updated today's row in Algorithm185History.html
[2026-07-14T20:37:08] --- BLEE A - 186 Part 1 Kei 90% NVDA (g7WBkfIc6UWUWC6NiAdu) ---
[2026-07-14T20:37:08]   Got 13 positions from symphony-stats-meta
[2026-07-14T20:37:08]   RSI override: DISABLED (symphony handles its own rotation)
[2026-07-14T20:37:08]   Saved today's slice to composer_allocations_kei186_2026-07-14.json
[2026-07-14T20:37:08]   Updated stable file: composer_allocations_kei186.json
[2026-07-14T20:37:08]   Wrote 13 rows for 2026-07-14 to composer_allocations_kei186.csv (kept 438 prior rows, source=symphony-stats-meta)
[2026-07-14T20:37:09] Generated dashboard -> index_kei186.html (value=$1,025.73, days=41)
[2026-07-14T20:37:09] --- BLEE - 187 2026 ALL in One For High Interest Period (BNwivIq0tIEyex2D10GM) ---
[2026-07-14T20:37:09]   WARN: symphony-stats-meta returned no positions for BNwivIq0tIEyex2D10GM (check 2026-07-14 JSON to verify the id matches one in the response)
[2026-07-14T20:37:09]   ERROR: no positions found for BNwivIq0tIEyex2D10GM; skipping CSV/HTML for this symphony
[2026-07-14T20:37:09] --- BLEE 186 - 40% Max down 5.8% Fighting for Direction SDOW/TQQQ UDOW/SQQQ (gHJn5DKfpQ6g6VGXHOQO) ---
[2026-07-14T20:37:09]   WARN: symphony-stats-meta returned no positions for gHJn5DKfpQ6g6VGXHOQO (check 2026-07-14 JSON to verify the id matches one in the response)
[2026-07-14T20:37:09]   ERROR: no positions found for gHJn5DKfpQ6g6VGXHOQO; skipping CSV/HTML for this symphony
[2026-07-14T20:37:09] --- BLEE 186 - 65% Max down 12.6% Fighting for Direction Max SDOW/TQQQ UDOW/SQQQ (onbkd6V1mHyOAFsWWSlJ) ---
[2026-07-14T20:37:09]   WARN: symphony-stats-meta returned no positions for onbkd6V1mHyOAFsWWSlJ (check 2026-07-14 JSON to verify the id matches one in the response)
[2026-07-14T20:37:09]   ERROR: no positions found for onbkd6V1mHyOAFsWWSlJ; skipping CSV/HTML for this symphony
[2026-07-14T20:37:09] Published signal_latest.json (3 positions, date=2026-06-10)
[2026-07-14T20:37:09]   Auto-included symphony TfiUABT4dGaX6KDFGfXv (BLEE 187 - Ave 55% MaxDown 10% Fighting for Direction Max like June, July, August SDOW/TQQQ, UDOW/SQQQ) -> composer_allocations_auto_TfiUABT4dGaX6KDFGfXv.json
[2026-07-14T20:37:09]   Auto-included symphony gICliANou8gaLs6mjgha (BLEE 186 - 40% Max down 5.8% Fighting for direction like June, July, August SDOW/TQQQ, UDOW/SQQQ (Buy Copy)) -> composer_allocations_auto_gICliANou8gaLs6mjgha.json
[2026-07-14T20:37:09]   Auto-included symphony ODpyX0yk0nQFd5KpmxkS (BLEE 187 - Mighty 45.6% Max down 8.5% Fighting for Direction June, July, August SDOW/TQQQ, UDOW/SQQQ 5% GOLD ) -> composer_allocations_auto_ODpyX0yk0nQFd5KpmxkS.json
[2026-07-14T20:37:09]   Auto-included symphony uP4EOQmkexROiO18SaiN (BLEE - 185 2026 SGOV Bond 20% Yield (Rate high yeild year only over 4%) and Min Dual Reversal ) -> composer_allocations_auto_uP4EOQmkexROiO18SaiN.json
[2026-07-14T20:37:09]   Auto-included symphony 7GJZdYouz3l3acrmUPOD (BLEE - 186 2026 ALL in One 57% ave-7.8% Max-Down SGOV Bond (Rate high yeild year only over 4%)  (Buy Copy) (Buy Copy) (Buy Copy) (Buy Copy)) -> composer_allocations_auto_7GJZdYouz3l3acrmUPOD.json
[2026-07-14T20:37:09]   Auto-included symphony WFgywuUjhvmhGDXL8Lk7 (BLEE 186 - 40% Max down 5.8% Fighting for direction like June, July, August SDOW/TQQQ, UDOW/SQQQ (Buy Copy)) -> composer_allocations_auto_WFgywuUjhvmhGDXL8Lk7.json
[2026-07-14T20:37:09]   Auto-included symphony GMNP4EySQOi6pVw3ZzLb (BLEE 187 - Mighty 45.6% Max down 8.5% Fighting for Direction June, July, August SDOW/TQQQ, UDOW/SQQQ 5% GOLD) -> composer_allocations_auto_GMNP4EySQOi6pVw3ZzLb.json
[2026-07-14T20:37:09] Regenerated CurrentWatchSymphony.html (9 symphonies)
[2026-07-14T20:37:09] === Done ===
[2026-07-14T20:37:12] Stamped last-updated (07/14/2026 08:37 PM ET) into index.html
[2026-07-14T20:37:12] Stamped last-updated (07/14/2026 08:37 PM ET) into performance1.html
[2026-07-14T20:37:13] Stamped last-updated (07/14/2026 08:37 PM ET) into Algorithm185History.html
[2026-07-14T20:37:13] --- Pushing updates to GitHub ---
[2026-07-14T20:37:13]   $ git -C "C:\Kei\ComposerInvest" add .
[2026-07-14T20:37:36]   $ git -C "C:\Kei\ComposerInvest" commit -m "daily auto update 2026-07-14"
[2026-07-14T20:37:44]   $ git -C "C:\Kei\ComposerInvest" push
[2026-07-14T20:37:55] GitHub push successful.
[2026-07-14T20:38:02] market_report:   RSI-14 fetched: 56.44 (SPY close=751.83)
[2026-07-14T20:38:02] market_report:   RSI signal: Mildly Overbought — slight bear lean (10d avg=55.6, adj=-5, new score=+6.06)
[2026-07-14T20:38:02] market_report:   RSI override not triggered: Today RSI 56.4 ≤ 76.0 — override not triggered
[2026-07-14T20:38:02] market_report: Composite score: +6.06 -> Mostly Cloudy
[2026-07-14T20:38:04] market_report:   RSS WSJ: 20 items fetched
[2026-07-14T20:38:04] market_report:   Selected [WSJ] topic=EQUITY: Stocks Sink in Broad AI Rout Sparked by China's DeepSeek
[2026-07-14T20:38:05] market_report:   RSS Yahoo Finance: 44 items fetched
[2026-07-14T20:38:05] market_report:   Selected [Yahoo Finance] topic=OTHER: Target's problems aren't what you think they are
[2026-07-14T20:38:08] market_report:   RSS fetch failed (Barron's): HTTP Error 403: Forbidden
[2026-07-14T20:38:08] market_report:   Barron's: RSS unavailable, using hardcoded fallback
[2026-07-14T20:38:08] market_report:   Selected [Barron's] topic=MACRO: Trade Winds: Tariff Developments Continue to Reshape Global Supply Cha
[2026-07-14T20:38:08] market_report: Fetched 3 news items
[2026-07-14T20:38:08] market_report: Updated marketDailySummary.html with score=+6.06 (Mostly Cloudy)
[2026-07-14T20:38:08] market_report: Stamped last-updated (07/14/2026 08:38 PM ET) into index.html
[2026-07-14T20:38:08] market_report: Stamped last-updated (07/14/2026 08:38 PM ET) into performance1.html
[2026-07-14T20:38:08] market_report: Stamped last-updated (07/14/2026 08:38 PM ET) into Algorithm185History.html
[2026-07-14T20:38:08] market_report: === Market report generation complete ===
[2026-07-14T20:51:16] === Composer daily allocation pull ===
[2026-07-14T20:51:17] Configured symphonies: ['WgHFDD7PsDJYTw3ZCvZx', 'jtQvlI5wINrxpOfxgmgl', 'qjmHJ3IR19kmaAlbgkNj', 'ZGersOlsQFRHg7U2qnSw', 'g7WBkfIc6UWUWC6NiAdu', 'BNwivIq0tIEyex2D10GM', 'gHJn5DKfpQ6g6VGXHOQO', 'onbkd6V1mHyOAFsWWSlJ']
[2026-07-14T20:51:17] No account_uuid in config; discovering via /accounts/list...
[2026-07-14T20:51:18]   account: uuid=b0d61a36-f329-4226-9d82-4494deaee5f5  {"first_deploy_at": "2023-12-29T14:13:04.640912Z", "account_type": "ROTH_IRA", "first_incoming_acats_transfer_at": null, "first_direct_trade_at": null, "direct_tradable_asset_classes": {"buy": [], "sell": []}, "has_queued_deploy": false, "f
[2026-07-14T20:51:18]   account: uuid=ab37a3ba-4df7-4d20-b239-6ba1b13d159a  {"first_deploy_at": null, "account_type": "TRADITIONAL_IRA", "first_incoming_acats_transfer_at": null, "first_direct_trade_at": null, "direct_tradable_asset_classes": {"buy": [], "sell": []}, "has_queued_deploy": false, "first_deposit_at": 
[2026-07-14T20:51:18]   account: uuid=5faa30f0-1913-43f2-9d0d-63aa6394e07c  {"first_deploy_at": "2023-05-18T19:48:28.886816Z", "account_type": "INDIVIDUAL", "first_incoming_acats_transfer_at": null, "first_direct_trade_at": "2025-07-22T15:01:44.425605Z", "direct_tradable_asset_classes": {"buy": ["EQUITIES"], "sell"
[2026-07-14T20:51:18] Matched account_number 171091982 -> 5faa30f0-1913-43f2-9d0d-63aa6394e07c
[2026-07-14T20:51:18] Matched account_number 4CM05765 -> b0d61a36-f329-4226-9d82-4494deaee5f5
[2026-07-14T20:51:18] Pulling from 2 account(s): ['5faa30f0-1913-43f2-9d0d-63aa6394e07c', 'b0d61a36-f329-4226-9d82-4494deaee5f5']
[2026-07-14T20:51:18] Fetching per-symphony stats from /portfolio/.../symphony-stats-meta...
[2026-07-14T20:51:18] GET /api/v0.1/portfolio/accounts/5faa30f0-1913-43f2-9d0d-63aa6394e07c/symphony-stats-meta
[2026-07-14T20:51:20] GET /api/v0.1/portfolio/accounts/b0d61a36-f329-4226-9d82-4494deaee5f5/symphony-stats-meta
[2026-07-14T20:51:22] Saved merged symphony-stats (10 symphonies) to composer_symphony_stats_2026-07-14.json
[2026-07-14T20:51:22] True Composer account total (all symphonies): $260,219.16
[2026-07-14T20:51:22] --- BLEE - 186 2026 ALL in One 57% Max-Down SGOV Bond (WgHFDD7PsDJYTw3ZCvZx) ---
[2026-07-14T20:51:22]   WARN: symphony-stats-meta returned no positions for WgHFDD7PsDJYTw3ZCvZx (check 2026-07-14 JSON to verify the id matches one in the response)
[2026-07-14T20:51:22]   ERROR: no positions found for WgHFDD7PsDJYTw3ZCvZx; skipping CSV/HTML for this symphony
[2026-07-14T20:51:22] --- BLEE - 186 2026 ALL in One (jtQvlI5wINrxpOfxgmgl) ---
[2026-07-14T20:51:22]   WARN: symphony-stats-meta returned no positions for jtQvlI5wINrxpOfxgmgl (check 2026-07-14 JSON to verify the id matches one in the response)
[2026-07-14T20:51:22]   ERROR: no positions found for jtQvlI5wINrxpOfxgmgl; skipping CSV/HTML for this symphony
[2026-07-14T20:51:22] --- BLEE - 187 2026 SGOV Bond 20% Yield and Min Dual Reversal (qjmHJ3IR19kmaAlbgkNj) ---
[2026-07-14T20:51:22]   WARN: symphony-stats-meta returned no positions for qjmHJ3IR19kmaAlbgkNj (check 2026-07-14 JSON to verify the id matches one in the response)
[2026-07-14T20:51:22]   ERROR: no positions found for qjmHJ3IR19kmaAlbgkNj; skipping CSV/HTML for this symphony
[2026-07-14T20:51:22] --- BLEE - 185 2026 SGOV and Dual Reversal (ZGersOlsQFRHg7U2qnSw) ---
[2026-07-14T20:51:22]   Got 7 positions from symphony-stats-meta
[2026-07-14T20:51:22]   RSI override: DISABLED (symphony handles its own rotation)
[2026-07-14T20:51:22]   Saved today's slice to composer_allocations_185v2_2026-07-14.json
[2026-07-14T20:51:22]   Updated stable file: composer_allocations_185.json
[2026-07-14T20:51:22]   Wrote 7 rows for 2026-07-14 to composer_allocations_185v2.csv (kept 156 prior rows, source=symphony-stats-meta)
[2026-07-14T20:51:22] Generated dashboard -> index_185v2.html (value=$4,900.09, days=40)
[2026-07-14T20:51:22]   Updated 2026-07-14 row in composer_allocations_185_3yr2.csv
[2026-07-14T20:51:22]   Updated today's row in Algorithm185History.html
[2026-07-14T20:51:22] --- BLEE A - 186 Part 1 Kei 90% NVDA (g7WBkfIc6UWUWC6NiAdu) ---
[2026-07-14T20:51:22]   Got 13 positions from symphony-stats-meta
[2026-07-14T20:51:22]   RSI override: DISABLED (symphony handles its own rotation)
[2026-07-14T20:51:22]   Saved today's slice to composer_allocations_kei186_2026-07-14.json
[2026-07-14T20:51:22]   Updated stable file: composer_allocations_kei186.json
[2026-07-14T20:51:22]   Wrote 13 rows for 2026-07-14 to composer_allocations_kei186.csv (kept 438 prior rows, source=symphony-stats-meta)
[2026-07-14T20:51:22] Generated dashboard -> index_kei186.html (value=$1,025.73, days=41)
[2026-07-14T20:51:22] --- BLEE - 187 2026 ALL in One For High Interest Period (BNwivIq0tIEyex2D10GM) ---
[2026-07-14T20:51:22]   WARN: symphony-stats-meta returned no positions for BNwivIq0tIEyex2D10GM (check 2026-07-14 JSON to verify the id matches one in the response)
[2026-07-14T20:51:22]   ERROR: no positions found for BNwivIq0tIEyex2D10GM; skipping CSV/HTML for this symphony
[2026-07-14T20:51:22] --- BLEE 186 - 40% Max down 5.8% Fighting for Direction SDOW/TQQQ UDOW/SQQQ (gHJn5DKfpQ6g6VGXHOQO) ---
[2026-07-14T20:51:22]   WARN: symphony-stats-meta returned no positions for gHJn5DKfpQ6g6VGXHOQO (check 2026-07-14 JSON to verify the id matches one in the response)
[2026-07-14T20:51:22]   ERROR: no positions found for gHJn5DKfpQ6g6VGXHOQO; skipping CSV/HTML for this symphony
[2026-07-14T20:51:22] --- BLEE 186 - 65% Max down 12.6% Fighting for Direction Max SDOW/TQQQ UDOW/SQQQ (onbkd6V1mHyOAFsWWSlJ) ---
[2026-07-14T20:51:22]   WARN: symphony-stats-meta returned no positions for onbkd6V1mHyOAFsWWSlJ (check 2026-07-14 JSON to verify the id matches one in the response)
[2026-07-14T20:51:22]   ERROR: no positions found for onbkd6V1mHyOAFsWWSlJ; skipping CSV/HTML for this symphony
[2026-07-14T20:51:22] Published signal_latest.json (3 positions, date=2026-06-10)
[2026-07-14T20:51:22]   Auto-included symphony TfiUABT4dGaX6KDFGfXv (BLEE 187 - Ave 55% MaxDown 10% Fighting for Direction Max like June, July, August SDOW/TQQQ, UDOW/SQQQ) -> composer_allocations_auto_TfiUABT4dGaX6KDFGfXv.json
[2026-07-14T20:51:22]   Auto-included symphony gICliANou8gaLs6mjgha (BLEE 186 - 40% Max down 5.8% Fighting for direction like June, July, August SDOW/TQQQ, UDOW/SQQQ (Buy Copy)) -> composer_allocations_auto_gICliANou8gaLs6mjgha.json
[2026-07-14T20:51:22]   Auto-included symphony ODpyX0yk0nQFd5KpmxkS (BLEE 187 - Mighty 45.6% Max down 8.5% Fighting for Direction June, July, August SDOW/TQQQ, UDOW/SQQQ 5% GOLD ) -> composer_allocations_auto_ODpyX0yk0nQFd5KpmxkS.json
[2026-07-14T20:51:22]   Auto-included symphony uP4EOQmkexROiO18SaiN (BLEE - 185 2026 SGOV Bond 20% Yield (Rate high yeild year only over 4%) and Min Dual Reversal ) -> composer_allocations_auto_uP4EOQmkexROiO18SaiN.json
[2026-07-14T20:51:22]   Auto-included symphony 7GJZdYouz3l3acrmUPOD (BLEE - 186 2026 ALL in One 57% ave-7.8% Max-Down SGOV Bond (Rate high yeild year only over 4%)  (Buy Copy) (Buy Copy) (Buy Copy) (Buy Copy)) -> composer_allocations_auto_7GJZdYouz3l3acrmUPOD.json
[2026-07-14T20:51:22]   Auto-included symphony WFgywuUjhvmhGDXL8Lk7 (BLEE 186 - 40% Max down 5.8% Fighting for direction like June, July, August SDOW/TQQQ, UDOW/SQQQ (Buy Copy)) -> composer_allocations_auto_WFgywuUjhvmhGDXL8Lk7.json
[2026-07-14T20:51:22]   Auto-included symphony GMNP4EySQOi6pVw3ZzLb (BLEE 187 - Mighty 45.6% Max down 8.5% Fighting for Direction June, July, August SDOW/TQQQ, UDOW/SQQQ 5% GOLD) -> composer_allocations_auto_GMNP4EySQOi6pVw3ZzLb.json
[2026-07-14T20:51:22] Regenerated CurrentWatchSymphony.html (9 symphonies)
[2026-07-14T20:51:22] === Done ===
[2026-07-14T20:51:22] Stamped last-updated (07/14/2026 08:51 PM ET) into index.html
[2026-07-14T20:51:22] Stamped last-updated (07/14/2026 08:51 PM ET) into performance1.html
[2026-07-14T20:51:22] Stamped last-updated (07/14/2026 08:51 PM ET) into Algorithm185History.html
[2026-07-14T20:51:22] --- Pushing updates to GitHub ---
[2026-07-14T20:51:22]   $ git -C "C:\Kei\ComposerInvest" add .
[2026-07-14T20:51:23]   $ git -C "C:\Kei\ComposerInvest" commit -m "daily auto update 2026-07-14"
[2026-07-14T20:51:23]   $ git -C "C:\Kei\ComposerInvest" push
[2026-07-14T20:51:27] GitHub push successful.
[2026-07-15T15:51:00] archive: === Archive started ===
[2026-07-15T15:51:00] archive:   Archived -> marketForecast_2026-07-15.html
[2026-07-15T15:51:00] archive:   Archived -> dailySignal_2026-07-15.html
[2026-07-15T15:51:00] archive:   SKIP (not found): index_186main.html
[2026-07-15T15:51:01] archive:   Archived -> signal185_2026-07-15.html
[2026-07-15T15:51:01] archive:   Archived -> signalKei186_2026-07-15.html
[2026-07-15T15:51:01] archive:   Archived -> signal187hi_2026-07-15.html
[2026-07-15T15:51:01] archive: Rebuilt BackLog/index.html � 57 dates, 110 files
[2026-07-15T15:51:01] archive: === Archive complete ===
[2026-07-15T15:51:01] === Composer daily allocation pull ===
[2026-07-15T15:51:01] Configured symphonies: ['WgHFDD7PsDJYTw3ZCvZx', 'jtQvlI5wINrxpOfxgmgl', 'qjmHJ3IR19kmaAlbgkNj', 'ZGersOlsQFRHg7U2qnSw', 'g7WBkfIc6UWUWC6NiAdu', 'BNwivIq0tIEyex2D10GM', 'gHJn5DKfpQ6g6VGXHOQO', 'onbkd6V1mHyOAFsWWSlJ']
[2026-07-15T15:51:01] No account_uuid in config; discovering via /accounts/list...
[2026-07-15T15:51:02]   account: uuid=b0d61a36-f329-4226-9d82-4494deaee5f5  {"first_deploy_at": "2023-12-29T14:13:04.640912Z", "account_type": "ROTH_IRA", "first_incoming_acats_transfer_at": null, "first_direct_trade_at": null, "direct_tradable_asset_classes": {"buy": [], "sell": []}, "has_queued_deploy": false, "f
[2026-07-15T15:51:02]   account: uuid=ab37a3ba-4df7-4d20-b239-6ba1b13d159a  {"first_deploy_at": null, "account_type": "TRADITIONAL_IRA", "first_incoming_acats_transfer_at": null, "first_direct_trade_at": null, "direct_tradable_asset_classes": {"buy": [], "sell": []}, "has_queued_deploy": false, "first_deposit_at": 
[2026-07-15T15:51:02]   account: uuid=5faa30f0-1913-43f2-9d0d-63aa6394e07c  {"first_deploy_at": "2023-05-18T19:48:28.886816Z", "account_type": "INDIVIDUAL", "first_incoming_acats_transfer_at": null, "first_direct_trade_at": "2025-07-22T15:01:44.425605Z", "direct_tradable_asset_classes": {"buy": ["EQUITIES"], "sell"
[2026-07-15T15:51:02] Matched account_number 171091982 -> 5faa30f0-1913-43f2-9d0d-63aa6394e07c
[2026-07-15T15:51:02] Matched account_number 4CM05765 -> b0d61a36-f329-4226-9d82-4494deaee5f5
[2026-07-15T15:51:02] Pulling from 2 account(s): ['5faa30f0-1913-43f2-9d0d-63aa6394e07c', 'b0d61a36-f329-4226-9d82-4494deaee5f5']
[2026-07-15T15:51:02] Fetching per-symphony stats from /portfolio/.../symphony-stats-meta...
[2026-07-15T15:51:02] GET /api/v0.1/portfolio/accounts/5faa30f0-1913-43f2-9d0d-63aa6394e07c/symphony-stats-meta
[2026-07-15T15:51:04] GET /api/v0.1/portfolio/accounts/b0d61a36-f329-4226-9d82-4494deaee5f5/symphony-stats-meta
[2026-07-15T15:51:05] Saved merged symphony-stats (10 symphonies) to composer_symphony_stats_2026-07-15.json
[2026-07-15T15:51:05] True Composer account total (all symphonies): $259,482.78
[2026-07-15T15:51:05] --- BLEE - 186 2026 ALL in One 57% Max-Down SGOV Bond (WgHFDD7PsDJYTw3ZCvZx) ---
[2026-07-15T15:51:05]   WARN: symphony-stats-meta returned no positions for WgHFDD7PsDJYTw3ZCvZx (check 2026-07-15 JSON to verify the id matches one in the response)
[2026-07-15T15:51:05]   ERROR: no positions found for WgHFDD7PsDJYTw3ZCvZx; skipping CSV/HTML for this symphony
[2026-07-15T15:51:05] --- BLEE - 186 2026 ALL in One (jtQvlI5wINrxpOfxgmgl) ---
[2026-07-15T15:51:05]   WARN: symphony-stats-meta returned no positions for jtQvlI5wINrxpOfxgmgl (check 2026-07-15 JSON to verify the id matches one in the response)
[2026-07-15T15:51:05]   ERROR: no positions found for jtQvlI5wINrxpOfxgmgl; skipping CSV/HTML for this symphony
[2026-07-15T15:51:05] --- BLEE - 187 2026 SGOV Bond 20% Yield and Min Dual Reversal (qjmHJ3IR19kmaAlbgkNj) ---
[2026-07-15T15:51:05]   WARN: symphony-stats-meta returned no positions for qjmHJ3IR19kmaAlbgkNj (check 2026-07-15 JSON to verify the id matches one in the response)
[2026-07-15T15:51:05]   ERROR: no positions found for qjmHJ3IR19kmaAlbgkNj; skipping CSV/HTML for this symphony
[2026-07-15T15:51:05] --- BLEE - 185 2026 SGOV and Dual Reversal (ZGersOlsQFRHg7U2qnSw) ---
[2026-07-15T15:51:05]   Got 7 positions from symphony-stats-meta
[2026-07-15T15:51:05]   RSI override: DISABLED (symphony handles its own rotation)
[2026-07-15T15:51:05]   Saved today's slice to composer_allocations_185v2_2026-07-15.json
[2026-07-15T15:51:05]   Updated stable file: composer_allocations_185.json
[2026-07-15T15:51:06]   Wrote 7 rows for 2026-07-15 to composer_allocations_185v2.csv (kept 163 prior rows, source=symphony-stats-meta)
[2026-07-15T15:51:06] Generated dashboard -> index_185v2.html (value=$4,903.33, days=41)
[2026-07-15T15:51:06]   Prepended 2026-07-15 row to composer_allocations_185_3yr2.csv
[2026-07-15T15:51:06]   Prepended 2026-07-15 row to Algorithm185History.html ALLOC_DATA
[2026-07-15T15:51:06] --- BLEE A - 186 Part 1 Kei 90% NVDA (g7WBkfIc6UWUWC6NiAdu) ---
[2026-07-15T15:51:06]   Got 13 positions from symphony-stats-meta
[2026-07-15T15:51:06]   RSI override: DISABLED (symphony handles its own rotation)
[2026-07-15T15:51:06]   Saved today's slice to composer_allocations_kei186_2026-07-15.json
[2026-07-15T15:51:06]   Updated stable file: composer_allocations_kei186.json
[2026-07-15T15:51:06]   Wrote 13 rows for 2026-07-15 to composer_allocations_kei186.csv (kept 451 prior rows, source=symphony-stats-meta)
[2026-07-15T15:51:06] Generated dashboard -> index_kei186.html (value=$1,017.68, days=42)
[2026-07-15T15:51:06] --- BLEE - 187 2026 ALL in One For High Interest Period (BNwivIq0tIEyex2D10GM) ---
[2026-07-15T15:51:06]   WARN: symphony-stats-meta returned no positions for BNwivIq0tIEyex2D10GM (check 2026-07-15 JSON to verify the id matches one in the response)
[2026-07-15T15:51:06]   ERROR: no positions found for BNwivIq0tIEyex2D10GM; skipping CSV/HTML for this symphony
[2026-07-15T15:51:06] --- BLEE 186 - 40% Max down 5.8% Fighting for Direction SDOW/TQQQ UDOW/SQQQ (gHJn5DKfpQ6g6VGXHOQO) ---
[2026-07-15T15:51:06]   WARN: symphony-stats-meta returned no positions for gHJn5DKfpQ6g6VGXHOQO (check 2026-07-15 JSON to verify the id matches one in the response)
[2026-07-15T15:51:06]   ERROR: no positions found for gHJn5DKfpQ6g6VGXHOQO; skipping CSV/HTML for this symphony
[2026-07-15T15:51:06] --- BLEE 186 - 65% Max down 12.6% Fighting for Direction Max SDOW/TQQQ UDOW/SQQQ (onbkd6V1mHyOAFsWWSlJ) ---
[2026-07-15T15:51:06]   WARN: symphony-stats-meta returned no positions for onbkd6V1mHyOAFsWWSlJ (check 2026-07-15 JSON to verify the id matches one in the response)
[2026-07-15T15:51:06]   ERROR: no positions found for onbkd6V1mHyOAFsWWSlJ; skipping CSV/HTML for this symphony
[2026-07-15T15:51:06] Published signal_latest.json (3 positions, date=2026-06-10)
[2026-07-15T15:51:06]   Auto-included symphony TfiUABT4dGaX6KDFGfXv (BLEE 187 - Ave 55% MaxDown 10% Fighting for Direction Max like June, July, August SDOW/TQQQ, UDOW/SQQQ) -> composer_allocations_auto_TfiUABT4dGaX6KDFGfXv.json
[2026-07-15T15:51:06]   Auto-included symphony gICliANou8gaLs6mjgha (BLEE 186 - 40% Max down 5.8% Fighting for direction like June, July, August SDOW/TQQQ, UDOW/SQQQ (Buy Copy)) -> composer_allocations_auto_gICliANou8gaLs6mjgha.json
[2026-07-15T15:51:06]   Auto-included symphony ODpyX0yk0nQFd5KpmxkS (BLEE 187 - Mighty 45.6% Max down 8.5% Fighting for Direction June, July, August SDOW/TQQQ, UDOW/SQQQ 5% GOLD ) -> composer_allocations_auto_ODpyX0yk0nQFd5KpmxkS.json
[2026-07-15T15:51:06]   Auto-included symphony uP4EOQmkexROiO18SaiN (BLEE - 185 2026 SGOV Bond 20% Yield (Rate high yeild year only over 4%) and Min Dual Reversal ) -> composer_allocations_auto_uP4EOQmkexROiO18SaiN.json
[2026-07-15T15:51:06]   Auto-included symphony 7GJZdYouz3l3acrmUPOD (BLEE - 186 2026 ALL in One 57% ave-7.8% Max-Down SGOV Bond (Rate high yeild year only over 4%)  (Buy Copy) (Buy Copy) (Buy Copy) (Buy Copy)) -> composer_allocations_auto_7GJZdYouz3l3acrmUPOD.json
[2026-07-15T15:51:06]   Auto-included symphony WFgywuUjhvmhGDXL8Lk7 (BLEE 186 - 40% Max down 5.8% Fighting for direction like June, July, August SDOW/TQQQ, UDOW/SQQQ (Buy Copy)) -> composer_allocations_auto_WFgywuUjhvmhGDXL8Lk7.json
[2026-07-15T15:51:06]   Auto-included symphony GMNP4EySQOi6pVw3ZzLb (BLEE 187 - Mighty 45.6% Max down 8.5% Fighting for Direction June, July, August SDOW/TQQQ, UDOW/SQQQ 5% GOLD) -> composer_allocations_auto_GMNP4EySQOi6pVw3ZzLb.json
[2026-07-15T15:51:06] Regenerated CurrentWatchSymphony.html (9 symphonies)
[2026-07-15T15:51:06] === Done ===
[2026-07-15T15:51:14] Stamped last-updated (07/15/2026 03:51 PM ET) into index.html
[2026-07-15T15:51:14] Stamped last-updated (07/15/2026 03:51 PM ET) into performance1.html
[2026-07-15T15:51:14] Stamped last-updated (07/15/2026 03:51 PM ET) into Algorithm185History.html
[2026-07-15T15:51:14] --- Pushing updates to GitHub ---
[2026-07-15T15:51:14]   $ git -C "C:\Kei\ComposerInvest" add .
[2026-07-15T15:51:15]   $ git -C "C:\Kei\ComposerInvest" commit -m "daily auto update 2026-07-15"
[2026-07-15T15:51:16]   $ git -C "C:\Kei\ComposerInvest" push
[2026-07-15T15:51:21] GitHub push successful.
[2026-07-15T15:53:01] market_report: === Market report generation started ===
[2026-07-15T15:53:01] market_report: Loaded 21 ETF points from Index_50_point.csv
[2026-07-15T15:53:02] market_report: Loaded 18 ETF allocations from composer_allocations_187hi.json (BLEE - 187 2026 ALL in One For High Interest Period)
[2026-07-15T15:53:06] market_report:   RSI-14 fetched: 57.93 (SPY close=754.05)
[2026-07-15T15:53:06] market_report:   RSI signal: Mildly Overbought — slight bear lean (10d avg=55.8, adj=-5, new score=+6.06)
[2026-07-15T15:53:06] market_report:   RSI override not triggered: Today RSI 57.9 ≤ 76.0 — override not triggered
[2026-07-15T15:53:06] market_report: Composite score: +6.06 -> Mostly Cloudy
[2026-07-15T15:53:08] market_report:   RSS WSJ: 20 items fetched
[2026-07-15T15:53:08] market_report:   Selected [WSJ] topic=EQUITY: Stocks Sink in Broad AI Rout Sparked by China's DeepSeek
[2026-07-15T15:53:09] market_report:   RSS Yahoo Finance: 43 items fetched
[2026-07-15T15:53:09] market_report:   Selected [Yahoo Finance] topic=RISK: Microsoft CEO adds fuel to Palantir CEO’s AI warning
[2026-07-15T15:53:10] market_report:   RSS fetch failed (Barron's): HTTP Error 403: Forbidden
[2026-07-15T15:53:10] market_report:   Barron's: RSS unavailable, using hardcoded fallback
[2026-07-15T15:53:10] market_report:   Selected [Barron's] topic=MACRO: Trade Winds: Tariff Developments Continue to Reshape Global Supply Cha
[2026-07-15T15:53:10] market_report: Fetched 3 news items
[2026-07-15T15:53:10] market_report: Updated marketDailySummary.html with score=+6.06 (Mostly Cloudy)
[2026-07-15T15:53:10] market_report: Stamped last-updated (07/15/2026 03:53 PM ET) into index.html
[2026-07-15T15:53:11] market_report: Stamped last-updated (07/15/2026 03:53 PM ET) into performance1.html
[2026-07-15T15:53:11] market_report: Stamped last-updated (07/15/2026 03:53 PM ET) into Algorithm185History.html
[2026-07-15T15:53:11] market_report: === Market report generation complete ===
[2026-07-16T15:51:00] archive: === Archive started ===
[2026-07-16T15:51:00] archive:   Archived -> marketForecast_2026-07-16.html
[2026-07-16T15:51:00] archive:   Archived -> dailySignal_2026-07-16.html
[2026-07-16T15:51:00] archive:   SKIP (not found): index_186main.html
[2026-07-16T15:51:01] archive:   Archived -> signal185_2026-07-16.html
[2026-07-16T15:51:01] archive:   Archived -> signalKei186_2026-07-16.html
[2026-07-16T15:51:01] archive:   Archived -> signal187hi_2026-07-16.html
[2026-07-16T15:51:01] archive: Rebuilt BackLog/index.html � 58 dates, 112 files
[2026-07-16T15:51:01] archive: === Archive complete ===
[2026-07-16T15:51:01] === Composer daily allocation pull ===
[2026-07-16T15:51:01] Configured symphonies: ['WgHFDD7PsDJYTw3ZCvZx', 'jtQvlI5wINrxpOfxgmgl', 'qjmHJ3IR19kmaAlbgkNj', 'ZGersOlsQFRHg7U2qnSw', 'g7WBkfIc6UWUWC6NiAdu', 'BNwivIq0tIEyex2D10GM', 'gHJn5DKfpQ6g6VGXHOQO', 'onbkd6V1mHyOAFsWWSlJ']
[2026-07-16T15:51:01] No account_uuid in config; discovering via /accounts/list...
[2026-07-16T15:51:02]   account: uuid=b0d61a36-f329-4226-9d82-4494deaee5f5  {"first_deploy_at": "2023-12-29T14:13:04.640912Z", "account_type": "ROTH_IRA", "first_incoming_acats_transfer_at": null, "first_direct_trade_at": null, "direct_tradable_asset_classes": {"buy": [], "sell": []}, "has_queued_deploy": false, "f
[2026-07-16T15:51:02]   account: uuid=ab37a3ba-4df7-4d20-b239-6ba1b13d159a  {"first_deploy_at": null, "account_type": "TRADITIONAL_IRA", "first_incoming_acats_transfer_at": null, "first_direct_trade_at": null, "direct_tradable_asset_classes": {"buy": [], "sell": []}, "has_queued_deploy": false, "first_deposit_at": 
[2026-07-16T15:51:02]   account: uuid=5faa30f0-1913-43f2-9d0d-63aa6394e07c  {"first_deploy_at": "2023-05-18T19:48:28.886816Z", "account_type": "INDIVIDUAL", "first_incoming_acats_transfer_at": null, "first_direct_trade_at": "2025-07-22T15:01:44.425605Z", "direct_tradable_asset_classes": {"buy": ["EQUITIES"], "sell"
[2026-07-16T15:51:02] Matched account_number 171091982 -> 5faa30f0-1913-43f2-9d0d-63aa6394e07c
[2026-07-16T15:51:02] Matched account_number 4CM05765 -> b0d61a36-f329-4226-9d82-4494deaee5f5
[2026-07-16T15:51:02] Pulling from 2 account(s): ['5faa30f0-1913-43f2-9d0d-63aa6394e07c', 'b0d61a36-f329-4226-9d82-4494deaee5f5']
[2026-07-16T15:51:02] Fetching per-symphony stats from /portfolio/.../symphony-stats-meta...
[2026-07-16T15:51:02] GET /api/v0.1/portfolio/accounts/5faa30f0-1913-43f2-9d0d-63aa6394e07c/symphony-stats-meta
[2026-07-16T15:51:04] GET /api/v0.1/portfolio/accounts/b0d61a36-f329-4226-9d82-4494deaee5f5/symphony-stats-meta
[2026-07-16T15:51:06] Saved merged symphony-stats (10 symphonies) to composer_symphony_stats_2026-07-16.json
[2026-07-16T15:51:06] True Composer account total (all symphonies): $234,214.64
[2026-07-16T15:51:06] --- BLEE - 186 2026 ALL in One 57% Max-Down SGOV Bond (WgHFDD7PsDJYTw3ZCvZx) ---
[2026-07-16T15:51:06]   WARN: symphony-stats-meta returned no positions for WgHFDD7PsDJYTw3ZCvZx (check 2026-07-16 JSON to verify the id matches one in the response)
[2026-07-16T15:51:06]   ERROR: no positions found for WgHFDD7PsDJYTw3ZCvZx; skipping CSV/HTML for this symphony
[2026-07-16T15:51:06] --- BLEE - 186 2026 ALL in One (jtQvlI5wINrxpOfxgmgl) ---
[2026-07-16T15:51:06]   WARN: symphony-stats-meta returned no positions for jtQvlI5wINrxpOfxgmgl (check 2026-07-16 JSON to verify the id matches one in the response)
[2026-07-16T15:51:06]   ERROR: no positions found for jtQvlI5wINrxpOfxgmgl; skipping CSV/HTML for this symphony
[2026-07-16T15:51:06] --- BLEE - 187 2026 SGOV Bond 20% Yield and Min Dual Reversal (qjmHJ3IR19kmaAlbgkNj) ---
[2026-07-16T15:51:06]   WARN: symphony-stats-meta returned no positions for qjmHJ3IR19kmaAlbgkNj (check 2026-07-16 JSON to verify the id matches one in the response)
[2026-07-16T15:51:06]   ERROR: no positions found for qjmHJ3IR19kmaAlbgkNj; skipping CSV/HTML for this symphony
[2026-07-16T15:51:06] --- BLEE - 185 2026 SGOV and Dual Reversal (ZGersOlsQFRHg7U2qnSw) ---
[2026-07-16T15:51:06]   Got 5 positions from symphony-stats-meta
[2026-07-16T15:51:06]   RSI override: DISABLED (symphony handles its own rotation)
[2026-07-16T15:51:06]   Saved today's slice to composer_allocations_185v2_2026-07-16.json
[2026-07-16T15:51:06]   Updated stable file: composer_allocations_185.json
[2026-07-16T15:51:06]   Wrote 5 rows for 2026-07-16 to composer_allocations_185v2.csv (kept 170 prior rows, source=symphony-stats-meta)
[2026-07-16T15:51:06] Generated dashboard -> index_185v2.html (value=$4,923.88, days=42)
[2026-07-16T15:51:06]   Prepended 2026-07-16 row to composer_allocations_185_3yr2.csv
[2026-07-16T15:51:06]   Prepended 2026-07-16 row to Algorithm185History.html ALLOC_DATA
[2026-07-16T15:51:06] --- BLEE A - 186 Part 1 Kei 90% NVDA (g7WBkfIc6UWUWC6NiAdu) ---
[2026-07-16T15:51:06]   Got 13 positions from symphony-stats-meta
[2026-07-16T15:51:06]   RSI override: DISABLED (symphony handles its own rotation)
[2026-07-16T15:51:06]   Saved today's slice to composer_allocations_kei186_2026-07-16.json
[2026-07-16T15:51:06]   Updated stable file: composer_allocations_kei186.json
[2026-07-16T15:51:06]   Wrote 13 rows for 2026-07-16 to composer_allocations_kei186.csv (kept 464 prior rows, source=symphony-stats-meta)
[2026-07-16T15:51:06] Generated dashboard -> index_kei186.html (value=$297.48, days=43)
[2026-07-16T15:51:06] --- BLEE - 187 2026 ALL in One For High Interest Period (BNwivIq0tIEyex2D10GM) ---
[2026-07-16T15:51:06]   WARN: symphony-stats-meta returned no positions for BNwivIq0tIEyex2D10GM (check 2026-07-16 JSON to verify the id matches one in the response)
[2026-07-16T15:51:06]   ERROR: no positions found for BNwivIq0tIEyex2D10GM; skipping CSV/HTML for this symphony
[2026-07-16T15:51:06] --- BLEE 186 - 40% Max down 5.8% Fighting for Direction SDOW/TQQQ UDOW/SQQQ (gHJn5DKfpQ6g6VGXHOQO) ---
[2026-07-16T15:51:06]   WARN: symphony-stats-meta returned no positions for gHJn5DKfpQ6g6VGXHOQO (check 2026-07-16 JSON to verify the id matches one in the response)
[2026-07-16T15:51:06]   ERROR: no positions found for gHJn5DKfpQ6g6VGXHOQO; skipping CSV/HTML for this symphony
[2026-07-16T15:51:06] --- BLEE 186 - 65% Max down 12.6% Fighting for Direction Max SDOW/TQQQ UDOW/SQQQ (onbkd6V1mHyOAFsWWSlJ) ---
[2026-07-16T15:51:06]   WARN: symphony-stats-meta returned no positions for onbkd6V1mHyOAFsWWSlJ (check 2026-07-16 JSON to verify the id matches one in the response)
[2026-07-16T15:51:06]   ERROR: no positions found for onbkd6V1mHyOAFsWWSlJ; skipping CSV/HTML for this symphony
[2026-07-16T15:51:06] Published signal_latest.json (3 positions, date=2026-06-10)
[2026-07-16T15:51:06]   Auto-included symphony TfiUABT4dGaX6KDFGfXv (BLEE 187 - Ave 55% MaxDown 10% Fighting for Direction Max like June, July, August SDOW/TQQQ, UDOW/SQQQ) -> composer_allocations_auto_TfiUABT4dGaX6KDFGfXv.json
[2026-07-16T15:51:06]   Auto-included symphony gICliANou8gaLs6mjgha (BLEE 186 - 40% Max down 5.8% Fighting for direction like June, July, August SDOW/TQQQ, UDOW/SQQQ (Buy Copy)) -> composer_allocations_auto_gICliANou8gaLs6mjgha.json
[2026-07-16T15:51:06]   Auto-included symphony uP4EOQmkexROiO18SaiN (BLEE - 185 2026 SGOV Bond 20% Yield (Rate high yeild year only over 4%) and Min Dual Reversal ) -> composer_allocations_auto_uP4EOQmkexROiO18SaiN.json
[2026-07-16T15:51:06]   Auto-included symphony 7GJZdYouz3l3acrmUPOD (BLEE - 186 2026 ALL in One 57% ave-7.8% Max-Down SGOV Bond (Rate high yeild year only over 4%)  (Buy Copy) (Buy Copy) (Buy Copy) (Buy Copy)) -> composer_allocations_auto_7GJZdYouz3l3acrmUPOD.json
[2026-07-16T15:51:06]   Auto-included symphony WFgywuUjhvmhGDXL8Lk7 (BLEE 186 - 40% Max down 5.8% Fighting for direction like June, July, August SDOW/TQQQ, UDOW/SQQQ (Buy Copy)) -> composer_allocations_auto_WFgywuUjhvmhGDXL8Lk7.json
[2026-07-16T15:51:06]   Auto-included symphony GMNP4EySQOi6pVw3ZzLb (BLEE 187 - Mighty 46.5% Max down 8.5% Fighting for Direction June, July, August SDOW/TQQQ, UDOW/SQQQ 5% GOLD) -> composer_allocations_auto_GMNP4EySQOi6pVw3ZzLb.json
[2026-07-16T15:51:06] Regenerated CurrentWatchSymphony.html (8 symphonies)
[2026-07-16T15:51:06] === Done ===
[2026-07-16T15:51:14] Stamped last-updated (07/16/2026 03:51 PM ET) into index.html
[2026-07-16T15:51:14] Stamped last-updated (07/16/2026 03:51 PM ET) into performance1.html
[2026-07-16T15:51:14] Stamped last-updated (07/16/2026 03:51 PM ET) into Algorithm185History.html
[2026-07-16T15:51:14] --- Pushing updates to GitHub ---
[2026-07-16T15:51:14]   $ git -C "C:\Kei\ComposerInvest" add .
[2026-07-16T15:51:15]   $ git -C "C:\Kei\ComposerInvest" commit -m "daily auto update 2026-07-16"
[2026-07-16T15:51:15]   $ git -C "C:\Kei\ComposerInvest" push
[2026-07-16T15:51:21] GitHub push successful.
[2026-07-16T15:53:01] market_report: === Market report generation started ===
[2026-07-16T15:53:01] market_report: Loaded 21 ETF points from Index_50_point.csv
[2026-07-16T15:53:01] market_report: Loaded 18 ETF allocations from composer_allocations_187hi.json (BLEE - 187 2026 ALL in One For High Interest Period)
[2026-07-16T15:53:06] market_report:   RSI-14 fetched: 53.88 (SPY close=749.69)
[2026-07-16T15:53:06] market_report:   RSI signal: Mildly Overbought — slight bear lean (10d avg=55.66, adj=-5, new score=+6.06)
[2026-07-16T15:53:06] market_report:   RSI override not triggered: Today RSI 53.9 ≤ 76.0 — override not triggered
[2026-07-16T15:53:06] market_report: Composite score: +6.06 -> Mostly Cloudy
[2026-07-16T15:53:07] market_report:   RSS WSJ: 20 items fetched
[2026-07-16T15:53:07] market_report:   Selected [WSJ] topic=EQUITY: Stocks Sink in Broad AI Rout Sparked by China's DeepSeek
[2026-07-16T15:53:08] market_report:   RSS Yahoo Finance: 45 items fetched
[2026-07-16T15:53:08] market_report:   Selected [Yahoo Finance] topic=OTHER: ACR acquires assets of packaging supplier RediBagUSA
[2026-07-16T15:53:10] market_report:   RSS fetch failed (Barron's): HTTP Error 403: Forbidden
[2026-07-16T15:53:10] market_report:   Barron's: RSS unavailable, using hardcoded fallback
[2026-07-16T15:53:10] market_report:   Selected [Barron's] topic=MACRO: Trade Winds: Tariff Developments Continue to Reshape Global Supply Cha
[2026-07-16T15:53:10] market_report: Fetched 3 news items
[2026-07-16T15:53:10] market_report: Updated marketDailySummary.html with score=+6.06 (Mostly Cloudy)
[2026-07-16T15:53:10] market_report: Stamped last-updated (07/16/2026 03:53 PM ET) into index.html
[2026-07-16T15:53:10] market_report: Stamped last-updated (07/16/2026 03:53 PM ET) into performance1.html
[2026-07-16T15:53:10] market_report: Stamped last-updated (07/16/2026 03:53 PM ET) into Algorithm185History.html
[2026-07-16T15:53:10] market_report: === Market report generation complete ===
[2026-07-17T21:01:54] archive: === Archive started ===
[2026-07-17T21:01:54] archive:   Archived -> marketForecast_2026-07-17.html
[2026-07-17T21:01:54] archive:   Archived -> dailySignal_2026-07-17.html
[2026-07-17T21:01:54] archive:   SKIP (not found): index_186main.html
[2026-07-17T21:01:54] archive:   Archived -> signal185_2026-07-17.html
[2026-07-17T21:01:54] archive:   Archived -> signalKei186_2026-07-17.html
[2026-07-17T21:01:54] archive:   Archived -> signal187hi_2026-07-17.html
[2026-07-17T21:01:55] archive: Rebuilt BackLog/index.html � 59 dates, 114 files
[2026-07-17T21:01:55] archive: === Archive complete ===
[2026-07-17T21:01:55] === Composer daily allocation pull ===
[2026-07-17T21:01:55] Configured symphonies: ['WgHFDD7PsDJYTw3ZCvZx', 'jtQvlI5wINrxpOfxgmgl', 'qjmHJ3IR19kmaAlbgkNj', 'ZGersOlsQFRHg7U2qnSw', 'g7WBkfIc6UWUWC6NiAdu', 'BNwivIq0tIEyex2D10GM', 'gHJn5DKfpQ6g6VGXHOQO', 'onbkd6V1mHyOAFsWWSlJ']
[2026-07-17T21:01:55] No account_uuid in config; discovering via /accounts/list...
[2026-07-17T21:01:56]   account: uuid=b0d61a36-f329-4226-9d82-4494deaee5f5  {"first_deploy_at": "2023-12-29T14:13:04.640912Z", "account_type": "ROTH_IRA", "first_incoming_acats_transfer_at": null, "first_direct_trade_at": null, "direct_tradable_asset_classes": {"buy": [], "sell": []}, "has_queued_deploy": false, "f
[2026-07-17T21:01:56]   account: uuid=ab37a3ba-4df7-4d20-b239-6ba1b13d159a  {"first_deploy_at": null, "account_type": "TRADITIONAL_IRA", "first_incoming_acats_transfer_at": null, "first_direct_trade_at": null, "direct_tradable_asset_classes": {"buy": [], "sell": []}, "has_queued_deploy": false, "first_deposit_at": 
[2026-07-17T21:01:56]   account: uuid=5faa30f0-1913-43f2-9d0d-63aa6394e07c  {"first_deploy_at": "2023-05-18T19:48:28.886816Z", "account_type": "INDIVIDUAL", "first_incoming_acats_transfer_at": null, "first_direct_trade_at": "2025-07-22T15:01:44.425605Z", "direct_tradable_asset_classes": {"buy": ["EQUITIES"], "sell"
[2026-07-17T21:01:56] Matched account_number 171091982 -> 5faa30f0-1913-43f2-9d0d-63aa6394e07c
[2026-07-17T21:01:56] Matched account_number 4CM05765 -> b0d61a36-f329-4226-9d82-4494deaee5f5
[2026-07-17T21:01:56] Pulling from 2 account(s): ['5faa30f0-1913-43f2-9d0d-63aa6394e07c', 'b0d61a36-f329-4226-9d82-4494deaee5f5']
[2026-07-17T21:01:56] Fetching per-symphony stats from /portfolio/.../symphony-stats-meta...
[2026-07-17T21:01:56] GET /api/v0.1/portfolio/accounts/5faa30f0-1913-43f2-9d0d-63aa6394e07c/symphony-stats-meta
[2026-07-17T21:01:58] GET /api/v0.1/portfolio/accounts/b0d61a36-f329-4226-9d82-4494deaee5f5/symphony-stats-meta
[2026-07-17T21:01:59] Saved merged symphony-stats (10 symphonies) to composer_symphony_stats_2026-07-17.json
[2026-07-17T21:01:59] True Composer account total (all symphonies): $235,230.49
[2026-07-17T21:01:59] --- BLEE - 186 2026 ALL in One 57% Max-Down SGOV Bond (WgHFDD7PsDJYTw3ZCvZx) ---
[2026-07-17T21:01:59]   WARN: symphony-stats-meta returned no positions for WgHFDD7PsDJYTw3ZCvZx (check 2026-07-17 JSON to verify the id matches one in the response)
[2026-07-17T21:01:59]   ERROR: no positions found for WgHFDD7PsDJYTw3ZCvZx; skipping CSV/HTML for this symphony
[2026-07-17T21:01:59] --- BLEE - 186 2026 ALL in One (jtQvlI5wINrxpOfxgmgl) ---
[2026-07-17T21:01:59]   WARN: symphony-stats-meta returned no positions for jtQvlI5wINrxpOfxgmgl (check 2026-07-17 JSON to verify the id matches one in the response)
[2026-07-17T21:01:59]   ERROR: no positions found for jtQvlI5wINrxpOfxgmgl; skipping CSV/HTML for this symphony
[2026-07-17T21:01:59] --- BLEE - 187 2026 SGOV Bond 20% Yield and Min Dual Reversal (qjmHJ3IR19kmaAlbgkNj) ---
[2026-07-17T21:01:59]   WARN: symphony-stats-meta returned no positions for qjmHJ3IR19kmaAlbgkNj (check 2026-07-17 JSON to verify the id matches one in the response)
[2026-07-17T21:01:59]   ERROR: no positions found for qjmHJ3IR19kmaAlbgkNj; skipping CSV/HTML for this symphony
[2026-07-17T21:01:59] --- BLEE - 185 2026 SGOV and Dual Reversal (ZGersOlsQFRHg7U2qnSw) ---
[2026-07-17T21:01:59]   Got 6 positions from symphony-stats-meta
[2026-07-17T21:01:59]   RSI override: DISABLED (symphony handles its own rotation)
[2026-07-17T21:01:59]   Saved today's slice to composer_allocations_185v2_2026-07-17.json
[2026-07-17T21:01:59]   Updated stable file: composer_allocations_185.json
[2026-07-17T21:01:59]   Wrote 6 rows for 2026-07-17 to composer_allocations_185v2.csv (kept 175 prior rows, source=symphony-stats-meta)
[2026-07-17T21:01:59] Generated dashboard -> index_185v2.html (value=$104,887.82, days=43)
[2026-07-17T21:01:59]   Prepended 2026-07-17 row to composer_allocations_185_3yr2.csv
[2026-07-17T21:02:00]   Prepended 2026-07-17 row to Algorithm185History.html ALLOC_DATA
[2026-07-17T21:02:00] --- BLEE A - 186 Part 1 Kei 90% NVDA (g7WBkfIc6UWUWC6NiAdu) ---
[2026-07-17T21:02:00]   Got 11 positions from symphony-stats-meta
[2026-07-17T21:02:00]   RSI override: DISABLED (symphony handles its own rotation)
[2026-07-17T21:02:00]   Saved today's slice to composer_allocations_kei186_2026-07-17.json
[2026-07-17T21:02:00]   Updated stable file: composer_allocations_kei186.json
[2026-07-17T21:02:00]   Wrote 11 rows for 2026-07-17 to composer_allocations_kei186.csv (kept 477 prior rows, source=symphony-stats-meta)
[2026-07-17T21:02:00] Generated dashboard -> index_kei186.html (value=$293.22, days=44)
[2026-07-17T21:02:00] --- BLEE - 187 2026 ALL in One For High Interest Period (BNwivIq0tIEyex2D10GM) ---
[2026-07-17T21:02:00]   WARN: symphony-stats-meta returned no positions for BNwivIq0tIEyex2D10GM (check 2026-07-17 JSON to verify the id matches one in the response)
[2026-07-17T21:02:00]   ERROR: no positions found for BNwivIq0tIEyex2D10GM; skipping CSV/HTML for this symphony
[2026-07-17T21:02:00] --- BLEE 186 - 40% Max down 5.8% Fighting for Direction SDOW/TQQQ UDOW/SQQQ (gHJn5DKfpQ6g6VGXHOQO) ---
[2026-07-17T21:02:00]   WARN: symphony-stats-meta returned no positions for gHJn5DKfpQ6g6VGXHOQO (check 2026-07-17 JSON to verify the id matches one in the response)
[2026-07-17T21:02:00]   ERROR: no positions found for gHJn5DKfpQ6g6VGXHOQO; skipping CSV/HTML for this symphony
[2026-07-17T21:02:00] --- BLEE 186 - 65% Max down 12.6% Fighting for Direction Max SDOW/TQQQ UDOW/SQQQ (onbkd6V1mHyOAFsWWSlJ) ---
[2026-07-17T21:02:00]   WARN: symphony-stats-meta returned no positions for onbkd6V1mHyOAFsWWSlJ (check 2026-07-17 JSON to verify the id matches one in the response)
[2026-07-17T21:02:00]   ERROR: no positions found for onbkd6V1mHyOAFsWWSlJ; skipping CSV/HTML for this symphony
[2026-07-17T21:02:00] Published signal_latest.json (3 positions, date=2026-06-10)
[2026-07-17T21:02:00]   Auto-included symphony TfiUABT4dGaX6KDFGfXv (BLEE 187 - Ave 55% MaxDown 10% Fighting for Direction Max like June, July, August SDOW/TQQQ, UDOW/SQQQ) -> composer_allocations_auto_TfiUABT4dGaX6KDFGfXv.json
[2026-07-17T21:02:00]   Auto-included symphony gICliANou8gaLs6mjgha (BLEE 186 - 40% Max down 5.8% Fighting for direction like June, July, August SDOW/TQQQ, UDOW/SQQQ (Buy Copy)) -> composer_allocations_auto_gICliANou8gaLs6mjgha.json
[2026-07-17T21:02:00]   Auto-included symphony ODpyX0yk0nQFd5KpmxkS (BLEE 187 - Mighty 46.5% Max down 8.5% Fighting for Direction June, July, August SDOW/TQQQ, UDOW/SQQQ 5% GOLD ) -> composer_allocations_auto_ODpyX0yk0nQFd5KpmxkS.json
[2026-07-17T21:02:00]   Auto-included symphony uP4EOQmkexROiO18SaiN (BLEE - 185 2026 SGOV Bond 20% Yield (Rate high yeild year only over 4%) and Min Dual Reversal ) -> composer_allocations_auto_uP4EOQmkexROiO18SaiN.json
[2026-07-17T21:02:00]   Auto-included symphony 7GJZdYouz3l3acrmUPOD (BLEE - 186 2026 ALL in One 57% ave-7.8% Max-Down SGOV Bond (Rate high yeild year only over 4%)  (Buy Copy) (Buy Copy) (Buy Copy) (Buy Copy)) -> composer_allocations_auto_7GJZdYouz3l3acrmUPOD.json
[2026-07-17T21:02:00]   Auto-included symphony WFgywuUjhvmhGDXL8Lk7 (BLEE 186 - 40% Max down 5.8% Fighting for direction like June, July, August SDOW/TQQQ, UDOW/SQQQ (Buy Copy)) -> composer_allocations_auto_WFgywuUjhvmhGDXL8Lk7.json
[2026-07-17T21:02:00]   Auto-included symphony GMNP4EySQOi6pVw3ZzLb (BLEE 187 - Mighty Roth 45.6% - Maxdown 7.9% Fighting for Direction June, July, August SDOW/TQQQ, UDOW/SQQQ 5% GOLD) -> composer_allocations_auto_GMNP4EySQOi6pVw3ZzLb.json
[2026-07-17T21:02:00] Regenerated CurrentWatchSymphony.html (9 symphonies)
[2026-07-17T21:02:00] === Done ===
[2026-07-17T21:02:11] Stamped last-updated (07/17/2026 09:02 PM ET) into index.html
[2026-07-17T21:02:12] Stamped last-updated (07/17/2026 09:02 PM ET) into performance1.html
[2026-07-17T21:02:12] Stamped last-updated (07/17/2026 09:02 PM ET) into Algorithm185History.html
[2026-07-17T21:02:12] --- Pushing updates to GitHub ---
[2026-07-17T21:02:12]   $ git -C "C:\Kei\ComposerInvest" add .
[2026-07-17T21:02:13]   $ git -C "C:\Kei\ComposerInvest" commit -m "daily auto update 2026-07-17"
[2026-07-17T21:02:14]   $ git -C "C:\Kei\ComposerInvest" push
[2026-07-17T21:02:22] GitHub push successful.
[2026-07-18T15:53:02] market_report: === Market report generation started ===
[2026-07-18T15:53:02] market_report: Loaded 21 ETF points from Index_50_point.csv
[2026-07-18T15:53:02] market_report: Loaded 18 ETF allocations from composer_allocations_187hi.json (BLEE - 187 2026 ALL in One For High Interest Period)
[2026-07-18T15:53:19] market_report:   RSI-14 fetched: 49.25 (SPY close=743.29)
[2026-07-18T15:53:19] market_report:   RSI signal: Mildly Overbought — slight bear lean (10d avg=55.13, adj=-5, new score=+6.06)
[2026-07-18T15:53:19] market_report:   RSI override not triggered: Today RSI 49.2 ≤ 76.0 — override not triggered
[2026-07-18T15:53:19] market_report: Composite score: +6.06 -> Mostly Cloudy
[2026-07-18T15:53:21] market_report:   RSS WSJ: 20 items fetched
[2026-07-18T15:53:21] market_report:   Selected [WSJ] topic=EQUITY: Stocks Sink in Broad AI Rout Sparked by China's DeepSeek
[2026-07-18T15:53:22] market_report:   RSS Yahoo Finance: 43 items fetched
[2026-07-18T15:53:22] market_report:   Selected [Yahoo Finance] topic=OTHER: JPMorgan Chase CEO Jamie Dimon Thinks AI Spending Is Going to Reach $1
[2026-07-18T15:53:23] market_report:   RSS fetch failed (Barron's): HTTP Error 403: Forbidden
[2026-07-18T15:53:23] market_report:   Barron's: RSS unavailable, using hardcoded fallback
[2026-07-18T15:53:23] market_report:   Selected [Barron's] topic=MACRO: Trade Winds: Tariff Developments Continue to Reshape Global Supply Cha
[2026-07-18T15:53:23] market_report: Fetched 3 news items
[2026-07-18T15:53:23] market_report: Updated marketDailySummary.html with score=+6.06 (Mostly Cloudy)
[2026-07-18T15:53:24] market_report: Stamped last-updated (07/18/2026 03:53 PM ET) into index.html
[2026-07-18T15:53:24] market_report: Stamped last-updated (07/18/2026 03:53 PM ET) into performance1.html
[2026-07-18T15:53:24] market_report: Stamped last-updated (07/18/2026 03:53 PM ET) into Algorithm185History.html
[2026-07-18T15:53:24] market_report: === Market report generation complete ===
[2026-07-19T15:51:01] archive: === Archive started ===
[2026-07-19T15:51:01] archive:   Archived -> marketForecast_2026-07-19.html
[2026-07-19T15:51:01] archive:   Archived -> dailySignal_2026-07-19.html
[2026-07-19T15:51:01] archive:   SKIP (not found): index_186main.html
[2026-07-19T15:51:01] archive:   Archived -> signal185_2026-07-19.html
[2026-07-19T15:51:01] archive:   Archived -> signalKei186_2026-07-19.html
[2026-07-19T15:51:01] archive:   Archived -> signal187hi_2026-07-19.html
[2026-07-19T15:51:01] archive: Rebuilt BackLog/index.html � 60 dates, 116 files
[2026-07-19T15:51:01] archive: === Archive complete ===
[2026-07-19T15:51:02] === Composer daily allocation pull ===
[2026-07-19T15:51:02] Configured symphonies: ['WgHFDD7PsDJYTw3ZCvZx', 'jtQvlI5wINrxpOfxgmgl', 'qjmHJ3IR19kmaAlbgkNj', 'ZGersOlsQFRHg7U2qnSw', 'g7WBkfIc6UWUWC6NiAdu', 'BNwivIq0tIEyex2D10GM', 'gHJn5DKfpQ6g6VGXHOQO', 'onbkd6V1mHyOAFsWWSlJ']
[2026-07-19T15:51:02] No account_uuid in config; discovering via /accounts/list...
[2026-07-19T15:51:03]   account: uuid=b0d61a36-f329-4226-9d82-4494deaee5f5  {"first_deploy_at": "2023-12-29T14:13:04.640912Z", "account_type": "ROTH_IRA", "first_incoming_acats_transfer_at": null, "first_direct_trade_at": null, "direct_tradable_asset_classes": {"buy": [], "sell": []}, "has_queued_deploy": false, "f
[2026-07-19T15:51:03]   account: uuid=ab37a3ba-4df7-4d20-b239-6ba1b13d159a  {"first_deploy_at": null, "account_type": "TRADITIONAL_IRA", "first_incoming_acats_transfer_at": null, "first_direct_trade_at": null, "direct_tradable_asset_classes": {"buy": [], "sell": []}, "has_queued_deploy": false, "first_deposit_at": 
[2026-07-19T15:51:03]   account: uuid=5faa30f0-1913-43f2-9d0d-63aa6394e07c  {"first_deploy_at": "2023-05-18T19:48:28.886816Z", "account_type": "INDIVIDUAL", "first_incoming_acats_transfer_at": null, "first_direct_trade_at": "2025-07-22T15:01:44.425605Z", "direct_tradable_asset_classes": {"buy": ["EQUITIES"], "sell"
[2026-07-19T15:51:03] Matched account_number 171091982 -> 5faa30f0-1913-43f2-9d0d-63aa6394e07c
[2026-07-19T15:51:03] Matched account_number 4CM05765 -> b0d61a36-f329-4226-9d82-4494deaee5f5
[2026-07-19T15:51:03] Pulling from 2 account(s): ['5faa30f0-1913-43f2-9d0d-63aa6394e07c', 'b0d61a36-f329-4226-9d82-4494deaee5f5']
[2026-07-19T15:51:03] Fetching per-symphony stats from /portfolio/.../symphony-stats-meta...
[2026-07-19T15:51:03] GET /api/v0.1/portfolio/accounts/5faa30f0-1913-43f2-9d0d-63aa6394e07c/symphony-stats-meta
[2026-07-19T15:51:05] GET /api/v0.1/portfolio/accounts/b0d61a36-f329-4226-9d82-4494deaee5f5/symphony-stats-meta
[2026-07-19T15:51:06] Saved merged symphony-stats (10 symphonies) to composer_symphony_stats_2026-07-19.json
[2026-07-19T15:51:06] True Composer account total (all symphonies): $235,230.49
[2026-07-19T15:51:06] --- BLEE - 186 2026 ALL in One 57% Max-Down SGOV Bond (WgHFDD7PsDJYTw3ZCvZx) ---
[2026-07-19T15:51:06]   WARN: symphony-stats-meta returned no positions for WgHFDD7PsDJYTw3ZCvZx (check 2026-07-19 JSON to verify the id matches one in the response)
[2026-07-19T15:51:06]   ERROR: no positions found for WgHFDD7PsDJYTw3ZCvZx; skipping CSV/HTML for this symphony
[2026-07-19T15:51:06] --- BLEE - 186 2026 ALL in One (jtQvlI5wINrxpOfxgmgl) ---
[2026-07-19T15:51:06]   WARN: symphony-stats-meta returned no positions for jtQvlI5wINrxpOfxgmgl (check 2026-07-19 JSON to verify the id matches one in the response)
[2026-07-19T15:51:06]   ERROR: no positions found for jtQvlI5wINrxpOfxgmgl; skipping CSV/HTML for this symphony
[2026-07-19T15:51:06] --- BLEE - 187 2026 SGOV Bond 20% Yield and Min Dual Reversal (qjmHJ3IR19kmaAlbgkNj) ---
[2026-07-19T15:51:06]   WARN: symphony-stats-meta returned no positions for qjmHJ3IR19kmaAlbgkNj (check 2026-07-19 JSON to verify the id matches one in the response)
[2026-07-19T15:51:06]   ERROR: no positions found for qjmHJ3IR19kmaAlbgkNj; skipping CSV/HTML for this symphony
[2026-07-19T15:51:06] --- BLEE - 185 2026 SGOV and Dual Reversal (ZGersOlsQFRHg7U2qnSw) ---
[2026-07-19T15:51:06]   Got 6 positions from symphony-stats-meta
[2026-07-19T15:51:06]   RSI override: DISABLED (symphony handles its own rotation)
[2026-07-19T15:51:06]   Saved today's slice to composer_allocations_185v2_2026-07-19.json
[2026-07-19T15:51:06]   Updated stable file: composer_allocations_185.json
[2026-07-19T15:51:06]   Wrote 6 rows for 2026-07-19 to composer_allocations_185v2.csv (kept 181 prior rows, source=symphony-stats-meta)
[2026-07-19T15:51:06] Generated dashboard -> index_185v2.html (value=$104,887.82, days=44)
[2026-07-19T15:51:06]   Prepended 2026-07-19 row to composer_allocations_185_3yr2.csv
[2026-07-19T15:51:06]   Prepended 2026-07-19 row to Algorithm185History.html ALLOC_DATA
[2026-07-19T15:51:06] --- BLEE A - 186 Part 1 Kei 90% NVDA (g7WBkfIc6UWUWC6NiAdu) ---
[2026-07-19T15:51:06]   Got 11 positions from symphony-stats-meta
[2026-07-19T15:51:06]   RSI override: DISABLED (symphony handles its own rotation)
[2026-07-19T15:51:06]   Saved today's slice to composer_allocations_kei186_2026-07-19.json
[2026-07-19T15:51:06]   Updated stable file: composer_allocations_kei186.json
[2026-07-19T15:51:06]   Wrote 11 rows for 2026-07-19 to composer_allocations_kei186.csv (kept 488 prior rows, source=symphony-stats-meta)
[2026-07-19T15:51:06] Generated dashboard -> index_kei186.html (value=$293.22, days=45)
[2026-07-19T15:51:06] --- BLEE - 187 2026 ALL in One For High Interest Period (BNwivIq0tIEyex2D10GM) ---
[2026-07-19T15:51:06]   WARN: symphony-stats-meta returned no positions for BNwivIq0tIEyex2D10GM (check 2026-07-19 JSON to verify the id matches one in the response)
[2026-07-19T15:51:06]   ERROR: no positions found for BNwivIq0tIEyex2D10GM; skipping CSV/HTML for this symphony
[2026-07-19T15:51:06] --- BLEE 186 - 40% Max down 5.8% Fighting for Direction SDOW/TQQQ UDOW/SQQQ (gHJn5DKfpQ6g6VGXHOQO) ---
[2026-07-19T15:51:06]   WARN: symphony-stats-meta returned no positions for gHJn5DKfpQ6g6VGXHOQO (check 2026-07-19 JSON to verify the id matches one in the response)
[2026-07-19T15:51:06]   ERROR: no positions found for gHJn5DKfpQ6g6VGXHOQO; skipping CSV/HTML for this symphony
[2026-07-19T15:51:06] --- BLEE 186 - 65% Max down 12.6% Fighting for Direction Max SDOW/TQQQ UDOW/SQQQ (onbkd6V1mHyOAFsWWSlJ) ---
[2026-07-19T15:51:06]   WARN: symphony-stats-meta returned no positions for onbkd6V1mHyOAFsWWSlJ (check 2026-07-19 JSON to verify the id matches one in the response)
[2026-07-19T15:51:06]   ERROR: no positions found for onbkd6V1mHyOAFsWWSlJ; skipping CSV/HTML for this symphony
[2026-07-19T15:51:07] Published signal_latest.json (3 positions, date=2026-06-10)
[2026-07-19T15:51:07]   Auto-included symphony TfiUABT4dGaX6KDFGfXv (BLEE 187 - Ave 55% MaxDown 10% Fighting for Direction Max like June, July, August SDOW/TQQQ, UDOW/SQQQ) -> composer_allocations_auto_TfiUABT4dGaX6KDFGfXv.json
[2026-07-19T15:51:07]   Auto-included symphony gICliANou8gaLs6mjgha (BLEE 186 - 40% Max down 5.8% Fighting for direction like June, July, August SDOW/TQQQ, UDOW/SQQQ (Buy Copy)) -> composer_allocations_auto_gICliANou8gaLs6mjgha.json
[2026-07-19T15:51:07]   Auto-included symphony ODpyX0yk0nQFd5KpmxkS (BLEE 187 - Mighty 46.5% Max down 8.5% Fighting for Direction June, July, August SDOW/TQQQ, UDOW/SQQQ 5% GOLD ) -> composer_allocations_auto_ODpyX0yk0nQFd5KpmxkS.json
[2026-07-19T15:51:07]   Auto-included symphony uP4EOQmkexROiO18SaiN (BLEE - 185 2026 SGOV Bond 20% Yield (Rate high yeild year only over 4%) and Min Dual Reversal ) -> composer_allocations_auto_uP4EOQmkexROiO18SaiN.json
[2026-07-19T15:51:07]   Auto-included symphony 7GJZdYouz3l3acrmUPOD (BLEE - 186 2026 ALL in One 57% ave-7.8% Max-Down SGOV Bond (Rate high yeild year only over 4%)  (Buy Copy) (Buy Copy) (Buy Copy) (Buy Copy)) -> composer_allocations_auto_7GJZdYouz3l3acrmUPOD.json
[2026-07-19T15:51:07]   Auto-included symphony WFgywuUjhvmhGDXL8Lk7 (BLEE 186 - 40% Max down 5.8% Fighting for direction like June, July, August SDOW/TQQQ, UDOW/SQQQ (Buy Copy)) -> composer_allocations_auto_WFgywuUjhvmhGDXL8Lk7.json
[2026-07-19T15:51:07]   Auto-included symphony GMNP4EySQOi6pVw3ZzLb (BLEE 187 - Mighty Roth 45.6% - Maxdown 7.9% Fighting for Direction June, July, August SDOW/TQQQ, UDOW/SQQQ 5% GOLD) -> composer_allocations_auto_GMNP4EySQOi6pVw3ZzLb.json
[2026-07-19T15:51:07] Regenerated CurrentWatchSymphony.html (9 symphonies)
[2026-07-19T15:51:07] === Done ===
[2026-07-19T15:51:14] Stamped last-updated (07/19/2026 03:51 PM ET) into index.html
[2026-07-19T15:51:14] Stamped last-updated (07/19/2026 03:51 PM ET) into performance1.html
[2026-07-19T15:51:14] Stamped last-updated (07/19/2026 03:51 PM ET) into Algorithm185History.html
[2026-07-19T15:51:14] --- Pushing updates to GitHub ---
[2026-07-19T15:51:14]   $ git -C "C:\Kei\ComposerInvest" add .
[2026-07-19T15:51:15]   $ git -C "C:\Kei\ComposerInvest" commit -m "daily auto update 2026-07-19"
[2026-07-19T15:51:15]   $ git -C "C:\Kei\ComposerInvest" push
[2026-07-19T15:51:22] GitHub push successful.
[2026-07-19T15:53:02] market_report: === Market report generation started ===
[2026-07-19T15:53:02] market_report: Loaded 21 ETF points from Index_50_point.csv
[2026-07-19T15:53:02] market_report: Loaded 18 ETF allocations from composer_allocations_187hi.json (BLEE - 187 2026 ALL in One For High Interest Period)
[2026-07-19T15:53:05] market_report:   RSI-14 fetched: 48.4 (SPY close=743.29)
[2026-07-19T15:53:05] market_report:   RSI signal: Mildly Overbought — slight bear lean (10d avg=55.13, adj=-5, new score=+6.06)
[2026-07-19T15:53:05] market_report:   RSI override not triggered: Today RSI 49.2 ≤ 76.0 — override not triggered
[2026-07-19T15:53:05] market_report: Composite score: +6.06 -> Mostly Cloudy
[2026-07-19T15:53:06] market_report:   RSS WSJ: 20 items fetched
[2026-07-19T15:53:06] market_report:   Selected [WSJ] topic=EQUITY: Stocks Sink in Broad AI Rout Sparked by China's DeepSeek
[2026-07-19T15:53:08] market_report:   RSS Yahoo Finance: 50 items fetched
[2026-07-19T15:53:08] market_report:   Selected [Yahoo Finance] topic=OTHER: Spend the IRA First, Claim Social Security Last: The Order That Adds S
[2026-07-19T15:53:09] market_report:   RSS fetch failed (Barron's): HTTP Error 403: Forbidden
[2026-07-19T15:53:09] market_report:   Barron's: RSS unavailable, using hardcoded fallback
[2026-07-19T15:53:09] market_report:   Selected [Barron's] topic=MACRO: Trade Winds: Tariff Developments Continue to Reshape Global Supply Cha
[2026-07-19T15:53:09] market_report: Fetched 3 news items
[2026-07-19T15:53:09] market_report: Updated marketDailySummary.html with score=+6.06 (Mostly Cloudy)
[2026-07-19T15:53:09] market_report: Stamped last-updated (07/19/2026 03:53 PM ET) into index.html
[2026-07-19T15:53:09] market_report: Stamped last-updated (07/19/2026 03:53 PM ET) into performance1.html
[2026-07-19T15:53:09] market_report: Stamped last-updated (07/19/2026 03:53 PM ET) into Algorithm185History.html
[2026-07-19T15:53:09] market_report: === Market report generation complete ===
[2026-07-20T15:51:01] archive: === Archive started ===
[2026-07-20T15:51:01] archive:   Archived -> marketForecast_2026-07-20.html
[2026-07-20T15:51:01] archive:   Archived -> dailySignal_2026-07-20.html
[2026-07-20T15:51:01] archive:   SKIP (not found): index_186main.html
[2026-07-20T15:51:01] archive:   Archived -> signal185_2026-07-20.html
[2026-07-20T15:51:01] archive:   Archived -> signalKei186_2026-07-20.html
[2026-07-20T15:51:01] archive:   Archived -> signal187hi_2026-07-20.html
[2026-07-20T15:51:02] archive: Rebuilt BackLog/index.html � 61 dates, 118 files
[2026-07-20T15:51:02] archive: === Archive complete ===
[2026-07-20T15:51:02] === Composer daily allocation pull ===
[2026-07-20T15:51:02] Configured symphonies: ['WgHFDD7PsDJYTw3ZCvZx', 'jtQvlI5wINrxpOfxgmgl', 'qjmHJ3IR19kmaAlbgkNj', 'ZGersOlsQFRHg7U2qnSw', 'g7WBkfIc6UWUWC6NiAdu', 'BNwivIq0tIEyex2D10GM', 'gHJn5DKfpQ6g6VGXHOQO', 'onbkd6V1mHyOAFsWWSlJ']
[2026-07-20T15:51:02] No account_uuid in config; discovering via /accounts/list...
[2026-07-20T15:51:03]   account: uuid=b0d61a36-f329-4226-9d82-4494deaee5f5  {"first_deploy_at": "2023-12-29T14:13:04.640912Z", "account_type": "ROTH_IRA", "first_incoming_acats_transfer_at": null, "first_direct_trade_at": null, "direct_tradable_asset_classes": {"buy": [], "sell": []}, "has_queued_deploy": false, "f
[2026-07-20T15:51:03]   account: uuid=ab37a3ba-4df7-4d20-b239-6ba1b13d159a  {"first_deploy_at": null, "account_type": "TRADITIONAL_IRA", "first_incoming_acats_transfer_at": null, "first_direct_trade_at": null, "direct_tradable_asset_classes": {"buy": [], "sell": []}, "has_queued_deploy": false, "first_deposit_at": 
[2026-07-20T15:51:03]   account: uuid=5faa30f0-1913-43f2-9d0d-63aa6394e07c  {"first_deploy_at": "2023-05-18T19:48:28.886816Z", "account_type": "INDIVIDUAL", "first_incoming_acats_transfer_at": null, "first_direct_trade_at": "2025-07-22T15:01:44.425605Z", "direct_tradable_asset_classes": {"buy": ["EQUITIES"], "sell"
[2026-07-20T15:51:03] Matched account_number 171091982 -> 5faa30f0-1913-43f2-9d0d-63aa6394e07c
[2026-07-20T15:51:03] Matched account_number 4CM05765 -> b0d61a36-f329-4226-9d82-4494deaee5f5
[2026-07-20T15:51:03] Pulling from 2 account(s): ['5faa30f0-1913-43f2-9d0d-63aa6394e07c', 'b0d61a36-f329-4226-9d82-4494deaee5f5']
[2026-07-20T15:51:03] Fetching per-symphony stats from /portfolio/.../symphony-stats-meta...
[2026-07-20T15:51:03] GET /api/v0.1/portfolio/accounts/5faa30f0-1913-43f2-9d0d-63aa6394e07c/symphony-stats-meta
[2026-07-20T15:51:09] GET /api/v0.1/portfolio/accounts/b0d61a36-f329-4226-9d82-4494deaee5f5/symphony-stats-meta
[2026-07-20T15:51:11] Saved merged symphony-stats (10 symphonies) to composer_symphony_stats_2026-07-20.json
[2026-07-20T15:51:11] True Composer account total (all symphonies): $137,052.58
[2026-07-20T15:51:11] --- BLEE - 186 2026 ALL in One 57% Max-Down SGOV Bond (WgHFDD7PsDJYTw3ZCvZx) ---
[2026-07-20T15:51:11]   WARN: symphony-stats-meta returned no positions for WgHFDD7PsDJYTw3ZCvZx (check 2026-07-20 JSON to verify the id matches one in the response)
[2026-07-20T15:51:11]   ERROR: no positions found for WgHFDD7PsDJYTw3ZCvZx; skipping CSV/HTML for this symphony
[2026-07-20T15:51:11] --- BLEE - 186 2026 ALL in One (jtQvlI5wINrxpOfxgmgl) ---
[2026-07-20T15:51:11]   WARN: symphony-stats-meta returned no positions for jtQvlI5wINrxpOfxgmgl (check 2026-07-20 JSON to verify the id matches one in the response)
[2026-07-20T15:51:11]   ERROR: no positions found for jtQvlI5wINrxpOfxgmgl; skipping CSV/HTML for this symphony
[2026-07-20T15:51:11] --- BLEE - 187 2026 SGOV Bond 20% Yield and Min Dual Reversal (qjmHJ3IR19kmaAlbgkNj) ---
[2026-07-20T15:51:11]   WARN: symphony-stats-meta returned no positions for qjmHJ3IR19kmaAlbgkNj (check 2026-07-20 JSON to verify the id matches one in the response)
[2026-07-20T15:51:11]   ERROR: no positions found for qjmHJ3IR19kmaAlbgkNj; skipping CSV/HTML for this symphony
[2026-07-20T15:51:11] --- BLEE - 185 2026 SGOV and Dual Reversal (ZGersOlsQFRHg7U2qnSw) ---
[2026-07-20T15:51:11]   Got 8 positions from symphony-stats-meta
[2026-07-20T15:51:11]   RSI override: DISABLED (symphony handles its own rotation)
[2026-07-20T15:51:11]   Saved today's slice to composer_allocations_185v2_2026-07-20.json
[2026-07-20T15:51:11]   Updated stable file: composer_allocations_185.json
[2026-07-20T15:51:11]   Wrote 8 rows for 2026-07-20 to composer_allocations_185v2.csv (kept 187 prior rows, source=symphony-stats-meta)
[2026-07-20T15:51:11] Generated dashboard -> index_185v2.html (value=$5,256.80, days=45)
[2026-07-20T15:51:11]   Prepended 2026-07-20 row to composer_allocations_185_3yr2.csv
[2026-07-20T15:51:11]   Prepended 2026-07-20 row to Algorithm185History.html ALLOC_DATA
[2026-07-20T15:51:11] --- BLEE A - 186 Part 1 Kei 90% NVDA (g7WBkfIc6UWUWC6NiAdu) ---
[2026-07-20T15:51:11]   Got 11 positions from symphony-stats-meta
[2026-07-20T15:51:11]   RSI override: DISABLED (symphony handles its own rotation)
[2026-07-20T15:51:11]   Saved today's slice to composer_allocations_kei186_2026-07-20.json
[2026-07-20T15:51:11]   Updated stable file: composer_allocations_kei186.json
[2026-07-20T15:51:11]   Wrote 11 rows for 2026-07-20 to composer_allocations_kei186.csv (kept 499 prior rows, source=symphony-stats-meta)
[2026-07-20T15:51:11] Generated dashboard -> index_kei186.html (value=$788.07, days=46)
[2026-07-20T15:51:11] --- BLEE - 187 2026 ALL in One For High Interest Period (BNwivIq0tIEyex2D10GM) ---
[2026-07-20T15:51:11]   WARN: symphony-stats-meta returned no positions for BNwivIq0tIEyex2D10GM (check 2026-07-20 JSON to verify the id matches one in the response)
[2026-07-20T15:51:11]   ERROR: no positions found for BNwivIq0tIEyex2D10GM; skipping CSV/HTML for this symphony
[2026-07-20T15:51:11] --- BLEE 186 - 40% Max down 5.8% Fighting for Direction SDOW/TQQQ UDOW/SQQQ (gHJn5DKfpQ6g6VGXHOQO) ---
[2026-07-20T15:51:11]   WARN: symphony-stats-meta returned no positions for gHJn5DKfpQ6g6VGXHOQO (check 2026-07-20 JSON to verify the id matches one in the response)
[2026-07-20T15:51:11]   ERROR: no positions found for gHJn5DKfpQ6g6VGXHOQO; skipping CSV/HTML for this symphony
[2026-07-20T15:51:11] --- BLEE 186 - 65% Max down 12.6% Fighting for Direction Max SDOW/TQQQ UDOW/SQQQ (onbkd6V1mHyOAFsWWSlJ) ---
[2026-07-20T15:51:11]   WARN: symphony-stats-meta returned no positions for onbkd6V1mHyOAFsWWSlJ (check 2026-07-20 JSON to verify the id matches one in the response)
[2026-07-20T15:51:11]   ERROR: no positions found for onbkd6V1mHyOAFsWWSlJ; skipping CSV/HTML for this symphony
[2026-07-20T15:51:11] Published signal_latest.json (3 positions, date=2026-06-10)
[2026-07-20T15:51:11]   Auto-included symphony TfiUABT4dGaX6KDFGfXv (BLEE 187 - Ave 55% MaxDown 10% Fighting for Direction Max like June, July, August SDOW/TQQQ, UDOW/SQQQ) -> composer_allocations_auto_TfiUABT4dGaX6KDFGfXv.json
[2026-07-20T15:51:11]   Auto-included symphony gICliANou8gaLs6mjgha (BLEE 186 - 40% Max down 5.8% Fighting for direction like June, July, August SDOW/TQQQ, UDOW/SQQQ (Buy Copy)) -> composer_allocations_auto_gICliANou8gaLs6mjgha.json
[2026-07-20T15:51:11]   Auto-included symphony uP4EOQmkexROiO18SaiN (BLEE - 185 2026 SGOV Bond 20% Yield (Rate high yeild year only over 4%) and Min Dual Reversal ) -> composer_allocations_auto_uP4EOQmkexROiO18SaiN.json
[2026-07-20T15:51:11]   Auto-included symphony 7GJZdYouz3l3acrmUPOD (BLEE - 186 2026 ALL in One 57% ave-7.8% Max-Down SGOV Bond (Rate high yeild year only over 4%)  (Buy Copy) (Buy Copy) (Buy Copy) (Buy Copy)) -> composer_allocations_auto_7GJZdYouz3l3acrmUPOD.json
[2026-07-20T15:51:11]   Auto-included symphony WFgywuUjhvmhGDXL8Lk7 (BLEE 186 - 40% Max down 5.8% Fighting for direction like June, July, August SDOW/TQQQ, UDOW/SQQQ (Buy Copy)) -> composer_allocations_auto_WFgywuUjhvmhGDXL8Lk7.json
[2026-07-20T15:51:12]   Auto-included symphony GMNP4EySQOi6pVw3ZzLb (BLEE 187 - Mighty Roth 45.6% - Maxdown 7.9% Fighting for Direction June, July, August SDOW/TQQQ, UDOW/SQQQ 5% GOLD) -> composer_allocations_auto_GMNP4EySQOi6pVw3ZzLb.json
[2026-07-20T15:51:12] Regenerated CurrentWatchSymphony.html (8 symphonies)
[2026-07-20T15:51:12] === Done ===
[2026-07-20T15:51:18] Stamped last-updated (07/20/2026 03:51 PM ET) into index.html
[2026-07-20T15:51:18] Stamped last-updated (07/20/2026 03:51 PM ET) into performance1.html
[2026-07-20T15:51:19] Stamped last-updated (07/20/2026 03:51 PM ET) into Algorithm185History.html
[2026-07-20T15:51:19] --- Pushing updates to GitHub ---
[2026-07-20T15:51:19]   $ git -C "C:\Kei\ComposerInvest" add .
[2026-07-20T15:51:19]   $ git -C "C:\Kei\ComposerInvest" commit -m "daily auto update 2026-07-20"
[2026-07-20T15:51:20]   $ git -C "C:\Kei\ComposerInvest" push
[2026-07-20T15:51:26] GitHub push successful.
[2026-07-20T15:53:02] market_report: === Market report generation started ===
[2026-07-20T15:53:02] market_report: Loaded 21 ETF points from Index_50_point.csv
[2026-07-20T15:53:02] market_report: Loaded 18 ETF allocations from composer_allocations_187hi.json (BLEE - 187 2026 ALL in One For High Interest Period)
[2026-07-20T15:53:08] market_report:   RSI-14 fetched: 47.12 (SPY close=742.01)
[2026-07-20T15:53:08] market_report:   RSI signal: Neutral RSI (10d avg=54.06, adj=+0, new score=+11.06)
[2026-07-20T15:53:08] market_report:   RSI override not triggered: Today RSI 47.1 ≤ 76.0 — override not triggered
[2026-07-20T15:53:08] market_report: Composite score: +11.06 -> Mostly Cloudy
[2026-07-20T15:53:12] market_report:   RSS WSJ: 20 items fetched
[2026-07-20T15:53:12] market_report:   Selected [WSJ] topic=EQUITY: Stocks Sink in Broad AI Rout Sparked by China's DeepSeek
[2026-07-20T15:53:15] market_report:   RSS Yahoo Finance: 50 items fetched
[2026-07-20T15:53:15] market_report:   Selected [Yahoo Finance] topic=RISK: Major car dealer cuts 40% of its locations, issues serious warning
[2026-07-20T15:53:18] market_report:   RSS fetch failed (Barron's): HTTP Error 403: Forbidden
[2026-07-20T15:53:18] market_report:   Barron's: RSS unavailable, using hardcoded fallback
[2026-07-20T15:53:18] market_report:   Selected [Barron's] topic=MACRO: Trade Winds: Tariff Developments Continue to Reshape Global Supply Cha
[2026-07-20T15:53:18] market_report: Fetched 3 news items
[2026-07-20T15:53:18] market_report: Updated marketDailySummary.html with score=+11.06 (Mostly Cloudy)
[2026-07-20T15:53:18] market_report: Stamped last-updated (07/20/2026 03:53 PM ET) into index.html
[2026-07-20T15:53:18] market_report: Stamped last-updated (07/20/2026 03:53 PM ET) into performance1.html
[2026-07-20T15:53:18] market_report: Stamped last-updated (07/20/2026 03:53 PM ET) into Algorithm185History.html
[2026-07-20T15:53:18] market_report: === Market report generation complete ===
[2026-07-21T15:51:00] archive: === Archive started ===
[2026-07-21T15:51:00] archive:   Archived -> marketForecast_2026-07-21.html
[2026-07-21T15:51:00] archive:   Archived -> dailySignal_2026-07-21.html
[2026-07-21T15:51:00] archive:   SKIP (not found): index_186main.html
[2026-07-21T15:51:01] archive:   Archived -> signal185_2026-07-21.html
[2026-07-21T15:51:01] archive:   Archived -> signalKei186_2026-07-21.html
[2026-07-21T15:51:01] archive:   Archived -> signal187hi_2026-07-21.html
[2026-07-21T15:51:01] archive: Rebuilt BackLog/index.html � 62 dates, 120 files
[2026-07-21T15:51:01] archive: === Archive complete ===
[2026-07-21T15:51:01] === Composer daily allocation pull ===
[2026-07-21T15:51:01] Configured symphonies: ['WgHFDD7PsDJYTw3ZCvZx', 'jtQvlI5wINrxpOfxgmgl', 'qjmHJ3IR19kmaAlbgkNj', 'ZGersOlsQFRHg7U2qnSw', 'g7WBkfIc6UWUWC6NiAdu', 'BNwivIq0tIEyex2D10GM', 'gHJn5DKfpQ6g6VGXHOQO', 'onbkd6V1mHyOAFsWWSlJ']
[2026-07-21T15:51:01] No account_uuid in config; discovering via /accounts/list...
[2026-07-21T15:51:02]   account: uuid=b0d61a36-f329-4226-9d82-4494deaee5f5  {"first_deploy_at": "2023-12-29T14:13:04.640912Z", "account_type": "ROTH_IRA", "first_incoming_acats_transfer_at": null, "first_direct_trade_at": null, "direct_tradable_asset_classes": {"buy": [], "sell": []}, "has_queued_deploy": true, "fi
[2026-07-21T15:51:02]   account: uuid=ab37a3ba-4df7-4d20-b239-6ba1b13d159a  {"first_deploy_at": null, "account_type": "TRADITIONAL_IRA", "first_incoming_acats_transfer_at": null, "first_direct_trade_at": null, "direct_tradable_asset_classes": {"buy": [], "sell": []}, "has_queued_deploy": false, "first_deposit_at": 
[2026-07-21T15:51:02]   account: uuid=5faa30f0-1913-43f2-9d0d-63aa6394e07c  {"first_deploy_at": "2023-05-18T19:48:28.886816Z", "account_type": "INDIVIDUAL", "first_incoming_acats_transfer_at": null, "first_direct_trade_at": "2025-07-22T15:01:44.425605Z", "direct_tradable_asset_classes": {"buy": ["EQUITIES"], "sell"
[2026-07-21T15:51:02] Matched account_number 171091982 -> 5faa30f0-1913-43f2-9d0d-63aa6394e07c
[2026-07-21T15:51:02] Matched account_number 4CM05765 -> b0d61a36-f329-4226-9d82-4494deaee5f5
[2026-07-21T15:51:02] Pulling from 2 account(s): ['5faa30f0-1913-43f2-9d0d-63aa6394e07c', 'b0d61a36-f329-4226-9d82-4494deaee5f5']
[2026-07-21T15:51:02] Fetching per-symphony stats from /portfolio/.../symphony-stats-meta...
[2026-07-21T15:51:02] GET /api/v0.1/portfolio/accounts/5faa30f0-1913-43f2-9d0d-63aa6394e07c/symphony-stats-meta
[2026-07-21T15:51:04] GET /api/v0.1/portfolio/accounts/b0d61a36-f329-4226-9d82-4494deaee5f5/symphony-stats-meta
[2026-07-21T15:51:06] Saved merged symphony-stats (10 symphonies) to composer_symphony_stats_2026-07-21.json
[2026-07-21T15:51:06] True Composer account total (all symphonies): $238,232.74
[2026-07-21T15:51:06] --- BLEE - 186 2026 ALL in One 57% Max-Down SGOV Bond (WgHFDD7PsDJYTw3ZCvZx) ---
[2026-07-21T15:51:06]   WARN: symphony-stats-meta returned no positions for WgHFDD7PsDJYTw3ZCvZx (check 2026-07-21 JSON to verify the id matches one in the response)
[2026-07-21T15:51:06]   ERROR: no positions found for WgHFDD7PsDJYTw3ZCvZx; skipping CSV/HTML for this symphony
[2026-07-21T15:51:06] --- BLEE - 186 2026 ALL in One (jtQvlI5wINrxpOfxgmgl) ---
[2026-07-21T15:51:06]   WARN: symphony-stats-meta returned no positions for jtQvlI5wINrxpOfxgmgl (check 2026-07-21 JSON to verify the id matches one in the response)
[2026-07-21T15:51:06]   ERROR: no positions found for jtQvlI5wINrxpOfxgmgl; skipping CSV/HTML for this symphony
[2026-07-21T15:51:06] --- BLEE - 187 2026 SGOV Bond 20% Yield and Min Dual Reversal (qjmHJ3IR19kmaAlbgkNj) ---
[2026-07-21T15:51:06]   WARN: symphony-stats-meta returned no positions for qjmHJ3IR19kmaAlbgkNj (check 2026-07-21 JSON to verify the id matches one in the response)
[2026-07-21T15:51:06]   ERROR: no positions found for qjmHJ3IR19kmaAlbgkNj; skipping CSV/HTML for this symphony
[2026-07-21T15:51:06] --- BLEE - 185 2026 SGOV and Dual Reversal (ZGersOlsQFRHg7U2qnSw) ---
[2026-07-21T15:51:06]   Got 5 positions from symphony-stats-meta
[2026-07-21T15:51:06]   RSI override: DISABLED (symphony handles its own rotation)
[2026-07-21T15:51:06]   Saved today's slice to composer_allocations_185v2_2026-07-21.json
[2026-07-21T15:51:06]   Updated stable file: composer_allocations_185.json
[2026-07-21T15:51:06]   Wrote 5 rows for 2026-07-21 to composer_allocations_185v2.csv (kept 195 prior rows, source=symphony-stats-meta)
[2026-07-21T15:51:06] Generated dashboard -> index_185v2.html (value=$2,239.55, days=46)
[2026-07-21T15:51:06]   Prepended 2026-07-21 row to composer_allocations_185_3yr2.csv
[2026-07-21T15:51:06]   Prepended 2026-07-21 row to Algorithm185History.html ALLOC_DATA
[2026-07-21T15:51:06] --- BLEE A - 186 Part 1 Kei 90% NVDA (g7WBkfIc6UWUWC6NiAdu) ---
[2026-07-21T15:51:06]   Got 11 positions from symphony-stats-meta
[2026-07-21T15:51:06]   RSI override: DISABLED (symphony handles its own rotation)
[2026-07-21T15:51:06]   Saved today's slice to composer_allocations_kei186_2026-07-21.json
[2026-07-21T15:51:06]   Updated stable file: composer_allocations_kei186.json
[2026-07-21T15:51:06]   Wrote 11 rows for 2026-07-21 to composer_allocations_kei186.csv (kept 510 prior rows, source=symphony-stats-meta)
[2026-07-21T15:51:07] Generated dashboard -> index_kei186.html (value=$40,755.55, days=47)
[2026-07-21T15:51:07] --- BLEE - 187 2026 ALL in One For High Interest Period (BNwivIq0tIEyex2D10GM) ---
[2026-07-21T15:51:07]   WARN: symphony-stats-meta returned no positions for BNwivIq0tIEyex2D10GM (check 2026-07-21 JSON to verify the id matches one in the response)
[2026-07-21T15:51:07]   ERROR: no positions found for BNwivIq0tIEyex2D10GM; skipping CSV/HTML for this symphony
[2026-07-21T15:51:07] --- BLEE 186 - 40% Max down 5.8% Fighting for Direction SDOW/TQQQ UDOW/SQQQ (gHJn5DKfpQ6g6VGXHOQO) ---
[2026-07-21T15:51:07]   WARN: symphony-stats-meta returned no positions for gHJn5DKfpQ6g6VGXHOQO (check 2026-07-21 JSON to verify the id matches one in the response)
[2026-07-21T15:51:07]   ERROR: no positions found for gHJn5DKfpQ6g6VGXHOQO; skipping CSV/HTML for this symphony
[2026-07-21T15:51:07] --- BLEE 186 - 65% Max down 12.6% Fighting for Direction Max SDOW/TQQQ UDOW/SQQQ (onbkd6V1mHyOAFsWWSlJ) ---
[2026-07-21T15:51:07]   WARN: symphony-stats-meta returned no positions for onbkd6V1mHyOAFsWWSlJ (check 2026-07-21 JSON to verify the id matches one in the response)
[2026-07-21T15:51:07]   ERROR: no positions found for onbkd6V1mHyOAFsWWSlJ; skipping CSV/HTML for this symphony
[2026-07-21T15:51:07] Published signal_latest.json (3 positions, date=2026-06-10)
[2026-07-21T15:51:07]   Auto-included symphony fDTM4I7WCrXdp6REP33m (BLEE - 187 TQQQ ) -> composer_allocations_auto_fDTM4I7WCrXdp6REP33m.json
[2026-07-21T15:51:07]   Auto-included symphony TfiUABT4dGaX6KDFGfXv (BLEE 187 - Ave 55% MaxDown 10% Fighting for Direction Max like June, July, August SDOW/TQQQ, UDOW/SQQQ) -> composer_allocations_auto_TfiUABT4dGaX6KDFGfXv.json
[2026-07-21T15:51:07]   Auto-included symphony gICliANou8gaLs6mjgha (BLEE 186 - 40% Max down 5.8% Fighting for direction like June, July, August SDOW/TQQQ, UDOW/SQQQ (Buy Copy)) -> composer_allocations_auto_gICliANou8gaLs6mjgha.json
[2026-07-21T15:51:07]   Auto-included symphony ODpyX0yk0nQFd5KpmxkS (BLEE 187 - Mighty 46.5% Max down 8.5% Fighting for Direction June, July, August SDOW/TQQQ, UDOW/SQQQ 5% GOLD ) -> composer_allocations_auto_ODpyX0yk0nQFd5KpmxkS.json
[2026-07-21T15:51:07]   Auto-included symphony uP4EOQmkexROiO18SaiN (BLEE - 185 2026 SGOV Bond 20% Yield (Rate high yeild year only over 4%) and Min Dual Reversal ) -> composer_allocations_auto_uP4EOQmkexROiO18SaiN.json
[2026-07-21T15:51:07]   Auto-included symphony 7GJZdYouz3l3acrmUPOD (BLEE - 186 2026 ALL in One 57% ave-7.8% Max-Down SGOV Bond (Rate high yeild year only over 4%)  (Buy Copy) (Buy Copy) (Buy Copy) (Buy Copy)) -> composer_allocations_auto_7GJZdYouz3l3acrmUPOD.json
[2026-07-21T15:51:07]   Auto-included symphony WFgywuUjhvmhGDXL8Lk7 (BLEE 186 - 40% Max down 5.8% Fighting for direction like June, July, August SDOW/TQQQ, UDOW/SQQQ (Buy Copy)) -> composer_allocations_auto_WFgywuUjhvmhGDXL8Lk7.json
[2026-07-21T15:51:07]   Auto-included symphony GMNP4EySQOi6pVw3ZzLb (BLEE 187 - Mighty Roth 46.6% - Maxdown 7.2% Fighting for Direction June, July, August SDOW/TQQQ, UDOW/SQQQ 5% GOLD) -> composer_allocations_auto_GMNP4EySQOi6pVw3ZzLb.json
[2026-07-21T15:51:07] Regenerated CurrentWatchSymphony.html (10 symphonies)
[2026-07-21T15:51:07] === Done ===
[2026-07-21T15:51:15] Stamped last-updated (07/21/2026 03:51 PM ET) into index.html
[2026-07-21T15:51:15] Stamped last-updated (07/21/2026 03:51 PM ET) into performance1.html
[2026-07-21T15:51:15] Stamped last-updated (07/21/2026 03:51 PM ET) into Algorithm185History.html
[2026-07-21T15:51:15] --- Pushing updates to GitHub ---
[2026-07-21T15:51:15]   $ git -C "C:\Kei\ComposerInvest" add .
[2026-07-21T15:51:16]   $ git -C "C:\Kei\ComposerInvest" commit -m "daily auto update 2026-07-21"
[2026-07-21T15:51:16]   $ git -C "C:\Kei\ComposerInvest" push
[2026-07-21T15:51:23] GitHub push successful.
[2026-07-21T15:53:02] market_report: === Market report generation started ===
[2026-07-21T15:53:02] market_report: Loaded 21 ETF points from Index_50_point.csv
[2026-07-21T15:53:02] market_report: Loaded 18 ETF allocations from composer_allocations_187hi.json (BLEE - 187 2026 ALL in One For High Interest Period)
[2026-07-21T15:53:05] market_report:   RSI-14 fetched: 51.93 (SPY close=748.5)
[2026-07-21T15:53:05] market_report:   RSI signal: Neutral RSI (10d avg=53.81, adj=+0, new score=+11.06)
[2026-07-21T15:53:05] market_report:   RSI override not triggered: Today RSI 51.9 ≤ 76.0 — override not triggered
[2026-07-21T15:53:05] market_report: Composite score: +11.06 -> Mostly Cloudy
[2026-07-21T15:53:07] market_report:   RSS WSJ: 20 items fetched
[2026-07-21T15:53:07] market_report:   Selected [WSJ] topic=EQUITY: Stocks Sink in Broad AI Rout Sparked by China's DeepSeek
[2026-07-21T15:53:08] market_report:   RSS Yahoo Finance: 50 items fetched
[2026-07-21T15:53:08] market_report:   Selected [Yahoo Finance] topic=OTHER: Spain just opened a door America slammed shut
[2026-07-21T15:53:09] market_report:   RSS fetch failed (Barron's): HTTP Error 403: Forbidden
[2026-07-21T15:53:09] market_report:   Barron's: RSS unavailable, using hardcoded fallback
[2026-07-21T15:53:09] market_report:   Selected [Barron's] topic=MACRO: Trade Winds: Tariff Developments Continue to Reshape Global Supply Cha
[2026-07-21T15:53:09] market_report: Fetched 3 news items
[2026-07-21T15:53:09] market_report: Updated marketDailySummary.html with score=+11.06 (Mostly Cloudy)
[2026-07-21T15:53:09] market_report: Stamped last-updated (07/21/2026 03:53 PM ET) into index.html
[2026-07-21T15:53:10] market_report: Stamped last-updated (07/21/2026 03:53 PM ET) into performance1.html
[2026-07-21T15:53:10] market_report: Stamped last-updated (07/21/2026 03:53 PM ET) into Algorithm185History.html
[2026-07-21T15:53:10] market_report: === Market report generation complete ===
[2026-07-22T15:51:00] archive: === Archive started ===
[2026-07-22T15:51:00] archive:   Archived -> marketForecast_2026-07-22.html
[2026-07-22T15:51:00] archive:   Archived -> dailySignal_2026-07-22.html
[2026-07-22T15:51:00] archive:   SKIP (not found): index_186main.html
[2026-07-22T15:51:01] archive:   Archived -> signal185_2026-07-22.html
[2026-07-22T15:51:01] archive:   Archived -> signalKei186_2026-07-22.html
[2026-07-22T15:51:01] archive:   Archived -> signal187hi_2026-07-22.html
[2026-07-22T15:51:01] archive: Rebuilt BackLog/index.html � 63 dates, 122 files
[2026-07-22T15:51:01] archive: === Archive complete ===
[2026-07-22T15:51:01] === Composer daily allocation pull ===
[2026-07-22T15:51:01] Configured symphonies: ['WgHFDD7PsDJYTw3ZCvZx', 'jtQvlI5wINrxpOfxgmgl', 'qjmHJ3IR19kmaAlbgkNj', 'ZGersOlsQFRHg7U2qnSw', 'g7WBkfIc6UWUWC6NiAdu', 'BNwivIq0tIEyex2D10GM', 'gHJn5DKfpQ6g6VGXHOQO', 'onbkd6V1mHyOAFsWWSlJ']
[2026-07-22T15:51:01] No account_uuid in config; discovering via /accounts/list...
[2026-07-22T15:51:03]   account: uuid=b0d61a36-f329-4226-9d82-4494deaee5f5  {"first_deploy_at": "2023-12-29T14:13:04.640912Z", "account_type": "ROTH_IRA", "first_incoming_acats_transfer_at": null, "first_direct_trade_at": null, "direct_tradable_asset_classes": {"buy": [], "sell": []}, "has_queued_deploy": false, "f
[2026-07-22T15:51:03]   account: uuid=ab37a3ba-4df7-4d20-b239-6ba1b13d159a  {"first_deploy_at": null, "account_type": "TRADITIONAL_IRA", "first_incoming_acats_transfer_at": null, "first_direct_trade_at": null, "direct_tradable_asset_classes": {"buy": [], "sell": []}, "has_queued_deploy": false, "first_deposit_at": 
[2026-07-22T15:51:03]   account: uuid=5faa30f0-1913-43f2-9d0d-63aa6394e07c  {"first_deploy_at": "2023-05-18T19:48:28.886816Z", "account_type": "INDIVIDUAL", "first_incoming_acats_transfer_at": null, "first_direct_trade_at": "2025-07-22T15:01:44.425605Z", "direct_tradable_asset_classes": {"buy": ["EQUITIES"], "sell"
[2026-07-22T15:51:03] Matched account_number 171091982 -> 5faa30f0-1913-43f2-9d0d-63aa6394e07c
[2026-07-22T15:51:03] Matched account_number 4CM05765 -> b0d61a36-f329-4226-9d82-4494deaee5f5
[2026-07-22T15:51:03] Pulling from 2 account(s): ['5faa30f0-1913-43f2-9d0d-63aa6394e07c', 'b0d61a36-f329-4226-9d82-4494deaee5f5']
[2026-07-22T15:51:03] Fetching per-symphony stats from /portfolio/.../symphony-stats-meta...
[2026-07-22T15:51:03] GET /api/v0.1/portfolio/accounts/5faa30f0-1913-43f2-9d0d-63aa6394e07c/symphony-stats-meta
[2026-07-22T15:51:07] GET /api/v0.1/portfolio/accounts/b0d61a36-f329-4226-9d82-4494deaee5f5/symphony-stats-meta
[2026-07-22T15:51:09] Saved merged symphony-stats (9 symphonies) to composer_symphony_stats_2026-07-22.json
[2026-07-22T15:51:09] True Composer account total (all symphonies): $241,920.87
[2026-07-22T15:51:09] --- BLEE - 186 2026 ALL in One 57% Max-Down SGOV Bond (WgHFDD7PsDJYTw3ZCvZx) ---
[2026-07-22T15:51:09]   WARN: symphony-stats-meta returned no positions for WgHFDD7PsDJYTw3ZCvZx (check 2026-07-22 JSON to verify the id matches one in the response)
[2026-07-22T15:51:09]   ERROR: no positions found for WgHFDD7PsDJYTw3ZCvZx; skipping CSV/HTML for this symphony
[2026-07-22T15:51:09] --- BLEE - 186 2026 ALL in One (jtQvlI5wINrxpOfxgmgl) ---
[2026-07-22T15:51:09]   WARN: symphony-stats-meta returned no positions for jtQvlI5wINrxpOfxgmgl (check 2026-07-22 JSON to verify the id matches one in the response)
[2026-07-22T15:51:09]   ERROR: no positions found for jtQvlI5wINrxpOfxgmgl; skipping CSV/HTML for this symphony
[2026-07-22T15:51:09] --- BLEE - 187 2026 SGOV Bond 20% Yield and Min Dual Reversal (qjmHJ3IR19kmaAlbgkNj) ---
[2026-07-22T15:51:09]   WARN: symphony-stats-meta returned no positions for qjmHJ3IR19kmaAlbgkNj (check 2026-07-22 JSON to verify the id matches one in the response)
[2026-07-22T15:51:09]   ERROR: no positions found for qjmHJ3IR19kmaAlbgkNj; skipping CSV/HTML for this symphony
[2026-07-22T15:51:09] --- BLEE - 185 2026 SGOV and Dual Reversal (ZGersOlsQFRHg7U2qnSw) ---
[2026-07-22T15:51:09]   Got 5 positions from symphony-stats-meta
[2026-07-22T15:51:09]   RSI override: DISABLED (symphony handles its own rotation)
[2026-07-22T15:51:09]   Saved today's slice to composer_allocations_185v2_2026-07-22.json
[2026-07-22T15:51:09]   Updated stable file: composer_allocations_185.json
[2026-07-22T15:51:09]   Wrote 5 rows for 2026-07-22 to composer_allocations_185v2.csv (kept 200 prior rows, source=symphony-stats-meta)
[2026-07-22T15:51:09] Generated dashboard -> index_185v2.html (value=$2,248.42, days=47)
[2026-07-22T15:51:09]   Prepended 2026-07-22 row to composer_allocations_185_3yr2.csv
[2026-07-22T15:51:09]   Prepended 2026-07-22 row to Algorithm185History.html ALLOC_DATA
[2026-07-22T15:51:09] --- BLEE A - 186 Part 1 Kei 90% NVDA (g7WBkfIc6UWUWC6NiAdu) ---
[2026-07-22T15:51:09]   Got 10 positions from symphony-stats-meta
[2026-07-22T15:51:09]   RSI override: DISABLED (symphony handles its own rotation)
[2026-07-22T15:51:09]   Saved today's slice to composer_allocations_kei186_2026-07-22.json
[2026-07-22T15:51:09]   Updated stable file: composer_allocations_kei186.json
[2026-07-22T15:51:09]   Wrote 10 rows for 2026-07-22 to composer_allocations_kei186.csv (kept 521 prior rows, source=symphony-stats-meta)
[2026-07-22T15:51:09] Generated dashboard -> index_kei186.html (value=$10,771.96, days=48)
[2026-07-22T15:51:09] --- BLEE - 187 2026 ALL in One For High Interest Period (BNwivIq0tIEyex2D10GM) ---
[2026-07-22T15:51:09]   WARN: symphony-stats-meta returned no positions for BNwivIq0tIEyex2D10GM (check 2026-07-22 JSON to verify the id matches one in the response)
[2026-07-22T15:51:09]   ERROR: no positions found for BNwivIq0tIEyex2D10GM; skipping CSV/HTML for this symphony
[2026-07-22T15:51:09] --- BLEE 186 - 40% Max down 5.8% Fighting for Direction SDOW/TQQQ UDOW/SQQQ (gHJn5DKfpQ6g6VGXHOQO) ---
[2026-07-22T15:51:09]   WARN: symphony-stats-meta returned no positions for gHJn5DKfpQ6g6VGXHOQO (check 2026-07-22 JSON to verify the id matches one in the response)
[2026-07-22T15:51:09]   ERROR: no positions found for gHJn5DKfpQ6g6VGXHOQO; skipping CSV/HTML for this symphony
[2026-07-22T15:51:09] --- BLEE 186 - 65% Max down 12.6% Fighting for Direction Max SDOW/TQQQ UDOW/SQQQ (onbkd6V1mHyOAFsWWSlJ) ---
[2026-07-22T15:51:09]   WARN: symphony-stats-meta returned no positions for onbkd6V1mHyOAFsWWSlJ (check 2026-07-22 JSON to verify the id matches one in the response)
[2026-07-22T15:51:09]   ERROR: no positions found for onbkd6V1mHyOAFsWWSlJ; skipping CSV/HTML for this symphony
[2026-07-22T15:51:10] Published signal_latest.json (3 positions, date=2026-06-10)
[2026-07-22T15:51:10]   Auto-included symphony fDTM4I7WCrXdp6REP33m (BLEE - 187 TQQQ ) -> composer_allocations_auto_fDTM4I7WCrXdp6REP33m.json
[2026-07-22T15:51:10]   Auto-included symphony TfiUABT4dGaX6KDFGfXv (BLEE 187 - Ave 55% MaxDown 10% Fighting for Direction Max like June, July, August SDOW/TQQQ, UDOW/SQQQ) -> composer_allocations_auto_TfiUABT4dGaX6KDFGfXv.json
[2026-07-22T15:51:10]   Auto-included symphony 7GJZdYouz3l3acrmUPOD (BLEE - 186 2026 ALL in One 57% ave-7.8% Max-Down SGOV Bond (Rate high yeild year only over 4%)  (Buy Copy) (Buy Copy) (Buy Copy) (Buy Copy)) -> composer_allocations_auto_7GJZdYouz3l3acrmUPOD.json
[2026-07-22T15:51:10]   Auto-included symphony WFgywuUjhvmhGDXL8Lk7 (BLEE 186 - 40% Max down 5.8% Fighting for direction like June, July, August SDOW/TQQQ, UDOW/SQQQ (Buy Copy)) -> composer_allocations_auto_WFgywuUjhvmhGDXL8Lk7.json
[2026-07-22T15:51:10] Regenerated CurrentWatchSymphony.html (6 symphonies)
[2026-07-22T15:51:10] === Done ===
[2026-07-22T15:51:18] Stamped last-updated (07/22/2026 03:51 PM ET) into index.html
[2026-07-22T15:51:18] Stamped last-updated (07/22/2026 03:51 PM ET) into performance1.html
[2026-07-22T15:51:18] Stamped last-updated (07/22/2026 03:51 PM ET) into Algorithm185History.html
[2026-07-22T15:51:18] --- Pushing updates to GitHub ---
[2026-07-22T15:51:18]   $ git -C "C:\Kei\ComposerInvest" add .
[2026-07-22T15:51:19]   $ git -C "C:\Kei\ComposerInvest" commit -m "daily auto update 2026-07-22"
[2026-07-22T15:51:20]   $ git -C "C:\Kei\ComposerInvest" push
[2026-07-22T15:51:28] GitHub push successful.
[2026-07-22T15:53:02] market_report: === Market report generation started ===
[2026-07-22T15:53:02] market_report: Loaded 21 ETF points from Index_50_point.csv
[2026-07-22T15:53:02] market_report: Loaded 18 ETF allocations from composer_allocations_187hi.json (BLEE - 187 2026 ALL in One For High Interest Period)
[2026-07-22T15:53:07] market_report:   RSI-14 fetched: 50.67 (SPY close=747.76)
[2026-07-22T15:53:07] market_report:   RSI signal: Neutral RSI (10d avg=53.6, adj=+0, new score=+11.06)
[2026-07-22T15:53:07] market_report:   RSI override not triggered: Today RSI 50.7 ≤ 76.0 — override not triggered
[2026-07-22T15:53:07] market_report: Composite score: +11.06 -> Mostly Cloudy
[2026-07-22T15:53:10] market_report:   RSS WSJ: 20 items fetched
[2026-07-22T15:53:11] market_report:   Selected [WSJ] topic=EQUITY: Stocks Sink in Broad AI Rout Sparked by China's DeepSeek
[2026-07-22T15:53:14] market_report:   RSS Yahoo Finance: 48 items fetched
[2026-07-22T15:53:14] market_report:   Selected [Yahoo Finance] topic=OTHER: Popular crypto firm files for Chapter 11 after token collapse
[2026-07-22T15:53:16] market_report:   RSS fetch failed (Barron's): HTTP Error 403: Forbidden
[2026-07-22T15:53:16] market_report:   Barron's: RSS unavailable, using hardcoded fallback
[2026-07-22T15:53:16] market_report:   Selected [Barron's] topic=MACRO: Trade Winds: Tariff Developments Continue to Reshape Global Supply Cha
[2026-07-22T15:53:16] market_report: Fetched 3 news items
[2026-07-22T15:53:16] market_report: Updated marketDailySummary.html with score=+11.06 (Mostly Cloudy)
[2026-07-22T15:53:16] market_report: Stamped last-updated (07/22/2026 03:53 PM ET) into index.html
[2026-07-22T15:53:17] market_report: Stamped last-updated (07/22/2026 03:53 PM ET) into performance1.html
[2026-07-22T15:53:17] market_report: Stamped last-updated (07/22/2026 03:53 PM ET) into Algorithm185History.html
[2026-07-22T15:53:17] market_report: === Market report generation complete ===
[2026-07-23T15:51:00] archive: === Archive started ===
[2026-07-23T15:51:00] archive:   Archived -> marketForecast_2026-07-23.html
[2026-07-23T15:51:00] archive:   Archived -> dailySignal_2026-07-23.html
[2026-07-23T15:51:00] archive:   SKIP (not found): index_186main.html
[2026-07-23T15:51:01] archive:   Archived -> signal185_2026-07-23.html
[2026-07-23T15:51:01] archive:   Archived -> signalKei186_2026-07-23.html
[2026-07-23T15:51:01] archive:   Archived -> signal187hi_2026-07-23.html
[2026-07-23T15:51:01] archive: Rebuilt BackLog/index.html � 64 dates, 124 files
[2026-07-23T15:51:01] archive: === Archive complete ===
[2026-07-23T15:51:01] === Composer daily allocation pull ===
[2026-07-23T15:51:01] Configured symphonies: ['WgHFDD7PsDJYTw3ZCvZx', 'jtQvlI5wINrxpOfxgmgl', 'qjmHJ3IR19kmaAlbgkNj', 'ZGersOlsQFRHg7U2qnSw', 'g7WBkfIc6UWUWC6NiAdu', 'BNwivIq0tIEyex2D10GM', 'gHJn5DKfpQ6g6VGXHOQO', 'onbkd6V1mHyOAFsWWSlJ']
[2026-07-23T15:51:01] No account_uuid in config; discovering via /accounts/list...
[2026-07-23T15:51:03]   account: uuid=b0d61a36-f329-4226-9d82-4494deaee5f5  {"first_deploy_at": "2023-12-29T14:13:04.640912Z", "account_type": "ROTH_IRA", "first_incoming_acats_transfer_at": null, "first_direct_trade_at": null, "direct_tradable_asset_classes": {"buy": [], "sell": []}, "has_queued_deploy": true, "fi
[2026-07-23T15:51:03]   account: uuid=ab37a3ba-4df7-4d20-b239-6ba1b13d159a  {"first_deploy_at": null, "account_type": "TRADITIONAL_IRA", "first_incoming_acats_transfer_at": null, "first_direct_trade_at": null, "direct_tradable_asset_classes": {"buy": [], "sell": []}, "has_queued_deploy": false, "first_deposit_at": 
[2026-07-23T15:51:03]   account: uuid=5faa30f0-1913-43f2-9d0d-63aa6394e07c  {"first_deploy_at": "2023-05-18T19:48:28.886816Z", "account_type": "INDIVIDUAL", "first_incoming_acats_transfer_at": null, "first_direct_trade_at": "2025-07-22T15:01:44.425605Z", "direct_tradable_asset_classes": {"buy": ["EQUITIES"], "sell"
[2026-07-23T15:51:03] Matched account_number 171091982 -> 5faa30f0-1913-43f2-9d0d-63aa6394e07c
[2026-07-23T15:51:03] Matched account_number 4CM05765 -> b0d61a36-f329-4226-9d82-4494deaee5f5
[2026-07-23T15:51:03] Pulling from 2 account(s): ['5faa30f0-1913-43f2-9d0d-63aa6394e07c', 'b0d61a36-f329-4226-9d82-4494deaee5f5']
[2026-07-23T15:51:03] Fetching per-symphony stats from /portfolio/.../symphony-stats-meta...
[2026-07-23T15:51:03] GET /api/v0.1/portfolio/accounts/5faa30f0-1913-43f2-9d0d-63aa6394e07c/symphony-stats-meta
[2026-07-23T15:51:07] GET /api/v0.1/portfolio/accounts/b0d61a36-f329-4226-9d82-4494deaee5f5/symphony-stats-meta
[2026-07-23T15:51:10] Saved merged symphony-stats (7 symphonies) to composer_symphony_stats_2026-07-23.json
[2026-07-23T15:51:10] True Composer account total (all symphonies): $39,086.41
[2026-07-23T15:51:10] --- BLEE - 186 2026 ALL in One 57% Max-Down SGOV Bond (WgHFDD7PsDJYTw3ZCvZx) ---
[2026-07-23T15:51:10]   WARN: symphony-stats-meta returned no positions for WgHFDD7PsDJYTw3ZCvZx (check 2026-07-23 JSON to verify the id matches one in the response)
[2026-07-23T15:51:10]   ERROR: no positions found for WgHFDD7PsDJYTw3ZCvZx; skipping CSV/HTML for this symphony
[2026-07-23T15:51:10] --- BLEE - 186 2026 ALL in One (jtQvlI5wINrxpOfxgmgl) ---
[2026-07-23T15:51:10]   WARN: symphony-stats-meta returned no positions for jtQvlI5wINrxpOfxgmgl (check 2026-07-23 JSON to verify the id matches one in the response)
[2026-07-23T15:51:10]   ERROR: no positions found for jtQvlI5wINrxpOfxgmgl; skipping CSV/HTML for this symphony
[2026-07-23T15:51:10] --- BLEE - 187 2026 SGOV Bond 20% Yield and Min Dual Reversal (qjmHJ3IR19kmaAlbgkNj) ---
[2026-07-23T15:51:10]   WARN: symphony-stats-meta returned no positions for qjmHJ3IR19kmaAlbgkNj (check 2026-07-23 JSON to verify the id matches one in the response)
[2026-07-23T15:51:10]   ERROR: no positions found for qjmHJ3IR19kmaAlbgkNj; skipping CSV/HTML for this symphony
[2026-07-23T15:51:10] --- BLEE - 185 2026 SGOV and Dual Reversal (ZGersOlsQFRHg7U2qnSw) ---
[2026-07-23T15:51:10]   Got 6 positions from symphony-stats-meta
[2026-07-23T15:51:10]   RSI override: DISABLED (symphony handles its own rotation)
[2026-07-23T15:51:10]   Saved today's slice to composer_allocations_185v2_2026-07-23.json
[2026-07-23T15:51:10]   Updated stable file: composer_allocations_185.json
[2026-07-23T15:51:10]   Wrote 6 rows for 2026-07-23 to composer_allocations_185v2.csv (kept 205 prior rows, source=symphony-stats-meta)
[2026-07-23T15:51:11] Generated dashboard -> index_185v2.html (value=$2,228.69, days=48)
[2026-07-23T15:51:11]   Prepended 2026-07-23 row to composer_allocations_185_3yr2.csv
[2026-07-23T15:51:11]   Prepended 2026-07-23 row to Algorithm185History.html ALLOC_DATA
[2026-07-23T15:51:11] --- BLEE A - 186 Part 1 Kei 90% NVDA (g7WBkfIc6UWUWC6NiAdu) ---
[2026-07-23T15:51:11]   Got 10 positions from symphony-stats-meta
[2026-07-23T15:51:11]   RSI override: DISABLED (symphony handles its own rotation)
[2026-07-23T15:51:11]   Saved today's slice to composer_allocations_kei186_2026-07-23.json
[2026-07-23T15:51:11]   Updated stable file: composer_allocations_kei186.json
[2026-07-23T15:51:11]   Wrote 10 rows for 2026-07-23 to composer_allocations_kei186.csv (kept 531 prior rows, source=symphony-stats-meta)
[2026-07-23T15:51:11] Generated dashboard -> index_kei186.html (value=$10,767.63, days=49)
[2026-07-23T15:51:11] --- BLEE - 187 2026 ALL in One For High Interest Period (BNwivIq0tIEyex2D10GM) ---
[2026-07-23T15:51:11]   WARN: symphony-stats-meta returned no positions for BNwivIq0tIEyex2D10GM (check 2026-07-23 JSON to verify the id matches one in the response)
[2026-07-23T15:51:11]   ERROR: no positions found for BNwivIq0tIEyex2D10GM; skipping CSV/HTML for this symphony
[2026-07-23T15:51:11] --- BLEE 186 - 40% Max down 5.8% Fighting for Direction SDOW/TQQQ UDOW/SQQQ (gHJn5DKfpQ6g6VGXHOQO) ---
[2026-07-23T15:51:11]   WARN: symphony-stats-meta returned no positions for gHJn5DKfpQ6g6VGXHOQO (check 2026-07-23 JSON to verify the id matches one in the response)
[2026-07-23T15:51:11]   ERROR: no positions found for gHJn5DKfpQ6g6VGXHOQO; skipping CSV/HTML for this symphony
[2026-07-23T15:51:11] --- BLEE 186 - 65% Max down 12.6% Fighting for Direction Max SDOW/TQQQ UDOW/SQQQ (onbkd6V1mHyOAFsWWSlJ) ---
[2026-07-23T15:51:11]   WARN: symphony-stats-meta returned no positions for onbkd6V1mHyOAFsWWSlJ (check 2026-07-23 JSON to verify the id matches one in the response)
[2026-07-23T15:51:11]   ERROR: no positions found for onbkd6V1mHyOAFsWWSlJ; skipping CSV/HTML for this symphony
[2026-07-23T15:51:11] Published signal_latest.json (3 positions, date=2026-06-10)
[2026-07-23T15:51:11]   Auto-included symphony TfiUABT4dGaX6KDFGfXv (BLEE 187 - Ave 55% MaxDown 10% Fighting for Direction Max like June, July, August SDOW/TQQQ, UDOW/SQQQ) -> composer_allocations_auto_TfiUABT4dGaX6KDFGfXv.json
[2026-07-23T15:51:11]   Auto-included symphony 7GJZdYouz3l3acrmUPOD (BLEE - 186 2026 ALL in One 57% ave-7.8% Max-Down SGOV Bond (Rate high yeild year only over 4%)  (Buy Copy) (Buy Copy) (Buy Copy) (Buy Copy)) -> composer_allocations_auto_7GJZdYouz3l3acrmUPOD.json
[2026-07-23T15:51:11]   Auto-included symphony VCRXiAKRRp26tRpZlSxk (BLEE - 187 2026 SGOV Bond 20% Yield and Min Dual Reversal  (Buy Copy)) -> composer_allocations_auto_VCRXiAKRRp26tRpZlSxk.json
[2026-07-23T15:51:11]   Auto-included symphony WFgywuUjhvmhGDXL8Lk7 (BLEE 186 - 40% Max down 5.8% Fighting for direction like June, July, August SDOW/TQQQ, UDOW/SQQQ (Buy Copy)) -> composer_allocations_auto_WFgywuUjhvmhGDXL8Lk7.json
[2026-07-23T15:51:11] Regenerated CurrentWatchSymphony.html (6 symphonies)
[2026-07-23T15:51:11] === Done ===
[2026-07-23T15:51:20] Stamped last-updated (07/23/2026 03:51 PM ET) into index.html
[2026-07-23T15:51:20] Stamped last-updated (07/23/2026 03:51 PM ET) into performance1.html
[2026-07-23T15:51:20] Stamped last-updated (07/23/2026 03:51 PM ET) into Algorithm185History.html
[2026-07-23T15:51:20] --- Pushing updates to GitHub ---
[2026-07-23T15:51:20]   $ git -C "C:\Kei\ComposerInvest" add .
[2026-07-23T15:51:21]   $ git -C "C:\Kei\ComposerInvest" commit -m "daily auto update 2026-07-23"
[2026-07-23T15:51:21]   $ git -C "C:\Kei\ComposerInvest" push
[2026-07-23T15:51:29] GitHub push successful.
[2026-07-23T15:53:02] market_report: === Market report generation started ===
[2026-07-23T15:53:02] market_report: Loaded 21 ETF points from Index_50_point.csv
[2026-07-23T15:53:02] market_report: Loaded 18 ETF allocations from composer_allocations_187hi.json (BLEE - 187 2026 ALL in One For High Interest Period)
[2026-07-23T15:53:09] market_report:   RSI-14 fetched: 42.25 (SPY close=736.31)
[2026-07-23T15:53:09] market_report:   RSI signal: Neutral RSI (10d avg=52.19, adj=+0, new score=+11.06)
[2026-07-23T15:53:09] market_report:   RSI override not triggered: Today RSI 42.2 ≤ 76.0 — override not triggered
[2026-07-23T15:53:09] market_report: Composite score: +11.06 -> Mostly Cloudy
[2026-07-23T15:53:12] market_report:   RSS WSJ: 20 items fetched
[2026-07-23T15:53:12] market_report:   Selected [WSJ] topic=EQUITY: Stocks Sink in Broad AI Rout Sparked by China's DeepSeek
[2026-07-23T15:53:14] market_report:   RSS Yahoo Finance: 45 items fetched
[2026-07-23T15:53:14] market_report:   Selected [Yahoo Finance] topic=OTHER: The oil spike everyone feared never showed up
[2026-07-23T15:53:17] market_report:   RSS fetch failed (Barron's): HTTP Error 403: Forbidden
[2026-07-23T15:53:17] market_report:   Barron's: RSS unavailable, using hardcoded fallback
[2026-07-23T15:53:17] market_report:   Selected [Barron's] topic=MACRO: Trade Winds: Tariff Developments Continue to Reshape Global Supply Cha
[2026-07-23T15:53:17] market_report: Fetched 3 news items
[2026-07-23T15:53:17] market_report: Updated marketDailySummary.html with score=+11.06 (Mostly Cloudy)
[2026-07-23T15:53:17] market_report: Stamped last-updated (07/23/2026 03:53 PM ET) into index.html
[2026-07-23T15:53:17] market_report: Stamped last-updated (07/23/2026 03:53 PM ET) into performance1.html
[2026-07-23T15:53:17] market_report: Stamped last-updated (07/23/2026 03:53 PM ET) into Algorithm185History.html
[2026-07-23T15:53:17] market_report: === Market report generation complete ===
[2026-07-24T15:51:00] archive: === Archive started ===
[2026-07-24T15:51:00] archive:   Archived -> marketForecast_2026-07-24.html
[2026-07-24T15:51:00] archive:   Archived -> dailySignal_2026-07-24.html
[2026-07-24T15:51:00] archive:   SKIP (not found): index_186main.html
[2026-07-24T15:51:01] archive:   Archived -> signal185_2026-07-24.html
[2026-07-24T15:51:01] archive:   Archived -> signalKei186_2026-07-24.html
[2026-07-24T15:51:01] archive:   Archived -> signal187hi_2026-07-24.html
[2026-07-24T15:51:01] archive: Rebuilt BackLog/index.html � 65 dates, 126 files
[2026-07-24T15:51:01] archive: === Archive complete ===
[2026-07-24T15:51:01] === Composer daily allocation pull ===
[2026-07-24T15:51:01] Configured symphonies: ['WgHFDD7PsDJYTw3ZCvZx', 'jtQvlI5wINrxpOfxgmgl', 'qjmHJ3IR19kmaAlbgkNj', 'ZGersOlsQFRHg7U2qnSw', 'g7WBkfIc6UWUWC6NiAdu', 'BNwivIq0tIEyex2D10GM', 'gHJn5DKfpQ6g6VGXHOQO', 'onbkd6V1mHyOAFsWWSlJ']
[2026-07-24T15:51:01] No account_uuid in config; discovering via /accounts/list...
[2026-07-24T15:51:03]   account: uuid=b0d61a36-f329-4226-9d82-4494deaee5f5  {"first_deploy_at": "2023-12-29T14:13:04.640912Z", "account_type": "ROTH_IRA", "first_incoming_acats_transfer_at": null, "first_direct_trade_at": null, "direct_tradable_asset_classes": {"buy": [], "sell": []}, "has_queued_deploy": false, "f
[2026-07-24T15:51:03]   account: uuid=ab37a3ba-4df7-4d20-b239-6ba1b13d159a  {"first_deploy_at": null, "account_type": "TRADITIONAL_IRA", "first_incoming_acats_transfer_at": null, "first_direct_trade_at": null, "direct_tradable_asset_classes": {"buy": [], "sell": []}, "has_queued_deploy": false, "first_deposit_at": 
[2026-07-24T15:51:03]   account: uuid=5faa30f0-1913-43f2-9d0d-63aa6394e07c  {"first_deploy_at": "2023-05-18T19:48:28.886816Z", "account_type": "INDIVIDUAL", "first_incoming_acats_transfer_at": null, "first_direct_trade_at": "2025-07-22T15:01:44.425605Z", "direct_tradable_asset_classes": {"buy": ["EQUITIES"], "sell"
[2026-07-24T15:51:03] Matched account_number 171091982 -> 5faa30f0-1913-43f2-9d0d-63aa6394e07c
[2026-07-24T15:51:03] Matched account_number 4CM05765 -> b0d61a36-f329-4226-9d82-4494deaee5f5
[2026-07-24T15:51:04] Pulling from 2 account(s): ['5faa30f0-1913-43f2-9d0d-63aa6394e07c', 'b0d61a36-f329-4226-9d82-4494deaee5f5']
[2026-07-24T15:51:04] Fetching per-symphony stats from /portfolio/.../symphony-stats-meta...
[2026-07-24T15:51:04] GET /api/v0.1/portfolio/accounts/5faa30f0-1913-43f2-9d0d-63aa6394e07c/symphony-stats-meta
[2026-07-24T15:51:07] GET /api/v0.1/portfolio/accounts/b0d61a36-f329-4226-9d82-4494deaee5f5/symphony-stats-meta
[2026-07-24T15:51:09] Saved merged symphony-stats (9 symphonies) to composer_symphony_stats_2026-07-24.json
[2026-07-24T15:51:09] True Composer account total (all symphonies): $165,814.44
[2026-07-24T15:51:09] --- BLEE - 186 2026 ALL in One 57% Max-Down SGOV Bond (WgHFDD7PsDJYTw3ZCvZx) ---
[2026-07-24T15:51:09]   WARN: symphony-stats-meta returned no positions for WgHFDD7PsDJYTw3ZCvZx (check 2026-07-24 JSON to verify the id matches one in the response)
[2026-07-24T15:51:09]   ERROR: no positions found for WgHFDD7PsDJYTw3ZCvZx; skipping CSV/HTML for this symphony
[2026-07-24T15:51:09] --- BLEE - 186 2026 ALL in One (jtQvlI5wINrxpOfxgmgl) ---
[2026-07-24T15:51:09]   WARN: symphony-stats-meta returned no positions for jtQvlI5wINrxpOfxgmgl (check 2026-07-24 JSON to verify the id matches one in the response)
[2026-07-24T15:51:09]   ERROR: no positions found for jtQvlI5wINrxpOfxgmgl; skipping CSV/HTML for this symphony
[2026-07-24T15:51:09] --- BLEE - 187 2026 SGOV Bond 20% Yield and Min Dual Reversal (qjmHJ3IR19kmaAlbgkNj) ---
[2026-07-24T15:51:09]   WARN: symphony-stats-meta returned no positions for qjmHJ3IR19kmaAlbgkNj (check 2026-07-24 JSON to verify the id matches one in the response)
[2026-07-24T15:51:09]   ERROR: no positions found for qjmHJ3IR19kmaAlbgkNj; skipping CSV/HTML for this symphony
[2026-07-24T15:51:09] --- BLEE - 185 2026 SGOV and Dual Reversal (ZGersOlsQFRHg7U2qnSw) ---
[2026-07-24T15:51:09]   Got 13 positions from symphony-stats-meta
[2026-07-24T15:51:09]   RSI override: DISABLED (symphony handles its own rotation)
[2026-07-24T15:51:09]   Saved today's slice to composer_allocations_185v2_2026-07-24.json
[2026-07-24T15:51:09]   Updated stable file: composer_allocations_185.json
[2026-07-24T15:51:09]   Wrote 13 rows for 2026-07-24 to composer_allocations_185v2.csv (kept 211 prior rows, source=symphony-stats-meta)
[2026-07-24T15:51:09] Generated dashboard -> index_185v2.html (value=$2,232.49, days=49)
[2026-07-24T15:51:09]   Prepended 2026-07-24 row to composer_allocations_185_3yr2.csv
[2026-07-24T15:51:09]   Prepended 2026-07-24 row to Algorithm185History.html ALLOC_DATA
[2026-07-24T15:51:09] --- BLEE A - 186 Part 1 Kei 90% NVDA (g7WBkfIc6UWUWC6NiAdu) ---
[2026-07-24T15:51:09]   Got 9 positions from symphony-stats-meta
[2026-07-24T15:51:09]   RSI override: DISABLED (symphony handles its own rotation)
[2026-07-24T15:51:10]   Saved today's slice to composer_allocations_kei186_2026-07-24.json
[2026-07-24T15:51:10]   Updated stable file: composer_allocations_kei186.json
[2026-07-24T15:51:10]   Wrote 9 rows for 2026-07-24 to composer_allocations_kei186.csv (kept 541 prior rows, source=symphony-stats-meta)
[2026-07-24T15:51:10] Generated dashboard -> index_kei186.html (value=$10,786.31, days=50)
[2026-07-24T15:51:10] --- BLEE - 187 2026 ALL in One For High Interest Period (BNwivIq0tIEyex2D10GM) ---
[2026-07-24T15:51:10]   WARN: symphony-stats-meta returned no positions for BNwivIq0tIEyex2D10GM (check 2026-07-24 JSON to verify the id matches one in the response)
[2026-07-24T15:51:10]   ERROR: no positions found for BNwivIq0tIEyex2D10GM; skipping CSV/HTML for this symphony
[2026-07-24T15:51:10] --- BLEE 186 - 40% Max down 5.8% Fighting for Direction SDOW/TQQQ UDOW/SQQQ (gHJn5DKfpQ6g6VGXHOQO) ---
[2026-07-24T15:51:10]   WARN: symphony-stats-meta returned no positions for gHJn5DKfpQ6g6VGXHOQO (check 2026-07-24 JSON to verify the id matches one in the response)
[2026-07-24T15:51:10]   ERROR: no positions found for gHJn5DKfpQ6g6VGXHOQO; skipping CSV/HTML for this symphony
[2026-07-24T15:51:10] --- BLEE 186 - 65% Max down 12.6% Fighting for Direction Max SDOW/TQQQ UDOW/SQQQ (onbkd6V1mHyOAFsWWSlJ) ---
[2026-07-24T15:51:10]   WARN: symphony-stats-meta returned no positions for onbkd6V1mHyOAFsWWSlJ (check 2026-07-24 JSON to verify the id matches one in the response)
[2026-07-24T15:51:10]   ERROR: no positions found for onbkd6V1mHyOAFsWWSlJ; skipping CSV/HTML for this symphony
[2026-07-24T15:51:10] Published signal_latest.json (3 positions, date=2026-06-10)
[2026-07-24T15:51:10]   Auto-included symphony TfiUABT4dGaX6KDFGfXv (BLEE 187 - Ave 55% MaxDown 10% Fighting for Direction Max like June, July, August SDOW/TQQQ, UDOW/SQQQ) -> composer_allocations_auto_TfiUABT4dGaX6KDFGfXv.json
[2026-07-24T15:51:10]   Auto-included symphony EiK03jkdPDATPvZqKYvr (BLEE - 186 2026 SGOV Bond 20% Yield more test (Rate high yeild year only over 4%) and Min Dual Reversal  (Buy Copy) (Buy Copy)) -> composer_allocations_auto_EiK03jkdPDATPvZqKYvr.json
[2026-07-24T15:51:10]   Auto-included symphony 7GJZdYouz3l3acrmUPOD (BLEE - 186 2026 ALL in One 57% ave-7.8% Max-Down SGOV Bond (Rate high yeild year only over 4%)  (Buy Copy) (Buy Copy) (Buy Copy) (Buy Copy)) -> composer_allocations_auto_7GJZdYouz3l3acrmUPOD.json
[2026-07-24T15:51:10]   Auto-included symphony EnjmMSrA5joj8IyqcXo5 (BLEE - 185 2026 ALL in One 37% ave-5.5 Max-Down SGOV Bond (Rate high yeild year only over 4%)  (Buy Copy) (Buy Copy) (Buy Copy) (Buy Copy)) -> composer_allocations_auto_EnjmMSrA5joj8IyqcXo5.json
[2026-07-24T15:51:10]   Auto-included symphony VCRXiAKRRp26tRpZlSxk (BLEE - 187 2026 SGOV Bond 20% Yield and Min Dual Reversal  (Buy Copy)) -> composer_allocations_auto_VCRXiAKRRp26tRpZlSxk.json
[2026-07-24T15:51:10]   Auto-included symphony WFgywuUjhvmhGDXL8Lk7 (BLEE 186 - 40% Max down 5.8% Fighting for direction like June, July, August SDOW/TQQQ, UDOW/SQQQ (Buy Copy)) -> composer_allocations_auto_WFgywuUjhvmhGDXL8Lk7.json
[2026-07-24T15:51:10] Regenerated CurrentWatchSymphony.html (8 symphonies)
[2026-07-24T15:51:10] === Done ===
[2026-07-24T15:51:17] Stamped last-updated (07/24/2026 03:51 PM ET) into index.html
[2026-07-24T15:51:17] Stamped last-updated (07/24/2026 03:51 PM ET) into performance1.html
[2026-07-24T15:51:18] Stamped last-updated (07/24/2026 03:51 PM ET) into Algorithm185History.html
[2026-07-24T15:51:18] --- Pushing updates to GitHub ---
[2026-07-24T15:51:18]   $ git -C "C:\Kei\ComposerInvest" add .
[2026-07-24T15:51:18]   $ git -C "C:\Kei\ComposerInvest" commit -m "daily auto update 2026-07-24"
[2026-07-24T15:51:19]   $ git -C "C:\Kei\ComposerInvest" push
[2026-07-24T15:51:27] GitHub push successful.
[2026-07-24T15:53:02] market_report: === Market report generation started ===
[2026-07-24T15:53:02] market_report: Loaded 21 ETF points from Index_50_point.csv
[2026-07-24T15:53:02] market_report: Loaded 18 ETF allocations from composer_allocations_187hi.json (BLEE - 187 2026 ALL in One For High Interest Period)
[2026-07-24T15:53:09] market_report:   RSI-14 fetched: 43.48 (SPY close=738.23)
[2026-07-24T15:53:09] market_report:   RSI signal: Neutral RSI (10d avg=50.64, adj=+0, new score=+11.06)
[2026-07-24T15:53:09] market_report:   RSI override not triggered: Today RSI 43.5 ≤ 76.0 — override not triggered
[2026-07-24T15:53:09] market_report: Composite score: +11.06 -> Mostly Cloudy
[2026-07-24T15:53:12] market_report:   RSS WSJ: 20 items fetched
[2026-07-24T15:53:12] market_report:   Selected [WSJ] topic=EQUITY: Stocks Sink in Broad AI Rout Sparked by China's DeepSeek
[2026-07-24T15:53:15] market_report:   RSS Yahoo Finance: 46 items fetched
[2026-07-24T15:53:15] market_report:   Selected [Yahoo Finance] topic=OTHER: World’s quietest metal just dropped a huge bullish signal
[2026-07-24T15:53:17] market_report:   RSS fetch failed (Barron's): HTTP Error 403: Forbidden
[2026-07-24T15:53:17] market_report:   Barron's: RSS unavailable, using hardcoded fallback
[2026-07-24T15:53:17] market_report:   Selected [Barron's] topic=MACRO: Trade Winds: Tariff Developments Continue to Reshape Global Supply Cha
[2026-07-24T15:53:17] market_report: Fetched 3 news items
[2026-07-24T15:53:17] market_report: Updated marketDailySummary.html with score=+11.06 (Mostly Cloudy)
[2026-07-24T15:53:18] market_report: Stamped last-updated (07/24/2026 03:53 PM ET) into index.html
[2026-07-24T15:53:18] market_report: Stamped last-updated (07/24/2026 03:53 PM ET) into performance1.html
[2026-07-24T15:53:18] market_report: Stamped last-updated (07/24/2026 03:53 PM ET) into Algorithm185History.html
[2026-07-24T15:53:18] market_report: === Market report generation complete ===
[2026-07-25T15:53:03] market_report: === Market report generation started ===
[2026-07-25T15:53:03] market_report: Loaded 21 ETF points from Index_50_point.csv
[2026-07-25T15:53:03] market_report: Loaded 18 ETF allocations from composer_allocations_187hi.json (BLEE - 187 2026 ALL in One For High Interest Period)
[2026-07-25T15:53:24] market_report:   RSI-14 fetched: 44.11 (SPY close=738.93)
[2026-07-25T15:53:24] market_report:   RSI signal: Neutral RSI (10d avg=50.64, adj=+0, new score=+11.06)
[2026-07-25T15:53:24] market_report:   RSI override not triggered: Today RSI 43.5 ≤ 76.0 — override not triggered
[2026-07-25T15:53:24] market_report: Composite score: +11.06 -> Mostly Cloudy
[2026-07-25T15:53:27] market_report:   RSS WSJ: 20 items fetched
[2026-07-25T15:53:27] market_report:   Selected [WSJ] topic=EQUITY: Stocks Sink in Broad AI Rout Sparked by China's DeepSeek
[2026-07-25T15:53:30] market_report:   RSS Yahoo Finance: 42 items fetched
[2026-07-25T15:53:30] market_report:   Selected [Yahoo Finance] topic=OTHER: Outdoor giant now closing 91 stores in Chapter 11 bankruptcy
[2026-07-25T15:53:32] market_report:   RSS fetch failed (Barron's): HTTP Error 403: Forbidden
[2026-07-25T15:53:32] market_report:   Barron's: RSS unavailable, using hardcoded fallback
[2026-07-25T15:53:32] market_report:   Selected [Barron's] topic=MACRO: Trade Winds: Tariff Developments Continue to Reshape Global Supply Cha
[2026-07-25T15:53:32] market_report: Fetched 3 news items
[2026-07-25T15:53:32] market_report: Updated marketDailySummary.html with score=+11.06 (Mostly Cloudy)
[2026-07-25T15:53:32] market_report: Stamped last-updated (07/25/2026 03:53 PM ET) into index.html
[2026-07-25T15:53:32] market_report: Stamped last-updated (07/25/2026 03:53 PM ET) into performance1.html
[2026-07-25T15:53:32] market_report: Stamped last-updated (07/25/2026 03:53 PM ET) into Algorithm185History.html
[2026-07-25T15:53:32] market_report: === Market report generation complete ===
[2026-07-26T15:51:00] archive: === Archive started ===
[2026-07-26T15:51:01] archive:   Archived -> marketForecast_2026-07-26.html
[2026-07-26T15:51:01] archive:   Archived -> dailySignal_2026-07-26.html
[2026-07-26T15:51:01] archive:   SKIP (not found): index_186main.html
[2026-07-26T15:51:01] archive:   Archived -> signal185_2026-07-26.html
[2026-07-26T15:51:01] archive:   Archived -> signalKei186_2026-07-26.html
[2026-07-26T15:51:01] archive:   Archived -> signal187hi_2026-07-26.html
[2026-07-26T15:51:01] archive: Rebuilt BackLog/index.html � 66 dates, 128 files
[2026-07-26T15:51:01] archive: === Archive complete ===
[2026-07-26T15:51:01] === Composer daily allocation pull ===
[2026-07-26T15:51:01] Configured symphonies: ['WgHFDD7PsDJYTw3ZCvZx', 'jtQvlI5wINrxpOfxgmgl', 'qjmHJ3IR19kmaAlbgkNj', 'ZGersOlsQFRHg7U2qnSw', 'g7WBkfIc6UWUWC6NiAdu', 'BNwivIq0tIEyex2D10GM', 'gHJn5DKfpQ6g6VGXHOQO', 'onbkd6V1mHyOAFsWWSlJ']
[2026-07-26T15:51:01] No account_uuid in config; discovering via /accounts/list...
[2026-07-26T15:51:04]   account: uuid=b0d61a36-f329-4226-9d82-4494deaee5f5  {"first_deploy_at": "2023-12-29T14:13:04.640912Z", "account_type": "ROTH_IRA", "first_incoming_acats_transfer_at": null, "first_direct_trade_at": null, "direct_tradable_asset_classes": {"buy": [], "sell": []}, "has_queued_deploy": true, "fi
[2026-07-26T15:51:04]   account: uuid=ab37a3ba-4df7-4d20-b239-6ba1b13d159a  {"first_deploy_at": null, "account_type": "TRADITIONAL_IRA", "first_incoming_acats_transfer_at": null, "first_direct_trade_at": null, "direct_tradable_asset_classes": {"buy": [], "sell": []}, "has_queued_deploy": false, "first_deposit_at": 
[2026-07-26T15:51:04]   account: uuid=5faa30f0-1913-43f2-9d0d-63aa6394e07c  {"first_deploy_at": "2023-05-18T19:48:28.886816Z", "account_type": "INDIVIDUAL", "first_incoming_acats_transfer_at": null, "first_direct_trade_at": "2025-07-22T15:01:44.425605Z", "direct_tradable_asset_classes": {"buy": ["EQUITIES"], "sell"
[2026-07-26T15:51:04] Matched account_number 171091982 -> 5faa30f0-1913-43f2-9d0d-63aa6394e07c
[2026-07-26T15:51:04] Matched account_number 4CM05765 -> b0d61a36-f329-4226-9d82-4494deaee5f5
[2026-07-26T15:51:04] Pulling from 2 account(s): ['5faa30f0-1913-43f2-9d0d-63aa6394e07c', 'b0d61a36-f329-4226-9d82-4494deaee5f5']
[2026-07-26T15:51:04] Fetching per-symphony stats from /portfolio/.../symphony-stats-meta...
[2026-07-26T15:51:04] GET /api/v0.1/portfolio/accounts/5faa30f0-1913-43f2-9d0d-63aa6394e07c/symphony-stats-meta
[2026-07-26T15:51:06] GET /api/v0.1/portfolio/accounts/b0d61a36-f329-4226-9d82-4494deaee5f5/symphony-stats-meta
[2026-07-26T15:51:09] Saved merged symphony-stats (9 symphonies) to composer_symphony_stats_2026-07-26.json
[2026-07-26T15:51:09] True Composer account total (all symphonies): $215,836.92
[2026-07-26T15:51:09] --- BLEE - 186 2026 ALL in One 57% Max-Down SGOV Bond (WgHFDD7PsDJYTw3ZCvZx) ---
[2026-07-26T15:51:09]   WARN: symphony-stats-meta returned no positions for WgHFDD7PsDJYTw3ZCvZx (check 2026-07-26 JSON to verify the id matches one in the response)
[2026-07-26T15:51:09]   ERROR: no positions found for WgHFDD7PsDJYTw3ZCvZx; skipping CSV/HTML for this symphony
[2026-07-26T15:51:09] --- BLEE - 186 2026 ALL in One (jtQvlI5wINrxpOfxgmgl) ---
[2026-07-26T15:51:09]   WARN: symphony-stats-meta returned no positions for jtQvlI5wINrxpOfxgmgl (check 2026-07-26 JSON to verify the id matches one in the response)
[2026-07-26T15:51:09]   ERROR: no positions found for jtQvlI5wINrxpOfxgmgl; skipping CSV/HTML for this symphony
[2026-07-26T15:51:09] --- BLEE - 187 2026 SGOV Bond 20% Yield and Min Dual Reversal (qjmHJ3IR19kmaAlbgkNj) ---
[2026-07-26T15:51:09]   WARN: symphony-stats-meta returned no positions for qjmHJ3IR19kmaAlbgkNj (check 2026-07-26 JSON to verify the id matches one in the response)
[2026-07-26T15:51:09]   ERROR: no positions found for qjmHJ3IR19kmaAlbgkNj; skipping CSV/HTML for this symphony
[2026-07-26T15:51:09] --- BLEE - 185 2026 SGOV and Dual Reversal (ZGersOlsQFRHg7U2qnSw) ---
[2026-07-26T15:51:09]   Got 12 positions from symphony-stats-meta
[2026-07-26T15:51:09]   RSI override: DISABLED (symphony handles its own rotation)
[2026-07-26T15:51:09]   Saved today's slice to composer_allocations_185v2_2026-07-26.json
[2026-07-26T15:51:09]   Updated stable file: composer_allocations_185.json
[2026-07-26T15:51:09]   Wrote 12 rows for 2026-07-26 to composer_allocations_185v2.csv (kept 224 prior rows, source=symphony-stats-meta)
[2026-07-26T15:51:09] Generated dashboard -> index_185v2.html (value=$52,229.29, days=50)
[2026-07-26T15:51:09]   Prepended 2026-07-26 row to composer_allocations_185_3yr2.csv
[2026-07-26T15:51:09]   Prepended 2026-07-26 row to Algorithm185History.html ALLOC_DATA
[2026-07-26T15:51:09] --- BLEE A - 186 Part 1 Kei 90% NVDA (g7WBkfIc6UWUWC6NiAdu) ---
[2026-07-26T15:51:09]   Got 9 positions from symphony-stats-meta
[2026-07-26T15:51:09]   RSI override: DISABLED (symphony handles its own rotation)
[2026-07-26T15:51:09]   Saved today's slice to composer_allocations_kei186_2026-07-26.json
[2026-07-26T15:51:09]   Updated stable file: composer_allocations_kei186.json
[2026-07-26T15:51:10]   Wrote 9 rows for 2026-07-26 to composer_allocations_kei186.csv (kept 550 prior rows, source=symphony-stats-meta)
[2026-07-26T15:51:10] Generated dashboard -> index_kei186.html (value=$10,795.74, days=51)
[2026-07-26T15:51:10] --- BLEE - 187 2026 ALL in One For High Interest Period (BNwivIq0tIEyex2D10GM) ---
[2026-07-26T15:51:10]   WARN: symphony-stats-meta returned no positions for BNwivIq0tIEyex2D10GM (check 2026-07-26 JSON to verify the id matches one in the response)
[2026-07-26T15:51:10]   ERROR: no positions found for BNwivIq0tIEyex2D10GM; skipping CSV/HTML for this symphony
[2026-07-26T15:51:10] --- BLEE 186 - 40% Max down 5.8% Fighting for Direction SDOW/TQQQ UDOW/SQQQ (gHJn5DKfpQ6g6VGXHOQO) ---
[2026-07-26T15:51:10]   WARN: symphony-stats-meta returned no positions for gHJn5DKfpQ6g6VGXHOQO (check 2026-07-26 JSON to verify the id matches one in the response)
[2026-07-26T15:51:10]   ERROR: no positions found for gHJn5DKfpQ6g6VGXHOQO; skipping CSV/HTML for this symphony
[2026-07-26T15:51:10] --- BLEE 186 - 65% Max down 12.6% Fighting for Direction Max SDOW/TQQQ UDOW/SQQQ (onbkd6V1mHyOAFsWWSlJ) ---
[2026-07-26T15:51:10]   WARN: symphony-stats-meta returned no positions for onbkd6V1mHyOAFsWWSlJ (check 2026-07-26 JSON to verify the id matches one in the response)
[2026-07-26T15:51:10]   ERROR: no positions found for onbkd6V1mHyOAFsWWSlJ; skipping CSV/HTML for this symphony
[2026-07-26T15:51:10] Published signal_latest.json (3 positions, date=2026-06-10)
[2026-07-26T15:51:10]   Auto-included symphony TfiUABT4dGaX6KDFGfXv (BLEE 187 - Ave 55% MaxDown 10% Fighting for Direction Max like June, July, August SDOW/TQQQ, UDOW/SQQQ) -> composer_allocations_auto_TfiUABT4dGaX6KDFGfXv.json
[2026-07-26T15:51:10]   Auto-included symphony EiK03jkdPDATPvZqKYvr (BLEE - 186 2026 SGOV Bond 20% Yield more test (Rate high yeild year only over 4%) and Min Dual Reversal  (Buy Copy) (Buy Copy)) -> composer_allocations_auto_EiK03jkdPDATPvZqKYvr.json
[2026-07-26T15:51:10]   Auto-included symphony 7GJZdYouz3l3acrmUPOD (BLEE - 186 2026 ALL in One 57% ave-7.8% Max-Down SGOV Bond (Rate high yeild year only over 4%)  (Buy Copy) (Buy Copy) (Buy Copy) (Buy Copy)) -> composer_allocations_auto_7GJZdYouz3l3acrmUPOD.json
[2026-07-26T15:51:10]   Auto-included symphony EnjmMSrA5joj8IyqcXo5 (BLEE - 185 2026 ALL in One 37% ave-5.5 Max-Down SGOV Bond (Rate high yeild year only over 4%)  (Buy Copy) (Buy Copy) (Buy Copy) (Buy Copy)) -> composer_allocations_auto_EnjmMSrA5joj8IyqcXo5.json
[2026-07-26T15:51:10]   Auto-included symphony VCRXiAKRRp26tRpZlSxk (BLEE - 187 2026 SGOV Bond 20% Yield and Min Dual Reversal  (Buy Copy)) -> composer_allocations_auto_VCRXiAKRRp26tRpZlSxk.json
[2026-07-26T15:51:10]   Auto-included symphony WFgywuUjhvmhGDXL8Lk7 (BLEE 186 - 40% Max down 5.8% Fighting for direction like June, July, August SDOW/TQQQ, UDOW/SQQQ (Buy Copy)) -> composer_allocations_auto_WFgywuUjhvmhGDXL8Lk7.json
[2026-07-26T15:51:10] Regenerated CurrentWatchSymphony.html (8 symphonies)
[2026-07-26T15:51:10] === Done ===
[2026-07-26T15:51:17] Stamped last-updated (07/26/2026 03:51 PM ET) into index.html
[2026-07-26T15:51:18] Stamped last-updated (07/26/2026 03:51 PM ET) into performance1.html
[2026-07-26T15:51:18] Stamped last-updated (07/26/2026 03:51 PM ET) into Algorithm185History.html
[2026-07-26T15:51:18] --- Pushing updates to GitHub ---
[2026-07-26T15:51:18]   $ git -C "C:\Kei\ComposerInvest" add .
[2026-07-26T15:51:19]   $ git -C "C:\Kei\ComposerInvest" commit -m "daily auto update 2026-07-26"
[2026-07-26T15:51:19]   $ git -C "C:\Kei\ComposerInvest" push
[2026-07-26T15:51:27] GitHub push successful.
[2026-07-26T15:53:01] market_report: === Market report generation started ===
[2026-07-26T15:53:01] market_report: Loaded 21 ETF points from Index_50_point.csv
[2026-07-26T15:53:01] market_report: Loaded 18 ETF allocations from composer_allocations_187hi.json (BLEE - 187 2026 ALL in One For High Interest Period)
[2026-07-26T15:53:06] market_report:   RSI-14 fetched: 44.24 (SPY close=738.93)
[2026-07-26T15:53:07] market_report:   RSI signal: Neutral RSI (10d avg=50.64, adj=+0, new score=+11.06)
[2026-07-26T15:53:07] market_report:   RSI override not triggered: Today RSI 43.5 ≤ 76.0 — override not triggered
[2026-07-26T15:53:07] market_report: Composite score: +11.06 -> Mostly Cloudy
[2026-07-26T15:53:09] market_report:   RSS WSJ: 20 items fetched
[2026-07-26T15:53:09] market_report:   Selected [WSJ] topic=EQUITY: Stocks Sink in Broad AI Rout Sparked by China's DeepSeek
[2026-07-26T15:53:11] market_report:   RSS Yahoo Finance: 50 items fetched
[2026-07-26T15:53:11] market_report:   Selected [Yahoo Finance] topic=OTHER: Arizona State launches degree on becoming an influencer — exactly the 
[2026-07-26T15:53:14] market_report:   RSS fetch failed (Barron's): HTTP Error 403: Forbidden
[2026-07-26T15:53:14] market_report:   Barron's: RSS unavailable, using hardcoded fallback
[2026-07-26T15:53:14] market_report:   Selected [Barron's] topic=MACRO: Trade Winds: Tariff Developments Continue to Reshape Global Supply Cha
[2026-07-26T15:53:14] market_report: Fetched 3 news items
[2026-07-26T15:53:14] market_report: Updated marketDailySummary.html with score=+11.06 (Mostly Cloudy)
[2026-07-26T15:53:14] market_report: Stamped last-updated (07/26/2026 03:53 PM ET) into index.html
[2026-07-26T15:53:14] market_report: Stamped last-updated (07/26/2026 03:53 PM ET) into performance1.html
[2026-07-26T15:53:14] market_report: Stamped last-updated (07/26/2026 03:53 PM ET) into Algorithm185History.html
[2026-07-26T15:53:14] market_report: === Market report generation complete ===
[2026-07-27T15:51:00] archive: === Archive started ===
[2026-07-27T15:51:00] archive:   Archived -> marketForecast_2026-07-27.html
[2026-07-27T15:51:01] archive:   Archived -> dailySignal_2026-07-27.html
[2026-07-27T15:51:01] archive:   SKIP (not found): index_186main.html
[2026-07-27T15:51:01] archive:   Archived -> signal185_2026-07-27.html
[2026-07-27T15:51:01] archive:   Archived -> signalKei186_2026-07-27.html
[2026-07-27T15:51:01] archive:   Archived -> signal187hi_2026-07-27.html
[2026-07-27T15:51:01] archive: Rebuilt BackLog/index.html � 67 dates, 130 files
[2026-07-27T15:51:01] archive: === Archive complete ===
[2026-07-27T15:51:01] === Composer daily allocation pull ===
[2026-07-27T15:51:01] Configured symphonies: ['WgHFDD7PsDJYTw3ZCvZx', 'jtQvlI5wINrxpOfxgmgl', 'qjmHJ3IR19kmaAlbgkNj', 'ZGersOlsQFRHg7U2qnSw', 'g7WBkfIc6UWUWC6NiAdu', 'BNwivIq0tIEyex2D10GM', 'gHJn5DKfpQ6g6VGXHOQO', 'onbkd6V1mHyOAFsWWSlJ']
[2026-07-27T15:51:01] No account_uuid in config; discovering via /accounts/list...
[2026-07-27T15:51:03]   account: uuid=b0d61a36-f329-4226-9d82-4494deaee5f5  {"first_deploy_at": "2023-12-29T14:13:04.640912Z", "account_type": "ROTH_IRA", "first_incoming_acats_transfer_at": null, "first_direct_trade_at": null, "direct_tradable_asset_classes": {"buy": [], "sell": []}, "has_queued_deploy": false, "f
[2026-07-27T15:51:03]   account: uuid=ab37a3ba-4df7-4d20-b239-6ba1b13d159a  {"first_deploy_at": null, "account_type": "TRADITIONAL_IRA", "first_incoming_acats_transfer_at": null, "first_direct_trade_at": null, "direct_tradable_asset_classes": {"buy": [], "sell": []}, "has_queued_deploy": false, "first_deposit_at": 
[2026-07-27T15:51:03]   account: uuid=5faa30f0-1913-43f2-9d0d-63aa6394e07c  {"first_deploy_at": "2023-05-18T19:48:28.886816Z", "account_type": "INDIVIDUAL", "first_incoming_acats_transfer_at": null, "first_direct_trade_at": "2025-07-22T15:01:44.425605Z", "direct_tradable_asset_classes": {"buy": ["EQUITIES"], "sell"
[2026-07-27T15:51:03] Matched account_number 171091982 -> 5faa30f0-1913-43f2-9d0d-63aa6394e07c
[2026-07-27T15:51:03] Matched account_number 4CM05765 -> b0d61a36-f329-4226-9d82-4494deaee5f5
[2026-07-27T15:51:03] Pulling from 2 account(s): ['5faa30f0-1913-43f2-9d0d-63aa6394e07c', 'b0d61a36-f329-4226-9d82-4494deaee5f5']
[2026-07-27T15:51:03] Fetching per-symphony stats from /portfolio/.../symphony-stats-meta...
[2026-07-27T15:51:03] GET /api/v0.1/portfolio/accounts/5faa30f0-1913-43f2-9d0d-63aa6394e07c/symphony-stats-meta
[2026-07-27T15:51:06] GET /api/v0.1/portfolio/accounts/b0d61a36-f329-4226-9d82-4494deaee5f5/symphony-stats-meta
[2026-07-27T15:51:08] Saved merged symphony-stats (10 symphonies) to composer_symphony_stats_2026-07-27.json
[2026-07-27T15:51:08] True Composer account total (all symphonies): $191,586.43
[2026-07-27T15:51:08] --- BLEE - 186 2026 ALL in One 57% Max-Down SGOV Bond (WgHFDD7PsDJYTw3ZCvZx) ---
[2026-07-27T15:51:08]   WARN: symphony-stats-meta returned no positions for WgHFDD7PsDJYTw3ZCvZx (check 2026-07-27 JSON to verify the id matches one in the response)
[2026-07-27T15:51:08]   ERROR: no positions found for WgHFDD7PsDJYTw3ZCvZx; skipping CSV/HTML for this symphony
[2026-07-27T15:51:08] --- BLEE - 186 2026 ALL in One (jtQvlI5wINrxpOfxgmgl) ---
[2026-07-27T15:51:08]   WARN: symphony-stats-meta returned no positions for jtQvlI5wINrxpOfxgmgl (check 2026-07-27 JSON to verify the id matches one in the response)
[2026-07-27T15:51:08]   ERROR: no positions found for jtQvlI5wINrxpOfxgmgl; skipping CSV/HTML for this symphony
[2026-07-27T15:51:08] --- BLEE - 187 2026 SGOV Bond 20% Yield and Min Dual Reversal (qjmHJ3IR19kmaAlbgkNj) ---
[2026-07-27T15:51:08]   WARN: symphony-stats-meta returned no positions for qjmHJ3IR19kmaAlbgkNj (check 2026-07-27 JSON to verify the id matches one in the response)
[2026-07-27T15:51:08]   ERROR: no positions found for qjmHJ3IR19kmaAlbgkNj; skipping CSV/HTML for this symphony
[2026-07-27T15:51:08] --- BLEE - 185 2026 SGOV and Dual Reversal (ZGersOlsQFRHg7U2qnSw) ---
[2026-07-27T15:51:08]   Got 14 positions from symphony-stats-meta
[2026-07-27T15:51:08]   RSI override: DISABLED (symphony handles its own rotation)
[2026-07-27T15:51:08]   Saved today's slice to composer_allocations_185v2_2026-07-27.json
[2026-07-27T15:51:08]   Updated stable file: composer_allocations_185.json
[2026-07-27T15:51:08]   Wrote 14 rows for 2026-07-27 to composer_allocations_185v2.csv (kept 236 prior rows, source=symphony-stats-meta)
[2026-07-27T15:51:08] Generated dashboard -> index_185v2.html (value=$52,321.00, days=51)
[2026-07-27T15:51:08]   Prepended 2026-07-27 row to composer_allocations_185_3yr2.csv
[2026-07-27T15:51:09]   Prepended 2026-07-27 row to Algorithm185History.html ALLOC_DATA
[2026-07-27T15:51:09] --- BLEE A - 186 Part 1 Kei 90% NVDA (g7WBkfIc6UWUWC6NiAdu) ---
[2026-07-27T15:51:09]   Got 11 positions from symphony-stats-meta
[2026-07-27T15:51:09]   RSI override: DISABLED (symphony handles its own rotation)
[2026-07-27T15:51:09]   Saved today's slice to composer_allocations_kei186_2026-07-27.json
[2026-07-27T15:51:09]   Updated stable file: composer_allocations_kei186.json
[2026-07-27T15:51:09]   Wrote 11 rows for 2026-07-27 to composer_allocations_kei186.csv (kept 559 prior rows, source=symphony-stats-meta)
[2026-07-27T15:51:09] Generated dashboard -> index_kei186.html (value=$10,830.91, days=52)
[2026-07-27T15:51:09] --- BLEE - 187 2026 ALL in One For High Interest Period (BNwivIq0tIEyex2D10GM) ---
[2026-07-27T15:51:09]   WARN: symphony-stats-meta returned no positions for BNwivIq0tIEyex2D10GM (check 2026-07-27 JSON to verify the id matches one in the response)
[2026-07-27T15:51:09]   ERROR: no positions found for BNwivIq0tIEyex2D10GM; skipping CSV/HTML for this symphony
[2026-07-27T15:51:09] --- BLEE 186 - 40% Max down 5.8% Fighting for Direction SDOW/TQQQ UDOW/SQQQ (gHJn5DKfpQ6g6VGXHOQO) ---
[2026-07-27T15:51:09]   WARN: symphony-stats-meta returned no positions for gHJn5DKfpQ6g6VGXHOQO (check 2026-07-27 JSON to verify the id matches one in the response)
[2026-07-27T15:51:09]   ERROR: no positions found for gHJn5DKfpQ6g6VGXHOQO; skipping CSV/HTML for this symphony
[2026-07-27T15:51:09] --- BLEE 186 - 65% Max down 12.6% Fighting for Direction Max SDOW/TQQQ UDOW/SQQQ (onbkd6V1mHyOAFsWWSlJ) ---
[2026-07-27T15:51:09]   WARN: symphony-stats-meta returned no positions for onbkd6V1mHyOAFsWWSlJ (check 2026-07-27 JSON to verify the id matches one in the response)
[2026-07-27T15:51:09]   ERROR: no positions found for onbkd6V1mHyOAFsWWSlJ; skipping CSV/HTML for this symphony
[2026-07-27T15:51:09] Published signal_latest.json (3 positions, date=2026-06-10)
[2026-07-27T15:51:09]   Auto-included symphony V8AD4AtpgCF1fGscSDgU (BLEE - 187 TQQQ UDOW) -> composer_allocations_auto_V8AD4AtpgCF1fGscSDgU.json
[2026-07-27T15:51:09]   Auto-included symphony fDTM4I7WCrXdp6REP33m (BLEE - 187 TQQQ ) -> composer_allocations_auto_fDTM4I7WCrXdp6REP33m.json
[2026-07-27T15:51:09]   Auto-included symphony TfiUABT4dGaX6KDFGfXv (BLEE 187 - Ave 55% MaxDown 10% Fighting for Direction Max like June, July, August SDOW/TQQQ, UDOW/SQQQ) -> composer_allocations_auto_TfiUABT4dGaX6KDFGfXv.json
[2026-07-27T15:51:09]   Auto-included symphony EiK03jkdPDATPvZqKYvr (BLEE - 186 2026 SGOV Bond 20% Yield more test (Rate high yeild year only over 4%) and Min Dual Reversal  (Buy Copy) (Buy Copy)) -> composer_allocations_auto_EiK03jkdPDATPvZqKYvr.json
[2026-07-27T15:51:09]   Auto-included symphony 7GJZdYouz3l3acrmUPOD (BLEE - 186 2026 ALL in One 57% ave-7.8% Max-Down SGOV Bond (Rate high yeild year only over 4%)  (Buy Copy) (Buy Copy) (Buy Copy) (Buy Copy)) -> composer_allocations_auto_7GJZdYouz3l3acrmUPOD.json
[2026-07-27T15:51:09]   Auto-included symphony EnjmMSrA5joj8IyqcXo5 (BLEE - 185 2026 ALL in One 37% ave-5.5 Max-Down SGOV Bond (Rate high yeild year only over 4%)  (Buy Copy) (Buy Copy) (Buy Copy) (Buy Copy)) -> composer_allocations_auto_EnjmMSrA5joj8IyqcXo5.json
[2026-07-27T15:51:09]   Auto-included symphony VCRXiAKRRp26tRpZlSxk (BLEE - 187 2026 SGOV Bond 20% Yield and Min Dual Reversal  (Buy Copy)) -> composer_allocations_auto_VCRXiAKRRp26tRpZlSxk.json
[2026-07-27T15:51:09]   Auto-included symphony WFgywuUjhvmhGDXL8Lk7 (BLEE 186 - 40% Max down 5.8% Fighting for direction like June, July, August SDOW/TQQQ, UDOW/SQQQ (Buy Copy)) -> composer_allocations_auto_WFgywuUjhvmhGDXL8Lk7.json
[2026-07-27T15:51:09] Regenerated CurrentWatchSymphony.html (10 symphonies)
[2026-07-27T15:51:09] === Done ===
[2026-07-27T15:51:16] Stamped last-updated (07/27/2026 03:51 PM ET) into index.html
[2026-07-27T15:51:17] Stamped last-updated (07/27/2026 03:51 PM ET) into performance1.html
[2026-07-27T15:51:17] Stamped last-updated (07/27/2026 03:51 PM ET) into Algorithm185History.html
[2026-07-27T15:51:17] --- Pushing updates to GitHub ---
[2026-07-27T15:51:17]   $ git -C "C:\Kei\ComposerInvest" add .
[2026-07-27T15:51:17]   $ git -C "C:\Kei\ComposerInvest" commit -m "daily auto update 2026-07-27"
[2026-07-27T15:51:18]   $ git -C "C:\Kei\ComposerInvest" push
[2026-07-27T15:51:26] GitHub push successful.
[2026-07-27T15:53:01] market_report: === Market report generation started ===
[2026-07-27T15:53:01] market_report: Loaded 21 ETF points from Index_50_point.csv
[2026-07-27T15:53:01] market_report: Loaded 18 ETF allocations from composer_allocations_187hi.json (BLEE - 187 2026 ALL in One For High Interest Period)
[2026-07-27T15:53:07] market_report:   RSI-14 fetched: 43.72 (SPY close=738.875)
[2026-07-27T15:53:07] market_report:   RSI signal: Neutral RSI (10d avg=49.67, adj=+0, new score=+11.06)
[2026-07-27T15:53:07] market_report:   RSI override not triggered: Today RSI 43.7 ≤ 76.0 — override not triggered
[2026-07-27T15:53:07] market_report: Composite score: +11.06 -> Mostly Cloudy
[2026-07-27T15:53:10] market_report:   RSS WSJ: 20 items fetched
[2026-07-27T15:53:10] market_report:   Selected [WSJ] topic=EQUITY: Stocks Sink in Broad AI Rout Sparked by China's DeepSeek
[2026-07-27T15:53:12] market_report:   RSS Yahoo Finance: 47 items fetched
[2026-07-27T15:53:12] market_report:   Selected [Yahoo Finance] topic=RISK: After 80 stores close, 63-year-old chain gives Chapter 11 warning
[2026-07-27T15:53:14] market_report:   RSS fetch failed (Barron's): HTTP Error 403: Forbidden
[2026-07-27T15:53:14] market_report:   Barron's: RSS unavailable, using hardcoded fallback
[2026-07-27T15:53:14] market_report:   Selected [Barron's] topic=MACRO: Trade Winds: Tariff Developments Continue to Reshape Global Supply Cha
[2026-07-27T15:53:14] market_report: Fetched 3 news items
[2026-07-27T15:53:14] market_report: Updated marketDailySummary.html with score=+11.06 (Mostly Cloudy)
[2026-07-27T15:53:14] market_report: Stamped last-updated (07/27/2026 03:53 PM ET) into index.html
[2026-07-27T15:53:14] market_report: Stamped last-updated (07/27/2026 03:53 PM ET) into performance1.html
[2026-07-27T15:53:15] market_report: Stamped last-updated (07/27/2026 03:53 PM ET) into Algorithm185History.html
[2026-07-27T15:53:15] market_report: === Market report generation complete ===
[2026-07-28T15:51:00] archive: === Archive started ===
[2026-07-28T15:51:00] archive:   Archived -> marketForecast_2026-07-28.html
[2026-07-28T15:51:01] archive:   Archived -> dailySignal_2026-07-28.html
[2026-07-28T15:51:01] archive:   SKIP (not found): index_186main.html
[2026-07-28T15:51:01] archive:   Archived -> signal185_2026-07-28.html
[2026-07-28T15:51:01] archive:   Archived -> signalKei186_2026-07-28.html
[2026-07-28T15:51:01] archive:   Archived -> signal187hi_2026-07-28.html
[2026-07-28T15:51:01] archive: Rebuilt BackLog/index.html � 68 dates, 132 files
[2026-07-28T15:51:01] archive: === Archive complete ===
[2026-07-28T15:51:01] === Composer daily allocation pull ===
[2026-07-28T15:51:01] Configured symphonies: ['WgHFDD7PsDJYTw3ZCvZx', 'jtQvlI5wINrxpOfxgmgl', 'qjmHJ3IR19kmaAlbgkNj', 'ZGersOlsQFRHg7U2qnSw', 'g7WBkfIc6UWUWC6NiAdu', 'BNwivIq0tIEyex2D10GM', 'gHJn5DKfpQ6g6VGXHOQO', 'onbkd6V1mHyOAFsWWSlJ']
[2026-07-28T15:51:01] No account_uuid in config; discovering via /accounts/list...
[2026-07-28T15:51:03]   account: uuid=b0d61a36-f329-4226-9d82-4494deaee5f5  {"first_deploy_at": "2023-12-29T14:13:04.640912Z", "account_type": "ROTH_IRA", "first_incoming_acats_transfer_at": null, "first_direct_trade_at": null, "direct_tradable_asset_classes": {"buy": [], "sell": []}, "has_queued_deploy": false, "f
[2026-07-28T15:51:03]   account: uuid=ab37a3ba-4df7-4d20-b239-6ba1b13d159a  {"first_deploy_at": null, "account_type": "TRADITIONAL_IRA", "first_incoming_acats_transfer_at": null, "first_direct_trade_at": null, "direct_tradable_asset_classes": {"buy": [], "sell": []}, "has_queued_deploy": false, "first_deposit_at": 
[2026-07-28T15:51:03]   account: uuid=5faa30f0-1913-43f2-9d0d-63aa6394e07c  {"first_deploy_at": "2023-05-18T19:48:28.886816Z", "account_type": "INDIVIDUAL", "first_incoming_acats_transfer_at": null, "first_direct_trade_at": "2025-07-22T15:01:44.425605Z", "direct_tradable_asset_classes": {"buy": ["EQUITIES"], "sell"
[2026-07-28T15:51:03] Matched account_number 171091982 -> 5faa30f0-1913-43f2-9d0d-63aa6394e07c
[2026-07-28T15:51:03] Matched account_number 4CM05765 -> b0d61a36-f329-4226-9d82-4494deaee5f5
[2026-07-28T15:51:03] Pulling from 2 account(s): ['5faa30f0-1913-43f2-9d0d-63aa6394e07c', 'b0d61a36-f329-4226-9d82-4494deaee5f5']
[2026-07-28T15:51:03] Fetching per-symphony stats from /portfolio/.../symphony-stats-meta...
[2026-07-28T15:51:03] GET /api/v0.1/portfolio/accounts/5faa30f0-1913-43f2-9d0d-63aa6394e07c/symphony-stats-meta
[2026-07-28T15:51:06] GET /api/v0.1/portfolio/accounts/b0d61a36-f329-4226-9d82-4494deaee5f5/symphony-stats-meta
[2026-07-28T15:51:08] Saved merged symphony-stats (9 symphonies) to composer_symphony_stats_2026-07-28.json
[2026-07-28T15:51:08] True Composer account total (all symphonies): $237,511.40
[2026-07-28T15:51:08] --- BLEE - 186 2026 ALL in One 57% Max-Down SGOV Bond (WgHFDD7PsDJYTw3ZCvZx) ---
[2026-07-28T15:51:08]   WARN: symphony-stats-meta returned no positions for WgHFDD7PsDJYTw3ZCvZx (check 2026-07-28 JSON to verify the id matches one in the response)
[2026-07-28T15:51:08]   ERROR: no positions found for WgHFDD7PsDJYTw3ZCvZx; skipping CSV/HTML for this symphony
[2026-07-28T15:51:08] --- BLEE - 186 2026 ALL in One (jtQvlI5wINrxpOfxgmgl) ---
[2026-07-28T15:51:08]   WARN: symphony-stats-meta returned no positions for jtQvlI5wINrxpOfxgmgl (check 2026-07-28 JSON to verify the id matches one in the response)
[2026-07-28T15:51:08]   ERROR: no positions found for jtQvlI5wINrxpOfxgmgl; skipping CSV/HTML for this symphony
[2026-07-28T15:51:08] --- BLEE - 187 2026 SGOV Bond 20% Yield and Min Dual Reversal (qjmHJ3IR19kmaAlbgkNj) ---
[2026-07-28T15:51:08]   WARN: symphony-stats-meta returned no positions for qjmHJ3IR19kmaAlbgkNj (check 2026-07-28 JSON to verify the id matches one in the response)
[2026-07-28T15:51:08]   ERROR: no positions found for qjmHJ3IR19kmaAlbgkNj; skipping CSV/HTML for this symphony
[2026-07-28T15:51:08] --- BLEE - 185 2026 SGOV and Dual Reversal (ZGersOlsQFRHg7U2qnSw) ---
[2026-07-28T15:51:08]   Got 13 positions from symphony-stats-meta
[2026-07-28T15:51:08]   RSI override: DISABLED (symphony handles its own rotation)
[2026-07-28T15:51:08]   Saved today's slice to composer_allocations_185v2_2026-07-28.json
[2026-07-28T15:51:08]   Updated stable file: composer_allocations_185.json
[2026-07-28T15:51:08]   Wrote 13 rows for 2026-07-28 to composer_allocations_185v2.csv (kept 250 prior rows, source=symphony-stats-meta)
[2026-07-28T15:51:08] Generated dashboard -> index_185v2.html (value=$3,936.55, days=52)
[2026-07-28T15:51:08]   Prepended 2026-07-28 row to composer_allocations_185_3yr2.csv
[2026-07-28T15:51:09]   Prepended 2026-07-28 row to Algorithm185History.html ALLOC_DATA
[2026-07-28T15:51:09] --- BLEE A - 186 Part 1 Kei 90% NVDA (g7WBkfIc6UWUWC6NiAdu) ---
[2026-07-28T15:51:09]   Got 12 positions from symphony-stats-meta
[2026-07-28T15:51:09]   RSI override: DISABLED (symphony handles its own rotation)
[2026-07-28T15:51:09]   Saved today's slice to composer_allocations_kei186_2026-07-28.json
[2026-07-28T15:51:09]   Updated stable file: composer_allocations_kei186.json
[2026-07-28T15:51:09]   Wrote 12 rows for 2026-07-28 to composer_allocations_kei186.csv (kept 570 prior rows, source=symphony-stats-meta)
[2026-07-28T15:51:09] Generated dashboard -> index_kei186.html (value=$9,459.63, days=53)
[2026-07-28T15:51:09] --- BLEE - 187 2026 ALL in One For High Interest Period (BNwivIq0tIEyex2D10GM) ---
[2026-07-28T15:51:09]   WARN: symphony-stats-meta returned no positions for BNwivIq0tIEyex2D10GM (check 2026-07-28 JSON to verify the id matches one in the response)
[2026-07-28T15:51:09]   ERROR: no positions found for BNwivIq0tIEyex2D10GM; skipping CSV/HTML for this symphony
[2026-07-28T15:51:09] --- BLEE 186 - 40% Max down 5.8% Fighting for Direction SDOW/TQQQ UDOW/SQQQ (gHJn5DKfpQ6g6VGXHOQO) ---
[2026-07-28T15:51:09]   WARN: symphony-stats-meta returned no positions for gHJn5DKfpQ6g6VGXHOQO (check 2026-07-28 JSON to verify the id matches one in the response)
[2026-07-28T15:51:09]   ERROR: no positions found for gHJn5DKfpQ6g6VGXHOQO; skipping CSV/HTML for this symphony
[2026-07-28T15:51:09] --- BLEE 186 - 65% Max down 12.6% Fighting for Direction Max SDOW/TQQQ UDOW/SQQQ (onbkd6V1mHyOAFsWWSlJ) ---
[2026-07-28T15:51:09]   WARN: symphony-stats-meta returned no positions for onbkd6V1mHyOAFsWWSlJ (check 2026-07-28 JSON to verify the id matches one in the response)
[2026-07-28T15:51:09]   ERROR: no positions found for onbkd6V1mHyOAFsWWSlJ; skipping CSV/HTML for this symphony
[2026-07-28T15:51:09] Published signal_latest.json (3 positions, date=2026-06-10)
[2026-07-28T15:51:09]   Auto-included symphony R2IxeZ9hKwafWLepKV3Y (BLEE A - 188 - NVDA double w/SGOV 56% - 8.3% maxdown -Top 1 QID slide Mini Drop Year Round ) -> composer_allocations_auto_R2IxeZ9hKwafWLepKV3Y.json
[2026-07-28T15:51:09]   Auto-included symphony TfiUABT4dGaX6KDFGfXv (BLEE 187 - Ave 55% MaxDown 10% Fighting for Direction Max like June, July, August SDOW/TQQQ, UDOW/SQQQ) -> composer_allocations_auto_TfiUABT4dGaX6KDFGfXv.json
[2026-07-28T15:51:09]   Auto-included symphony EiK03jkdPDATPvZqKYvr (BLEE - 186 2026 SGOV Bond 20% Yield Rate high yeild and Min Dual Reversal ) -> composer_allocations_auto_EiK03jkdPDATPvZqKYvr.json
[2026-07-28T15:51:09]   Auto-included symphony 7GJZdYouz3l3acrmUPOD (BLEE - 186 2026 ALL in One 57% ave-7.8% Max-Down SGOV Bond (Rate high yeild year only over 4%)  (Buy Copy) (Buy Copy) (Buy Copy) (Buy Copy)) -> composer_allocations_auto_7GJZdYouz3l3acrmUPOD.json
[2026-07-28T15:51:09]   Auto-included symphony VCRXiAKRRp26tRpZlSxk (BLEE - 187 2026 SGOV Bond 20% Yield and Min Dual Reversal  (Buy Copy)) -> composer_allocations_auto_VCRXiAKRRp26tRpZlSxk.json
[2026-07-28T15:51:09]   Auto-included symphony WFgywuUjhvmhGDXL8Lk7 (BLEE 186 - 40% Max down 5.8% Fighting for direction like June, July, August SDOW/TQQQ, UDOW/SQQQ (Buy Copy)) -> composer_allocations_auto_WFgywuUjhvmhGDXL8Lk7.json
[2026-07-28T15:51:09]   Auto-included symphony GMNP4EySQOi6pVw3ZzLb (BLEE 187 - Mighty Roth 46.6% - Maxdown 7.1% Fighting for Direction June, July, August SDOW/TQQQ, UDOW/SQQQ 5% GOLD) -> composer_allocations_auto_GMNP4EySQOi6pVw3ZzLb.json
[2026-07-28T15:51:09] Regenerated CurrentWatchSymphony.html (9 symphonies)
[2026-07-28T15:51:09] === Done ===
[2026-07-28T15:51:17] Stamped last-updated (07/28/2026 03:51 PM ET) into index.html
[2026-07-28T15:51:17] Stamped last-updated (07/28/2026 03:51 PM ET) into performance1.html
[2026-07-28T15:51:17] Stamped last-updated (07/28/2026 03:51 PM ET) into Algorithm185History.html
[2026-07-28T15:51:17] --- Pushing updates to GitHub ---
[2026-07-28T15:51:17]   $ git -C "C:\Kei\ComposerInvest" add .
